antecedents,consequents,antecedent support,consequent support,support,confidence,lift,representativity,leverage,conviction,zhangs_metric,jaccard,certainty,kulczynski
"frozenset({'Presales Category=Solution Architecture', 'Question Type=Architecture', 'Knowledge Gap=Public Documentation | Architecture Blueprint | Methodology | SME'})",frozenset({'Question Complexity=High'}),0.24555555555555555,0.7666666666666667,0.16666666666666666,0.6787330316742081,0.8853039543576626,1.0,-0.021592592592592608,0.7262910798122062,-0.1465560583207643,0.19710906701708272,-0.37685843568196575,0.44806216801101706
"frozenset({'Presales Category=Solution Architecture', 'Question Type=Architecture', 'Question Complexity=High'})",frozenset({'Knowledge Gap=Public Documentation | Architecture Blueprint | Methodology | SME'}),0.20333333333333334,0.45666666666666667,0.16666666666666666,0.8196721311475409,1.794902476965418,1.0,0.0738111111111111,3.0130303030303014,0.5558995815899581,0.3378378378378378,0.6681082168359649,0.5923178173985879
"frozenset({'Presales Category=Solution Architecture', 'Knowledge Gap=Public Documentation | Architecture Blueprint | Methodology | SME', 'Question Complexity=High'})",frozenset({'Question Type=Architecture'}),0.21222222222222223,0.3522222222222222,0.16666666666666666,0.7853403141361256,2.229672816159347,1.0,0.09191728395061727,3.017696476964769,0.7000752233192288,0.4189944134078212,0.668621411187844,0.6292632170049713
"frozenset({'Question Type=Architecture', 'Knowledge Gap=Public Documentation | Architecture Blueprint | Methodology | SME', 'Question Complexity=High'})",frozenset({'Presales Category=Solution Architecture'}),0.18444444444444444,0.4588888888888889,0.16666666666666666,0.9036144578313253,1.9691356223927186,1.0,0.08202716049382715,5.614027777777779,0.6034695731153497,0.34965034965034963,0.8218747680661043,0.6334052918696578
"frozenset({'Presales Category=Solution Architecture', 'Question Type=Architecture'})","frozenset({'Knowledge Gap=Public Documentation | Architecture Blueprint | Methodology | SME', 'Question Complexity=High'})",0.3111111111111111,0.33,0.16666666666666666,0.5357142857142857,1.6233766233766234,1.0,0.06399999999999999,1.443076923076923,0.5574193548387095,0.3512880562060889,0.30703624733475476,0.5203823953823954
"frozenset({'Presales Category=Solution Architecture', 'Knowledge Gap=Public Documentation | Architecture Blueprint | Methodology | SME'})","frozenset({'Question Type=Architecture', 'Question Complexity=High'})",0.31,0.22444444444444445,0.16666666666666666,0.5376344086021505,2.395400830405621,1.0,0.09708888888888888,1.6773643410852712,0.8442512077294686,0.4531722054380663,0.40382660134947773,0.6401043330139465
"frozenset({'Presales Category=Solution Architecture', 'Question Complexity=High'})","frozenset({'Question Type=Architecture', 'Knowledge Gap=Public Documentation | Architecture Blueprint | Methodology | SME'})",0.3055555555555556,0.2811111111111111,0.16666666666666666,0.5454545454545454,1.9403521379805966,1.0,0.0807716049382716,1.5815555555555554,0.6978666666666666,0.39682539682539675,0.3677111142335253,0.5691699604743083
"frozenset({'Question Type=Architecture', 'Knowledge Gap=Public Documentation | Architecture Blueprint | Methodology | SME'})","frozenset({'Presales Category=Solution Architecture', 'Question Complexity=High'})",0.2811111111111111,0.3055555555555556,0.16666666666666666,0.5928853754940712,1.9403521379805964,1.0,0.0807716049382716,1.7057713052858685,0.674137042761463,0.39682539682539675,0.41375494071146246,0.5691699604743083
"frozenset({'Question Type=Architecture', 'Question Complexity=High'})","frozenset({'Presales Category=Solution Architecture', 'Knowledge Gap=Public Documentation | Architecture Blueprint | Methodology | SME'})",0.22444444444444445,0.31,0.16666666666666666,0.7425742574257426,2.395400830405621,1.0,0.09708888888888888,2.680384615384615,0.7511174785100286,0.4531722054380663,0.6269192136604965,0.6401043330139465
"frozenset({'Knowledge Gap=Public Documentation | Architecture Blueprint | Methodology | SME', 'Question Complexity=High'})","frozenset({'Presales Category=Solution Architecture', 'Question Type=Architecture'})",0.33,0.3111111111111111,0.16666666666666666,0.505050505050505,1.6233766233766231,1.0,0.06399999999999999,1.3918367346938774,0.5731343283582089,0.3512880562060889,0.28152492668621687,0.5203823953823954
frozenset({'Presales Category=Solution Architecture'}),"frozenset({'Question Type=Architecture', 'Knowledge Gap=Public Documentation | Architecture Blueprint | Methodology | SME', 'Question Complexity=High'})",0.4588888888888889,0.18444444444444444,0.16666666666666666,0.3631961259079903,1.9691356223927183,1.0,0.08202716049382715,1.2807013096746938,0.9095414099931554,0.34965034965034963,0.21917781105884365,0.6334052918696578
frozenset({'Question Type=Architecture'}),"frozenset({'Presales Category=Solution Architecture', 'Knowledge Gap=Public Documentation | Architecture Blueprint | Methodology | SME', 'Question Complexity=High'})",0.3522222222222222,0.21222222222222223,0.16666666666666666,0.47318611987381703,2.229672816159347,1.0,0.09191728395061727,1.495362608117099,0.8513779302458547,0.4189944134078212,0.33126587854222184,0.6292632170049713
frozenset({'Knowledge Gap=Public Documentation | Architecture Blueprint | Methodology | SME'}),"frozenset({'Presales Category=Solution Architecture', 'Question Type=Architecture', 'Question Complexity=High'})",0.45666666666666667,0.20333333333333334,0.16666666666666666,0.36496350364963503,1.7949024769654183,1.0,0.0738111111111111,1.254521072796935,0.8150920245398773,0.3378378378378378,0.20288305897443729,0.5923178173985879
frozenset({'Question Complexity=High'}),"frozenset({'Presales Category=Solution Architecture', 'Question Type=Architecture', 'Knowledge Gap=Public Documentation | Architecture Blueprint | Methodology | SME'})",0.7666666666666667,0.24555555555555555,0.16666666666666666,0.21739130434782605,0.8853039543576626,1.0,-0.021592592592592608,0.9640123456790124,-0.35701163502755684,0.19710906701708272,-0.03733111353012747,0.44806216801101706
"frozenset({'Presales Category=Solution Architecture', 'Knowledge Gap=Public Documentation | Architecture Blueprint | Methodology | SME', 'Business Capability=Risk, compliance and identity control'})",frozenset({'Question Complexity=High'}),0.12666666666666668,0.7666666666666667,0.12666666666666668,1.0,1.3043478260869565,1.0,0.029555555555555557,inf,0.26717557251908397,0.16521739130434782,1.0,0.5826086956521739
"frozenset({'Presales Category=Solution Architecture', 'Question Complexity=High', 'Business Capability=Risk, compliance and identity control'})",frozenset({'Knowledge Gap=Public Documentation | Architecture Blueprint | Methodology | SME'}),0.18444444444444444,0.45666666666666667,0.12666666666666668,0.6867469879518073,1.503825521062352,1.0,0.04243703703703705,1.7344871794871801,0.41079879535350644,0.24622030237581,0.4234607140217313,0.48205962536276503
"frozenset({'Presales Category=Solution Architecture', 'Knowledge Gap=Public Documentation | Architecture Blueprint | Methodology | SME', 'Question Complexity=High'})","frozenset({'Business Capability=Risk, compliance and identity control'})",0.21222222222222223,0.4166666666666667,0.12666666666666668,0.5968586387434556,1.4324607329842933,1.0,0.03824074074074074,1.446969696969697,0.3832306436047806,0.252212389380531,0.3089005235602096,0.4504293193717278
"frozenset({'Question Complexity=High', 'Knowledge Gap=Public Documentation | Architecture Blueprint | Methodology | SME', 'Business Capability=Risk, compliance and identity control'})",frozenset({'Presales Category=Solution Architecture'}),0.1711111111111111,0.4588888888888889,0.12666666666666668,0.7402597402597404,1.6131568189679573,1.0,0.04814567901234569,2.083277777777779,0.45856262640515505,0.2516556291390729,0.5199871996586578,0.5081443979749065
"frozenset({'Presales Category=Solution Architecture', 'Business Capability=Risk, compliance and identity control'})","frozenset({'Knowledge Gap=Public Documentation | Architecture Blueprint | Methodology | SME', 'Question Complexity=High'})",0.18444444444444444,0.33,0.12666666666666668,0.6867469879518073,2.0810514786418404,1.0,0.06580000000000001,2.1388461538461545,0.6369568335006454,0.32664756446991405,0.5324581909728467,0.5352926858950956
"frozenset({'Presales Category=Solution Architecture', 'Knowledge Gap=Public Documentation | Architecture Blueprint | Methodology | SME'})","frozenset({'Question Complexity=High', 'Business Capability=Risk, compliance and identity control'})",0.31,0.4166666666666667,0.12666666666666668,0.40860215053763443,0.9806451612903226,1.0,-0.0025000000000000022,0.9863636363636363,-0.02780867630700781,0.21111111111111114,-0.013824884792626717,0.3563010752688172
"frozenset({'Presales Category=Solution Architecture', 'Question Complexity=High'})","frozenset({'Knowledge Gap=Public Documentation | Architecture Blueprint | Methodology | SME', 'Business Capability=Risk, compliance and identity control'})",0.3055555555555556,0.1711111111111111,0.12666666666666668,0.41454545454545455,2.4226682408500593,1.0,0.07438271604938274,1.4158040027605245,0.8456140350877195,0.36190476190476195,0.29368754569826955,0.5774025974025975
"frozenset({'Knowledge Gap=Public Documentation | Architecture Blueprint | Methodology | SME', 'Business Capability=Risk, compliance and identity control'})","frozenset({'Presales Category=Solution Architecture', 'Question Complexity=High'})",0.1711111111111111,0.3055555555555556,0.12666666666666668,0.7402597402597404,2.4226682408500593,1.0,0.07438271604938274,2.6736111111111125,0.7084567988335452,0.36190476190476195,0.6259740259740262,0.5774025974025975
"frozenset({'Question Complexity=High', 'Business Capability=Risk, compliance and identity control'})","frozenset({'Presales Category=Solution Architecture', 'Knowledge Gap=Public Documentation | Architecture Blueprint | Methodology | SME'})",0.4166666666666667,0.31,0.12666666666666668,0.304,0.9806451612903225,1.0,-0.0025000000000000022,0.9913793103448276,-0.03272727272727276,0.21111111111111114,-0.008695652173913052,0.3563010752688172
"frozenset({'Knowledge Gap=Public Documentation | Architecture Blueprint | Methodology | SME', 'Question Complexity=High'})","frozenset({'Presales Category=Solution Architecture', 'Business Capability=Risk, compliance and identity control'})",0.33,0.18444444444444444,0.12666666666666668,0.38383838383838387,2.0810514786418404,1.0,0.06580000000000001,1.3236065573770492,0.7753338570306365,0.32664756446991405,0.2444884815457023,0.5352926858950956
frozenset({'Presales Category=Solution Architecture'}),"frozenset({'Question Complexity=High', 'Knowledge Gap=Public Documentation | Architecture Blueprint | Methodology | SME', 'Business Capability=Risk, compliance and identity control'})",0.4588888888888889,0.1711111111111111,0.12666666666666668,0.27602905569007263,1.613156818967957,1.0,0.04814567901234569,1.1449201040505388,0.7024388486616954,0.2516556291390729,0.1265766087413745,0.5081443979749065
"frozenset({'Business Capability=Risk, compliance and identity control'})","frozenset({'Presales Category=Solution Architecture', 'Knowledge Gap=Public Documentation | Architecture Blueprint | Methodology | SME', 'Question Complexity=High'})",0.4166666666666667,0.21222222222222223,0.12666666666666668,0.304,1.432460732984293,1.0,0.03824074074074074,1.1318646232439338,0.5175438596491229,0.252212389380531,0.11650211565585329,0.4504293193717278
frozenset({'Knowledge Gap=Public Documentation | Architecture Blueprint | Methodology | SME'}),"frozenset({'Presales Category=Solution Architecture', 'Question Complexity=High', 'Business Capability=Risk, compliance and identity control'})",0.45666666666666667,0.18444444444444444,0.12666666666666668,0.2773722627737227,1.503825521062352,1.0,0.04243703703703705,1.1285970819304154,0.6166182326983103,0.24622030237581,0.11394419141192154,0.48205962536276503
frozenset({'Question Complexity=High'}),"frozenset({'Presales Category=Solution Architecture', 'Knowledge Gap=Public Documentation | Architecture Blueprint | Methodology | SME', 'Business Capability=Risk, compliance and identity control'})",0.7666666666666667,0.12666666666666668,0.12666666666666668,0.16521739130434782,1.3043478260869563,1.0,0.029555555555555557,1.0461805555555554,1.0000000000000002,0.16521739130434782,0.044142051111848636,0.5826086956521739
"frozenset({'Presales Category=Security & Compliance', 'Knowledge Gap=Public Documentation | Governance Framework | Risk Register | SME', 'Business Capability=Risk, compliance and identity control'})",frozenset({'Question Complexity=High'}),0.11888888888888889,0.7666666666666667,0.11888888888888889,1.0,1.3043478260869565,1.0,0.027740740740740732,inf,0.2648171500630516,0.15507246376811593,1.0,0.577536231884058
"frozenset({'Question Complexity=High', 'Presales Category=Security & Compliance', 'Business Capability=Risk, compliance and identity control'})",frozenset({'Knowledge Gap=Public Documentation | Governance Framework | Risk Register | SME'}),0.1922222222222222,0.2111111111111111,0.11888888888888889,0.6184971098265897,2.9297231518101614,1.0,0.07830864197530865,2.0678451178451183,0.8154109192816466,0.41796875,0.5164047871041277,0.5908275022817159
"frozenset({'Question Complexity=High', 'Knowledge Gap=Public Documentation | Governance Framework | Risk Register | SME', 'Business Capability=Risk, compliance and identity control'})",frozenset({'Presales Category=Security & Compliance'}),0.12111111111111111,0.24666666666666667,0.11888888888888889,0.981651376146789,3.979667741135631,1.0,0.08901481481481481,41.056666666666665,0.8518969245129199,0.47767857142857145,0.9756434196638792,0.7318166790643855
"frozenset({'Presales Category=Security & Compliance', 'Knowledge Gap=Public Documentation | Governance Framework | Risk Register | SME', 'Question Complexity=High'})","frozenset({'Business Capability=Risk, compliance and identity control'})",0.15555555555555556,0.4166666666666667,0.11888888888888889,0.7642857142857142,1.834285714285714,1.0,0.054074074074074066,2.474747474747474,0.5386128873585833,0.2622549019607843,0.5959183673469387,0.5248095238095238
"frozenset({'Presales Category=Security & Compliance', 'Business Capability=Risk, compliance and identity control'})","frozenset({'Knowledge Gap=Public Documentation | Governance Framework | Risk Register | SME', 'Question Complexity=High'})",0.1922222222222222,0.20222222222222222,0.11888888888888889,0.6184971098265897,3.058502191450169,1.0,0.08001728395061729,2.0911447811447816,0.8332026379051023,0.4314516129032258,0.5217930346015748,0.6032045988693389
"frozenset({'Knowledge Gap=Public Documentation | Governance Framework | Risk Register | SME', 'Business Capability=Risk, compliance and identity control'})","frozenset({'Presales Category=Security & Compliance', 'Question Complexity=High'})",0.12111111111111111,0.24666666666666667,0.11888888888888889,0.981651376146789,3.979667741135631,1.0,0.08901481481481481,41.056666666666665,0.8518969245129199,0.47767857142857145,0.9756434196638792,0.7318166790643855
"frozenset({'Question Complexity=High', 'Business Capability=Risk, compliance and identity control'})","frozenset({'Presales Category=Security & Compliance', 'Knowledge Gap=Public Documentation | Governance Framework | Risk Register | SME'})",0.4166666666666667,0.15555555555555556,0.11888888888888889,0.2853333333333333,1.8342857142857143,1.0,0.054074074074074066,1.181592039800995,0.7797062750333777,0.2622549019607843,0.15368421052631578,0.5248095238095238
"frozenset({'Presales Category=Security & Compliance', 'Knowledge Gap=Public Documentation | Governance Framework | Risk Register | SME'})","frozenset({'Question Complexity=High', 'Business Capability=Risk, compliance and identity control'})",0.15555555555555556,0.4166666666666667,0.11888888888888889,0.7642857142857142,1.834285714285714,1.0,0.054074074074074066,2.474747474747474,0.5386128873585833,0.2622549019607843,0.5959183673469387,0.5248095238095238
"frozenset({'Presales Category=Security & Compliance', 'Question Complexity=High'})","frozenset({'Knowledge Gap=Public Documentation | Governance Framework | Risk Register | SME', 'Business Capability=Risk, compliance and identity control'})",0.24666666666666667,0.12111111111111111,0.11888888888888889,0.481981981981982,3.979667741135631,1.0,0.08901481481481481,1.6966376811594202,0.9938797452650733,0.47767857142857145,0.41059896812109203,0.7318166790643855
"frozenset({'Knowledge Gap=Public Documentation | Governance Framework | Risk Register | SME', 'Question Complexity=High'})","frozenset({'Presales Category=Security & Compliance', 'Business Capability=Risk, compliance and identity control'})",0.20222222222222222,0.1922222222222222,0.11888888888888889,0.5879120879120879,3.0585021914501684,1.0,0.08001728395061729,1.9602074074074076,0.8436466821128263,0.4314516129032258,0.4898499025046481,0.6032045988693389
"frozenset({'Business Capability=Risk, compliance and identity control'})","frozenset({'Presales Category=Security & Compliance', 'Knowledge Gap=Public Documentation | Governance Framework | Risk Register | SME', 'Question Complexity=High'})",0.4166666666666667,0.15555555555555556,0.11888888888888889,0.2853333333333333,1.8342857142857143,1.0,0.054074074074074066,1.181592039800995,0.7797062750333777,0.2622549019607843,0.15368421052631578,0.5248095238095238
frozenset({'Presales Category=Security & Compliance'}),"frozenset({'Question Complexity=High', 'Knowledge Gap=Public Documentation | Governance Framework | Risk Register | SME', 'Business Capability=Risk, compliance and identity control'})",0.24666666666666667,0.12111111111111111,0.11888888888888889,0.481981981981982,3.979667741135631,1.0,0.08901481481481481,1.6966376811594202,0.9938797452650733,0.47767857142857145,0.41059896812109203,0.7318166790643855
frozenset({'Knowledge Gap=Public Documentation | Governance Framework | Risk Register | SME'}),"frozenset({'Question Complexity=High', 'Presales Category=Security & Compliance', 'Business Capability=Risk, compliance and identity control'})",0.2111111111111111,0.1922222222222222,0.11888888888888889,0.5631578947368421,2.9297231518101614,1.0,0.07830864197530865,1.8491298527443105,0.8349348427010663,0.41796875,0.4592050966480851,0.5908275022817159
frozenset({'Question Complexity=High'}),"frozenset({'Presales Category=Security & Compliance', 'Knowledge Gap=Public Documentation | Governance Framework | Risk Register | SME', 'Business Capability=Risk, compliance and identity control'})",0.7666666666666667,0.11888888888888889,0.11888888888888889,0.15507246376811593,1.3043478260869563,1.0,0.027740740740740732,1.042824471126358,0.9999999999999999,0.15507246376811593,0.04106584790832829,0.577536231884058
"frozenset({'Presales Category=Solution Architecture', 'Question Type=Architecture', 'Business Capability=Risk, compliance and identity control'})",frozenset({'Question Complexity=High'}),0.11777777777777777,0.7666666666666667,0.11777777777777777,1.0,1.3043478260869565,1.0,0.027481481481481468,inf,0.2644836272040301,0.15362318840579708,1.0,0.5768115942028985
"frozenset({'Presales Category=Solution Architecture', 'Question Type=Architecture', 'Question Complexity=High'})","frozenset({'Business Capability=Risk, compliance and identity control'})",0.20333333333333334,0.4166666666666667,0.11777777777777777,0.5792349726775956,1.3901639344262293,1.0,0.033055555555555546,1.386363636363636,0.3522933607010341,0.23451327433628316,0.2786885245901639,0.4309508196721311
"frozenset({'Presales Category=Solution Architecture', 'Question Complexity=High', 'Business Capability=Risk, compliance and identity control'})",frozenset({'Question Type=Architecture'}),0.18444444444444444,0.3522222222222222,0.11777777777777777,0.6385542168674698,1.8129299532514918,1.0,0.05281234567901234,1.7921851851851849,0.5498174901033366,0.28116710875331563,0.44202194713674586,0.4864695374558169
"frozenset({'Question Type=Architecture', 'Question Complexity=High', 'Business Capability=Risk, compliance and identity control'})",frozenset({'Presales Category=Solution Architecture'}),0.1288888888888889,0.4588888888888889,0.11777777777777777,0.9137931034482758,1.9913166903231192,1.0,0.05863209876543209,6.276888888888884,0.5714767038891028,0.2505910165484634,0.8406854067832612,0.5852258495449612
"frozenset({'Presales Category=Solution Architecture', 'Question Type=Architecture'})","frozenset({'Question Complexity=High', 'Business Capability=Risk, compliance and identity control'})",0.3111111111111111,0.4166666666666667,0.11777777777777777,0.37857142857142856,0.9085714285714285,1.0,-0.011851851851851877,0.9386973180076627,-0.1274561869357411,0.19307832422586518,-0.06530612244897965,0.3306190476190476
"frozenset({'Presales Category=Solution Architecture', 'Business Capability=Risk, compliance and identity control'})","frozenset({'Question Type=Architecture', 'Question Complexity=High'})",0.18444444444444444,0.22444444444444445,0.11777777777777777,0.6385542168674698,2.845043540498628,1.0,0.07638024691358025,2.1457037037037034,0.7951776258290063,0.40458015267175573,0.5339524286256774,0.5816533460574973
"frozenset({'Presales Category=Solution Architecture', 'Question Complexity=High'})","frozenset({'Question Type=Architecture', 'Business Capability=Risk, compliance and identity control'})",0.3055555555555556,0.1288888888888889,0.11777777777777777,0.3854545454545454,2.990595611285266,1.0,0.07839506172839505,1.4174884944115713,0.9584905660377359,0.37192982456140344,0.2945269016697587,0.6496238244514105
"frozenset({'Question Type=Architecture', 'Business Capability=Risk, compliance and identity control'})","frozenset({'Presales Category=Solution Architecture', 'Question Complexity=High'})",0.1288888888888889,0.3055555555555556,0.11777777777777777,0.9137931034482758,2.990595611285266,1.0,0.07839506172839505,8.05555555555555,0.7641028109356949,0.37192982456140344,0.8758620689655171,0.6496238244514105
"frozenset({'Question Type=Architecture', 'Question Complexity=High'})","frozenset({'Presales Category=Solution Architecture', 'Business Capability=Risk, compliance and identity control'})",0.22444444444444445,0.18444444444444444,0.11777777777777777,0.5247524752475248,2.8450435404986285,1.0,0.07638024691358025,1.716064814814815,0.836189652376061,0.40458015267175573,0.41727142741522116,0.5816533460574973
"frozenset({'Question Complexity=High', 'Business Capability=Risk, compliance and identity control'})","frozenset({'Presales Category=Solution Architecture', 'Question Type=Architecture'})",0.4166666666666667,0.3111111111111111,0.11777777777777777,0.2826666666666666,0.9085714285714284,1.0,-0.011851851851851877,0.9603469640644361,-0.14712643678160947,0.19307832422586518,-0.04129032258064523,0.3306190476190476
frozenset({'Presales Category=Solution Architecture'}),"frozenset({'Question Type=Architecture', 'Question Complexity=High', 'Business Capability=Risk, compliance and identity control'})",0.4588888888888889,0.1288888888888889,0.11777777777777777,0.25665859564164645,1.991316690323119,1.0,0.05863209876543209,1.1718856315598987,0.919995350819418,0.2505910165484634,0.14667440826209413,0.5852258495449612
frozenset({'Question Type=Architecture'}),"frozenset({'Presales Category=Solution Architecture', 'Question Complexity=High', 'Business Capability=Risk, compliance and identity control'})",0.3522222222222222,0.18444444444444444,0.11777777777777777,0.334384858044164,1.8129299532514918,1.0,0.05281234567901234,1.2252659294365456,0.6922230492896211,0.28116710875331563,0.18385064337840273,0.4864695374558169
"frozenset({'Business Capability=Risk, compliance and identity control'})","frozenset({'Presales Category=Solution Architecture', 'Question Type=Architecture', 'Question Complexity=High'})",0.4166666666666667,0.20333333333333334,0.11777777777777777,0.2826666666666666,1.3901639344262293,1.0,0.033055555555555546,1.1105947955390334,0.481132075471698,0.23451327433628316,0.09958158995815894,0.4309508196721311
frozenset({'Question Complexity=High'}),"frozenset({'Presales Category=Solution Architecture', 'Question Type=Architecture', 'Business Capability=Risk, compliance and identity control'})",0.7666666666666667,0.11777777777777777,0.11777777777777777,0.15362318840579708,1.3043478260869563,1.0,0.027481481481481468,1.0423515981735159,0.9999999999999998,0.15362318840579708,0.040630818092213326,0.5768115942028985
"frozenset({'Presales Category=Solution Architecture', 'Question Type=Architecture', 'Knowledge Gap=Public Documentation | Architecture Blueprint | Methodology | SME'})",frozenset({'Business Capability=Hybrid connectivity and network foundation'}),0.24555555555555555,0.23,0.11555555555555555,0.47058823529411764,2.046035805626598,1.0,0.05907777777777777,1.4544444444444444,0.6776509572901325,0.32098765432098764,0.3124522536287242,0.4865018471156578
"frozenset({'Presales Category=Solution Architecture', 'Question Type=Architecture', 'Business Capability=Hybrid connectivity and network foundation'})",frozenset({'Knowledge Gap=Public Documentation | Architecture Blueprint | Methodology | SME'}),0.15222222222222223,0.45666666666666667,0.11555555555555555,0.7591240875912408,1.6623155202727902,1.0,0.04604074074074073,2.2556565656565652,0.46996925093255365,0.2342342342342342,0.5566700998611794,0.5060827250608272
"frozenset({'Presales Category=Solution Architecture', 'Knowledge Gap=Public Documentation | Architecture Blueprint | Methodology | SME', 'Business Capability=Hybrid connectivity and network foundation'})",frozenset({'Question Type=Architecture'}),0.13111111111111112,0.3522222222222222,0.11555555555555555,0.8813559322033897,2.5022723627225574,1.0,0.0693753086419753,5.459841269841264,0.6909551445996459,0.31419939577039274,0.8168444922522311,0.6047158209912847
"frozenset({'Question Type=Architecture', 'Knowledge Gap=Public Documentation | Architecture Blueprint | Methodology | SME', 'Business Capability=Hybrid connectivity and network foundation'})",frozenset({'Presales Category=Solution Architecture'}),0.13777777777777778,0.4588888888888889,0.11555555555555555,0.8387096774193548,1.8276966336014995,1.0,0.05233086419753086,3.3548888888888873,0.5252279936558286,0.24018475750577364,0.7019275352719082,0.5452628290244473
"frozenset({'Presales Category=Solution Architecture', 'Question Type=Architecture'})","frozenset({'Knowledge Gap=Public Documentation | Architecture Blueprint | Methodology | SME', 'Business Capability=Hybrid connectivity and network foundation'})",0.3111111111111111,0.15888888888888889,0.11555555555555555,0.3714285714285714,2.3376623376623376,1.0,0.06612345679012345,1.3381313131313133,0.8306451612903225,0.32601880877742945,0.25268918663898843,0.5493506493506494
"frozenset({'Presales Category=Solution Architecture', 'Knowledge Gap=Public Documentation | Architecture Blueprint | Methodology | SME'})","frozenset({'Question Type=Architecture', 'Business Capability=Hybrid connectivity and network foundation'})",0.31,0.17777777777777778,0.11555555555555555,0.37275985663082434,2.096774193548387,1.0,0.06044444444444444,1.3108571428571427,0.7580824972129321,0.31044776119402984,0.23714036617262418,0.5113799283154121
"frozenset({'Presales Category=Solution Architecture', 'Business Capability=Hybrid connectivity and network foundation'})","frozenset({'Question Type=Architecture', 'Knowledge Gap=Public Documentation | Architecture Blueprint | Methodology | SME'})",0.19111111111111112,0.2811111111111111,0.11555555555555555,0.6046511627906976,2.150932990164537,1.0,0.061832098765432095,1.8183660130718953,0.661506762468301,0.32398753894080995,0.4500557133100895,0.5078591782332935
"frozenset({'Question Type=Architecture', 'Knowledge Gap=Public Documentation | Architecture Blueprint | Methodology | SME'})","frozenset({'Presales Category=Solution Architecture', 'Business Capability=Hybrid connectivity and network foundation'})",0.2811111111111111,0.19111111111111112,0.11555555555555555,0.41106719367588934,2.150932990164537,1.0,0.061832098765432095,1.3734824757643551,0.7443229104743787,0.32398753894080995,0.2719237284454676,0.5078591782332935
"frozenset({'Question Type=Architecture', 'Business Capability=Hybrid connectivity and network foundation'})","frozenset({'Presales Category=Solution Architecture', 'Knowledge Gap=Public Documentation | Architecture Blueprint | Methodology | SME'})",0.17777777777777778,0.31,0.11555555555555555,0.6499999999999999,2.096774193548387,1.0,0.06044444444444444,1.9714285714285709,0.6361746361746362,0.31044776119402984,0.4927536231884057,0.5113799283154121
"frozenset({'Knowledge Gap=Public Documentation | Architecture Blueprint | Methodology | SME', 'Business Capability=Hybrid connectivity and network foundation'})","frozenset({'Presales Category=Solution Architecture', 'Question Type=Architecture'})",0.15888888888888889,0.3111111111111111,0.11555555555555555,0.7272727272727273,2.3376623376623376,1.0,0.06612345679012345,2.525925925925926,0.6803170409511228,0.32601880877742945,0.6041055718475073,0.5493506493506494
frozenset({'Presales Category=Solution Architecture'}),"frozenset({'Question Type=Architecture', 'Knowledge Gap=Public Documentation | Architecture Blueprint | Methodology | SME', 'Business Capability=Hybrid connectivity and network foundation'})",0.4588888888888889,0.13777777777777778,0.11555555555555555,0.2518159806295399,1.8276966336014995,1.0,0.05233086419753086,1.1524199928083423,0.8369135997472753,0.24018475750577364,0.13226080227652826,0.5452628290244473
frozenset({'Question Type=Architecture'}),"frozenset({'Presales Category=Solution Architecture', 'Knowledge Gap=Public Documentation | Architecture Blueprint | Methodology | SME', 'Business Capability=Hybrid connectivity and network foundation'})",0.3522222222222222,0.13111111111111112,0.11555555555555555,0.3280757097791798,2.502272362722558,1.0,0.0693753086419753,1.2931351069379236,0.9268043277477239,0.31419939577039274,0.22668559949010467,0.6047158209912847
frozenset({'Knowledge Gap=Public Documentation | Architecture Blueprint | Methodology | SME'}),"frozenset({'Presales Category=Solution Architecture', 'Question Type=Architecture', 'Business Capability=Hybrid connectivity and network foundation'})",0.45666666666666667,0.15222222222222223,0.11555555555555555,0.2530413625304136,1.66231552027279,1.0,0.04604074074074073,1.134972855591748,0.7333058046248229,0.2342342342342342,0.11892165960337121,0.5060827250608272
frozenset({'Business Capability=Hybrid connectivity and network foundation'}),"frozenset({'Presales Category=Solution Architecture', 'Question Type=Architecture', 'Knowledge Gap=Public Documentation | Architecture Blueprint | Methodology | SME'})",0.23,0.24555555555555555,0.11555555555555555,0.502415458937198,2.046035805626598,1.0,0.05907777777777777,1.5162135922330096,0.6639610389610389,0.32098765432098764,0.34046231670615346,0.4865018471156578
"frozenset({'Question Intent=Request presales guidance', 'Question Type=Architecture', 'Presales Category=Solution Architecture'})",frozenset({'Knowledge Gap=Public Documentation | Architecture Blueprint | Methodology | SME'}),0.14444444444444443,0.45666666666666667,0.11,0.7615384615384616,1.6676024705221788,1.0,0.04403703703703704,2.2784946236559147,0.46792601338055884,0.22398190045248867,0.5611137328928741,0.5012071869736103
"frozenset({'Question Intent=Request presales guidance', 'Question Type=Architecture', 'Knowledge Gap=Public Documentation | Architecture Blueprint | Methodology | SME'})",frozenset({'Presales Category=Solution Architecture'}),0.1322222222222222,0.4588888888888889,0.11,0.8319327731092437,1.8129285612550106,1.0,0.0493246913580247,3.219611111111112,0.5167293938100597,0.22863741339491914,0.6894034821320726,0.5358211081042586
"frozenset({'Question Intent=Request presales guidance', 'Knowledge Gap=Public Documentation | Architecture Blueprint | Methodology | SME', 'Presales Category=Solution Architecture'})",frozenset({'Question Type=Architecture'}),0.13666666666666666,0.3522222222222222,0.11,0.8048780487804879,2.2851427252442873,1.0,0.06186296296296297,3.319861111111112,0.6514176514176515,0.2903225806451613,0.6987825795925199,0.5585904439486036
"frozenset({'Presales Category=Solution Architecture', 'Question Type=Architecture', 'Knowledge Gap=Public Documentation | Architecture Blueprint | Methodology | SME'})",frozenset({'Question Intent=Request presales guidance'}),0.24555555555555555,0.40444444444444444,0.11,0.4479638009049774,1.1076028044353836,1.0,0.010686419753086415,1.0788342440801457,0.1287692834084586,0.2037037037037037,0.07307354629567099,0.3599709114414997
"frozenset({'Question Intent=Request presales guidance', 'Question Type=Architecture'})","frozenset({'Presales Category=Solution Architecture', 'Knowledge Gap=Public Documentation | Architecture Blueprint | Methodology | SME'})",0.17,0.31,0.11,0.6470588235294117,2.087286527514231,1.0,0.0573,1.9549999999999994,0.6276013143483024,0.2972972972972973,0.4884910485933503,0.5009487666034156
"frozenset({'Question Intent=Request presales guidance', 'Presales Category=Solution Architecture'})","frozenset({'Question Type=Architecture', 'Knowledge Gap=Public Documentation | Architecture Blueprint | Methodology | SME'})",0.19111111111111112,0.2811111111111111,0.11,0.5755813953488372,2.0475227502527806,1.0,0.056276543209876545,1.693820395738204,0.6324786324786325,0.30368098159509205,0.4096186334064197,0.48344287158746213
"frozenset({'Question Intent=Request presales guidance', 'Knowledge Gap=Public Documentation | Architecture Blueprint | Methodology | SME'})","frozenset({'Presales Category=Solution Architecture', 'Question Type=Architecture'})",0.21333333333333335,0.3111111111111111,0.11,0.515625,1.6573660714285714,1.0,0.04362962962962963,1.4222222222222223,0.5041944872453348,0.2654155495978552,0.296875,0.4345982142857143
"frozenset({'Presales Category=Solution Architecture', 'Question Type=Architecture'})","frozenset({'Question Intent=Request presales guidance', 'Knowledge Gap=Public Documentation | Architecture Blueprint | Methodology | SME'})",0.3111111111111111,0.21333333333333335,0.11,0.3535714285714286,1.6573660714285714,1.0,0.04362962962962963,1.2169429097605895,0.5757575757575758,0.2654155495978552,0.17826876513317194,0.4345982142857143
"frozenset({'Question Type=Architecture', 'Knowledge Gap=Public Documentation | Architecture Blueprint | Methodology | SME'})","frozenset({'Question Intent=Request presales guidance', 'Presales Category=Solution Architecture'})",0.2811111111111111,0.19111111111111112,0.11,0.391304347826087,2.0475227502527806,1.0,0.056276543209876545,1.3288888888888888,0.7116606560192341,0.30368098159509205,0.24749163879598662,0.48344287158746213
"frozenset({'Presales Category=Solution Architecture', 'Knowledge Gap=Public Documentation | Architecture Blueprint | Methodology | SME'})","frozenset({'Question Intent=Request presales guidance', 'Question Type=Architecture'})",0.31,0.17,0.11,0.3548387096774194,2.0872865275142316,1.0,0.0573,1.2865,0.7549407114624506,0.2972972972972973,0.22269724057520407,0.5009487666034156
frozenset({'Question Intent=Request presales guidance'}),"frozenset({'Presales Category=Solution Architecture', 'Question Type=Architecture', 'Knowledge Gap=Public Documentation | Architecture Blueprint | Methodology | SME'})",0.40444444444444444,0.24555555555555555,0.11,0.27197802197802196,1.1076028044353836,1.0,0.010686419753086415,1.036293501048218,0.1631237750640735,0.2037037037037037,0.03502241499295988,0.3599709114414997
frozenset({'Question Type=Architecture'}),"frozenset({'Question Intent=Request presales guidance', 'Knowledge Gap=Public Documentation | Architecture Blueprint | Methodology | SME', 'Presales Category=Solution Architecture'})",0.3522222222222222,0.13666666666666666,0.11,0.31230283911671924,2.2851427252442873,1.0,0.06186296296296297,1.2553975535168196,0.8681844170694942,0.2903225806451613,0.20343958198847792,0.5585904439486036
frozenset({'Presales Category=Solution Architecture'}),"frozenset({'Question Intent=Request presales guidance', 'Question Type=Architecture', 'Knowledge Gap=Public Documentation | Architecture Blueprint | Methodology | SME'})",0.4588888888888889,0.1322222222222222,0.11,0.2397094430992736,1.8129285612550106,1.0,0.0493246913580247,1.1413765038924275,0.8286769128658247,0.22863741339491914,0.12386491522323465,0.5358211081042586
frozenset({'Knowledge Gap=Public Documentation | Architecture Blueprint | Methodology | SME'}),"frozenset({'Question Intent=Request presales guidance', 'Question Type=Architecture', 'Presales Category=Solution Architecture'})",0.45666666666666667,0.14444444444444443,0.11,0.24087591240875914,1.6676024705221788,1.0,0.04403703703703704,1.1270299145299147,0.7368160128896326,0.22398190045248867,0.11271210541283536,0.5012071869736103
"frozenset({'Question Type=Architecture', 'Knowledge Gap=Public Documentation | Architecture Blueprint | Methodology | SME', 'Business Capability=Risk, compliance and identity control'})",frozenset({'Question Complexity=High'}),0.10444444444444445,0.7666666666666667,0.10444444444444445,1.0,1.3043478260869565,1.0,0.02437037037037036,inf,0.26054590570719594,0.13623188405797101,1.0,0.5681159420289855
"frozenset({'Question Type=Architecture', 'Question Complexity=High', 'Business Capability=Risk, compliance and identity control'})",frozenset({'Knowledge Gap=Public Documentation | Architecture Blueprint | Methodology | SME'}),0.1288888888888889,0.45666666666666667,0.10444444444444445,0.810344827586207,1.774477724641329,1.0,0.045585185185185194,2.8648484848484856,0.5010312635692575,0.21709006928406466,0.6509414004654116,0.5195276449366558
"frozenset({'Question Type=Architecture', 'Knowledge Gap=Public Documentation | Architecture Blueprint | Methodology | SME', 'Question Complexity=High'})","frozenset({'Business Capability=Risk, compliance and identity control'})",0.18444444444444444,0.4166666666666667,0.10444444444444445,0.5662650602409639,1.3590361445783132,1.0,0.0275925925925926,1.3449074074074074,0.3239318221346165,0.21029082774049218,0.25645438898450956,0.4084658634538153
"frozenset({'Question Complexity=High', 'Knowledge Gap=Public Documentation | Architecture Blueprint | Methodology | SME', 'Business Capability=Risk, compliance and identity control'})",frozenset({'Question Type=Architecture'}),0.1711111111111111,0.3522222222222222,0.10444444444444445,0.6103896103896105,1.7329673481093042,1.0,0.04417530864197532,1.6626296296296301,0.5102675260966288,0.24933687002652521,0.3985431378227263,0.4534597894219346
"frozenset({'Question Type=Architecture', 'Business Capability=Risk, compliance and identity control'})","frozenset({'Knowledge Gap=Public Documentation | Architecture Blueprint | Methodology | SME', 'Question Complexity=High'})",0.1288888888888889,0.33,0.10444444444444445,0.810344827586207,2.4555903866248694,1.0,0.06191111111111112,3.5327272727272736,0.6804711246200608,0.29467084639498436,0.7169325784868761,0.5634215720422617
"frozenset({'Question Type=Architecture', 'Knowledge Gap=Public Documentation | Architecture Blueprint | Methodology | SME'})","frozenset({'Question Complexity=High', 'Business Capability=Risk, compliance and identity control'})",0.2811111111111111,0.4166666666666667,0.10444444444444445,0.37154150197628466,0.8916996047430832,1.0,-0.012685185185185174,0.9281970649895178,-0.14452899722898163,0.17602996254681647,-0.07735742518351205,0.3111040843214756
"frozenset({'Question Type=Architecture', 'Question Complexity=High'})","frozenset({'Knowledge Gap=Public Documentation | Architecture Blueprint | Methodology | SME', 'Business Capability=Risk, compliance and identity control'})",0.22444444444444445,0.1711111111111111,0.10444444444444445,0.46534653465346537,2.71955767005272,1.0,0.06603950617283952,1.5503292181069959,0.8152776931049199,0.3587786259541985,0.35497571204841666,0.5378680725215379
"frozenset({'Knowledge Gap=Public Documentation | Architecture Blueprint | Methodology | SME', 'Business Capability=Risk, compliance and identity control'})","frozenset({'Question Type=Architecture', 'Question Complexity=High'})",0.1711111111111111,0.22444444444444445,0.10444444444444445,0.6103896103896105,2.71955767005272,1.0,0.06603950617283952,1.9905925925925931,0.762820147167874,0.3587786259541985,0.49763703345365246,0.5378680725215379
"frozenset({'Question Complexity=High', 'Business Capability=Risk, compliance and identity control'})","frozenset({'Question Type=Architecture', 'Knowledge Gap=Public Documentation | Architecture Blueprint | Methodology | SME'})",0.4166666666666667,0.2811111111111111,0.10444444444444445,0.25066666666666665,0.891699604743083,1.0,-0.012685185185185174,0.9593712930011862,-0.1723270440251571,0.17602996254681647,-0.04234930448222565,0.3111040843214756
"frozenset({'Knowledge Gap=Public Documentation | Architecture Blueprint | Methodology | SME', 'Question Complexity=High'})","frozenset({'Question Type=Architecture', 'Business Capability=Risk, compliance and identity control'})",0.33,0.1288888888888889,0.10444444444444445,0.3164983164983165,2.4555903866248694,1.0,0.06191111111111112,1.2744827586206897,0.8847253096221024,0.29467084639498436,0.21536796536796535,0.5634215720422617
frozenset({'Question Type=Architecture'}),"frozenset({'Question Complexity=High', 'Knowledge Gap=Public Documentation | Architecture Blueprint | Methodology | SME', 'Business Capability=Risk, compliance and identity control'})",0.3522222222222222,0.1711111111111111,0.10444444444444445,0.2965299684542587,1.7329673481093042,1.0,0.04417530864197532,1.178285999003488,0.6529323747308493,0.24933687002652521,0.15130961341666602,0.4534597894219346
"frozenset({'Business Capability=Risk, compliance and identity control'})","frozenset({'Question Type=Architecture', 'Knowledge Gap=Public Documentation | Architecture Blueprint | Methodology | SME', 'Question Complexity=High'})",0.4166666666666667,0.18444444444444444,0.10444444444444445,0.25066666666666665,1.3590361445783132,1.0,0.0275925925925926,1.0883748517200473,0.45288753799392106,0.21029082774049218,0.08119891008174385,0.4084658634538153
frozenset({'Knowledge Gap=Public Documentation | Architecture Blueprint | Methodology | SME'}),"frozenset({'Question Type=Architecture', 'Question Complexity=High', 'Business Capability=Risk, compliance and identity control'})",0.45666666666666667,0.1288888888888889,0.10444444444444445,0.22871046228710465,1.7744777246413292,1.0,0.045585185185185194,1.1294216614090433,0.8032893878083802,0.21709006928406466,0.11459109191121707,0.5195276449366558
frozenset({'Question Complexity=High'}),"frozenset({'Question Type=Architecture', 'Knowledge Gap=Public Documentation | Architecture Blueprint | Methodology | SME', 'Business Capability=Risk, compliance and identity control'})",0.7666666666666667,0.10444444444444445,0.10444444444444445,0.13623188405797101,1.3043478260869565,1.0,0.02437037037037036,1.0368008948545862,0.9999999999999999,0.13623188405797101,0.03549465961808177,0.5681159420289855
"frozenset({'Presales Category=Security & Compliance', 'Knowledge Gap=Public Documentation | Governance Framework | Risk Register | SME', 'Question Type=Governance / Security'})",frozenset({'Question Complexity=High'}),0.1,0.7666666666666667,0.1,1.0,1.3043478260869565,1.0,0.02333333333333333,inf,0.2592592592592592,0.13043478260869565,1.0,0.5652173913043478
"frozenset({'Question Complexity=High', 'Presales Category=Security & Compliance', 'Question Type=Governance / Security'})",frozenset({'Knowledge Gap=Public Documentation | Governance Framework | Risk Register | SME'}),0.12666666666666668,0.2111111111111111,0.1,0.7894736842105263,3.7396121883656512,1.0,0.07325925925925926,3.7472222222222222,0.8388464800678541,0.4205607476635514,0.7331356560415122,0.631578947368421
"frozenset({'Question Complexity=High', 'Knowledge Gap=Public Documentation | Governance Framework | Risk Register | SME', 'Question Type=Governance / Security'})",frozenset({'Presales Category=Security & Compliance'}),0.1,0.24666666666666667,0.1,1.0,4.054054054054054,1.0,0.07533333333333334,inf,0.8370370370370369,0.40540540540540543,1.0,0.7027027027027027
"frozenset({'Presales Category=Security & Compliance', 'Knowledge Gap=Public Documentation | Governance Framework | Risk Register | SME', 'Question Complexity=High'})",frozenset({'Question Type=Governance / Security'}),0.15555555555555556,0.13666666666666666,0.1,0.6428571428571429,4.703832752613241,1.0,0.07874074074074075,2.4173333333333336,0.9324561403508773,0.5202312138728324,0.5863210148924436,0.6872822299651569
"frozenset({'Presales Category=Security & Compliance', 'Question Type=Governance / Security'})","frozenset({'Knowledge Gap=Public Documentation | Governance Framework | Risk Register | SME', 'Question Complexity=High'})",0.12666666666666668,0.20222222222222222,0.1,0.7894736842105263,3.9039907460960093,1.0,0.0743851851851852,3.789444444444445,0.8517387616624259,0.4368932038834952,0.7361090749157015,0.6419895893580104
"frozenset({'Knowledge Gap=Public Documentation | Governance Framework | Risk Register | SME', 'Question Type=Governance / Security'})","frozenset({'Presales Category=Security & Compliance', 'Question Complexity=High'})",0.1,0.24666666666666667,0.1,1.0,4.054054054054054,1.0,0.07533333333333334,inf,0.8370370370370369,0.40540540540540543,1.0,0.7027027027027027
"frozenset({'Question Complexity=High', 'Question Type=Governance / Security'})","frozenset({'Presales Category=Security & Compliance', 'Knowledge Gap=Public Documentation | Governance Framework | Risk Register | SME'})",0.13444444444444445,0.15555555555555556,0.1,0.743801652892562,4.781582054309327,1.0,0.07908641975308642,3.2960573476702506,0.9137070318071602,0.5263157894736842,0.6966072205306655,0.6933293978748525
"frozenset({'Presales Category=Security & Compliance', 'Knowledge Gap=Public Documentation | Governance Framework | Risk Register | SME'})","frozenset({'Question Complexity=High', 'Question Type=Governance / Security'})",0.15555555555555556,0.13444444444444445,0.1,0.6428571428571429,4.781582054309327,1.0,0.07908641975308642,2.4235555555555557,0.9365497076023391,0.5263157894736842,0.5873830918760315,0.6933293978748525
"frozenset({'Presales Category=Security & Compliance', 'Question Complexity=High'})","frozenset({'Knowledge Gap=Public Documentation | Governance Framework | Risk Register | SME', 'Question Type=Governance / Security'})",0.24666666666666667,0.1,0.1,0.40540540540540543,4.054054054054054,1.0,0.07533333333333334,1.513636363636364,1.0,0.40540540540540543,0.3393393393393393,0.7027027027027027
"frozenset({'Knowledge Gap=Public Documentation | Governance Framework | Risk Register | SME', 'Question Complexity=High'})","frozenset({'Presales Category=Security & Compliance', 'Question Type=Governance / Security'})",0.20222222222222222,0.12666666666666668,0.1,0.4945054945054945,3.9039907460960093,1.0,0.0743851851851852,1.7276811594202899,0.9324048282265553,0.4368932038834952,0.4211894975253754,0.6419895893580104
frozenset({'Question Type=Governance / Security'}),"frozenset({'Presales Category=Security & Compliance', 'Knowledge Gap=Public Documentation | Governance Framework | Risk Register | SME', 'Question Complexity=High'})",0.13666666666666666,0.15555555555555556,0.1,0.7317073170731708,4.703832752613241,1.0,0.07874074074074075,3.1474747474747486,0.9120549120549122,0.5202312138728324,0.6822849807445444,0.6872822299651569
frozenset({'Presales Category=Security & Compliance'}),"frozenset({'Question Complexity=High', 'Knowledge Gap=Public Documentation | Governance Framework | Risk Register | SME', 'Question Type=Governance / Security'})",0.24666666666666667,0.1,0.1,0.40540540540540543,4.054054054054054,1.0,0.07533333333333334,1.513636363636364,1.0,0.40540540540540543,0.3393393393393393,0.7027027027027027
frozenset({'Knowledge Gap=Public Documentation | Governance Framework | Risk Register | SME'}),"frozenset({'Question Complexity=High', 'Presales Category=Security & Compliance', 'Question Type=Governance / Security'})",0.2111111111111111,0.12666666666666668,0.1,0.4736842105263158,3.739612188365651,1.0,0.07325925925925926,1.6593333333333333,0.9286384976525821,0.4205607476635514,0.3973483326637204,0.631578947368421
frozenset({'Question Complexity=High'}),"frozenset({'Presales Category=Security & Compliance', 'Knowledge Gap=Public Documentation | Governance Framework | Risk Register | SME', 'Question Type=Governance / Security'})",0.7666666666666667,0.1,0.1,0.13043478260869565,1.3043478260869563,1.0,0.02333333333333333,1.0350000000000001,1.0,0.13043478260869565,0.03381642512077294,0.5652173913043478
"frozenset({'Business Capability=Risk, compliance and identity control', 'Presales Category=Security & Compliance', 'Question Type=Governance / Security'})",frozenset({'Question Complexity=High'}),0.09888888888888889,0.7666666666666667,0.09888888888888889,1.0,1.3043478260869565,1.0,0.023074074074074066,inf,0.2589395807644882,0.1289855072463768,1.0,0.5644927536231884
"frozenset({'Business Capability=Risk, compliance and identity control', 'Question Complexity=High', 'Question Type=Governance / Security'})",frozenset({'Presales Category=Security & Compliance'}),0.10222222222222223,0.24666666666666667,0.09888888888888889,0.967391304347826,3.9218566392479435,1.0,0.07367407407407407,23.102222222222196,0.8298475915007231,0.39555555555555555,0.9567141208156983,0.6841461026243635
"frozenset({'Question Complexity=High', 'Presales Category=Security & Compliance', 'Question Type=Governance / Security'})","frozenset({'Business Capability=Risk, compliance and identity control'})",0.12666666666666668,0.4166666666666667,0.09888888888888889,0.7807017543859648,1.8736842105263154,1.0,0.0461111111111111,2.659999999999998,0.5339222917917488,0.2225,0.6240601503759396,0.509017543859649
"frozenset({'Question Complexity=High', 'Presales Category=Security & Compliance', 'Business Capability=Risk, compliance and identity control'})",frozenset({'Question Type=Governance / Security'}),0.1922222222222222,0.13666666666666666,0.09888888888888889,0.5144508670520231,3.7642746369660234,1.0,0.07261851851851853,1.7780555555555555,0.9090923141121741,0.429951690821256,0.43758787689423534,0.6190140514121905
"frozenset({'Business Capability=Risk, compliance and identity control', 'Question Type=Governance / Security'})","frozenset({'Presales Category=Security & Compliance', 'Question Complexity=High'})",0.10222222222222223,0.24666666666666667,0.09888888888888889,0.967391304347826,3.9218566392479435,1.0,0.07367407407407407,23.102222222222196,0.8298475915007231,0.39555555555555555,0.9567141208156983,0.6841461026243635
"frozenset({'Presales Category=Security & Compliance', 'Question Type=Governance / Security'})","frozenset({'Question Complexity=High', 'Business Capability=Risk, compliance and identity control'})",0.12666666666666668,0.4166666666666667,0.09888888888888889,0.7807017543859648,1.8736842105263154,1.0,0.0461111111111111,2.659999999999998,0.5339222917917488,0.2225,0.6240601503759396,0.509017543859649
"frozenset({'Question Complexity=High', 'Question Type=Governance / Security'})","frozenset({'Presales Category=Security & Compliance', 'Business Capability=Risk, compliance and identity control'})",0.13444444444444445,0.1922222222222222,0.09888888888888889,0.7355371900826446,3.826494052453065,1.0,0.07304567901234568,3.054409722222222,0.8533989124634003,0.43414634146341463,0.6726044994145531,0.6249940285673339
"frozenset({'Presales Category=Security & Compliance', 'Business Capability=Risk, compliance and identity control'})","frozenset({'Question Complexity=High', 'Question Type=Governance / Security'})",0.1922222222222222,0.13444444444444445,0.09888888888888889,0.5144508670520231,3.8264940524530644,1.0,0.07304567901234568,1.7826322751322752,0.914439825046752,0.43414634146341463,0.43903181045804984,0.6249940285673339
"frozenset({'Question Complexity=High', 'Business Capability=Risk, compliance and identity control'})","frozenset({'Presales Category=Security & Compliance', 'Question Type=Governance / Security'})",0.4166666666666667,0.12666666666666668,0.09888888888888889,0.2373333333333333,1.8736842105263154,1.0,0.0461111111111111,1.145104895104895,0.7993579454253611,0.2225,0.12671755725190836,0.509017543859649
"frozenset({'Presales Category=Security & Compliance', 'Question Complexity=High'})","frozenset({'Business Capability=Risk, compliance and identity control', 'Question Type=Governance / Security'})",0.24666666666666667,0.10222222222222223,0.09888888888888889,0.40090090090090086,3.921856639247943,1.0,0.07367407407407407,1.4985463659147866,0.9889629114049915,0.39555555555555555,0.33268664704308265,0.6841461026243635
frozenset({'Question Type=Governance / Security'}),"frozenset({'Question Complexity=High', 'Presales Category=Security & Compliance', 'Business Capability=Risk, compliance and identity control'})",0.13666666666666666,0.1922222222222222,0.09888888888888889,0.7235772357723578,3.7642746369660234,1.0,0.07261851851851853,2.922254901960785,0.8505921651989069,0.429951690821256,0.657798503707183,0.6190140514121905
"frozenset({'Business Capability=Risk, compliance and identity control'})","frozenset({'Question Complexity=High', 'Presales Category=Security & Compliance', 'Question Type=Governance / Security'})",0.4166666666666667,0.12666666666666668,0.09888888888888889,0.2373333333333333,1.8736842105263154,1.0,0.0461111111111111,1.145104895104895,0.7993579454253611,0.2225,0.12671755725190836,0.509017543859649
frozenset({'Presales Category=Security & Compliance'}),"frozenset({'Business Capability=Risk, compliance and identity control', 'Question Complexity=High', 'Question Type=Governance / Security'})",0.24666666666666667,0.10222222222222223,0.09888888888888889,0.40090090090090086,3.921856639247943,1.0,0.07367407407407407,1.4985463659147866,0.9889629114049915,0.39555555555555555,0.33268664704308265,0.6841461026243635
frozenset({'Question Complexity=High'}),"frozenset({'Business Capability=Risk, compliance and identity control', 'Presales Category=Security & Compliance', 'Question Type=Governance / Security'})",0.7666666666666667,0.09888888888888889,0.09888888888888889,0.1289855072463768,1.3043478260869565,1.0,0.023074074074074066,1.0345535219079312,0.9999999999999999,0.1289855072463768,0.03339945317107167,0.5644927536231884
"frozenset({'Presales Category=Solution Architecture', 'Question Type=Architecture', 'Knowledge Gap=Public Documentation | Architecture Blueprint | Methodology | SME'})","frozenset({'Business Capability=Risk, compliance and identity control'})",0.24555555555555555,0.4166666666666667,0.09555555555555556,0.3891402714932127,0.9339366515837104,1.0,-0.0067592592592592565,0.954938271604938,-0.08572233791041033,0.16862745098039217,-0.04718810601163545,0.309236802413273
"frozenset({'Presales Category=Solution Architecture', 'Question Type=Architecture', 'Business Capability=Risk, compliance and identity control'})",frozenset({'Knowledge Gap=Public Documentation | Architecture Blueprint | Methodology | SME'}),0.11777777777777777,0.45666666666666667,0.09555555555555556,0.8113207547169812,1.7766147913510537,1.0,0.041770370370370374,2.8796666666666675,0.4954894265127995,0.19953596287703018,0.652737585368677,0.5102832484047193
"frozenset({'Presales Category=Solution Architecture', 'Knowledge Gap=Public Documentation | Architecture Blueprint | Methodology | SME', 'Business Capability=Risk, compliance and identity control'})",frozenset({'Question Type=Architecture'}),0.12666666666666668,0.3522222222222222,0.09555555555555556,0.7543859649122807,2.1417898057446454,1.0,0.050940740740740745,2.6373809523809526,0.6104207349547311,0.24927536231884057,0.6208359664168999,0.5128396701533012
"frozenset({'Question Type=Architecture', 'Knowledge Gap=Public Documentation | Architecture Blueprint | Methodology | SME', 'Business Capability=Risk, compliance and identity control'})",frozenset({'Presales Category=Solution Architecture'}),0.10444444444444445,0.4588888888888889,0.09555555555555556,0.9148936170212766,1.9937149039204574,1.0,0.04762716049382716,6.358055555555555,0.5565525996883837,0.20427553444180524,0.8427192101009218,0.5615630312709289
"frozenset({'Presales Category=Solution Architecture', 'Question Type=Architecture'})","frozenset({'Knowledge Gap=Public Documentation | Architecture Blueprint | Methodology | SME', 'Business Capability=Risk, compliance and identity control'})",0.3111111111111111,0.1711111111111111,0.09555555555555556,0.30714285714285716,1.7949907235621523,1.0,0.042320987654321,1.1963344788087056,0.6429107276819206,0.2471264367816092,0.16411336652623518,0.43279220779220784
"frozenset({'Presales Category=Solution Architecture', 'Knowledge Gap=Public Documentation | Architecture Blueprint | Methodology | SME'})","frozenset({'Question Type=Architecture', 'Business Capability=Risk, compliance and identity control'})",0.31,0.1288888888888889,0.09555555555555556,0.30824372759856633,2.39154616240267,1.0,0.055600000000000004,1.259274611398964,0.8432760364004045,0.2783171521035599,0.20589203423304808,0.524811518971697
"frozenset({'Presales Category=Solution Architecture', 'Business Capability=Risk, compliance and identity control'})","frozenset({'Question Type=Architecture', 'Knowledge Gap=Public Documentation | Architecture Blueprint | Methodology | SME'})",0.18444444444444444,0.2811111111111111,0.09555555555555556,0.5180722891566265,1.8429449021381972,1.0,0.04370617283950618,1.4916944444444444,0.5608326468538116,0.2582582582582583,0.32962142231988234,0.42899661888661367
"frozenset({'Question Type=Architecture', 'Knowledge Gap=Public Documentation | Architecture Blueprint | Methodology | SME'})","frozenset({'Presales Category=Solution Architecture', 'Business Capability=Risk, compliance and identity control'})",0.2811111111111111,0.18444444444444444,0.09555555555555556,0.3399209486166008,1.8429449021381974,1.0,0.04370617283950618,1.2355422488356622,0.6362460012220984,0.2582582582582583,0.19063876533370674,0.42899661888661367
"frozenset({'Question Type=Architecture', 'Business Capability=Risk, compliance and identity control'})","frozenset({'Presales Category=Solution Architecture', 'Knowledge Gap=Public Documentation | Architecture Blueprint | Methodology | SME'})",0.1288888888888889,0.31,0.09555555555555556,0.7413793103448276,2.39154616240267,1.0,0.055600000000000004,2.668,0.6679520645467489,0.2783171521035599,0.6251874062968517,0.524811518971697
"frozenset({'Knowledge Gap=Public Documentation | Architecture Blueprint | Methodology | SME', 'Business Capability=Risk, compliance and identity control'})","frozenset({'Presales Category=Solution Architecture', 'Question Type=Architecture'})",0.1711111111111111,0.3111111111111111,0.09555555555555556,0.5584415584415585,1.7949907235621523,1.0,0.042320987654321,1.5601307189542486,0.534322588690068,0.2471264367816092,0.35902806870548815,0.43279220779220784
frozenset({'Presales Category=Solution Architecture'}),"frozenset({'Question Type=Architecture', 'Knowledge Gap=Public Documentation | Architecture Blueprint | Methodology | SME', 'Business Capability=Risk, compliance and identity control'})",0.4588888888888889,0.10444444444444445,0.09555555555555556,0.20823244552058112,1.9937149039204574,1.0,0.04762716049382716,1.1310839279646618,0.9211116947614727,0.20427553444180524,0.11589230889394914,0.5615630312709289
frozenset({'Question Type=Architecture'}),"frozenset({'Presales Category=Solution Architecture', 'Knowledge Gap=Public Documentation | Architecture Blueprint | Methodology | SME', 'Business Capability=Risk, compliance and identity control'})",0.3522222222222222,0.12666666666666668,0.09555555555555556,0.2712933753943218,2.1417898057446454,1.0,0.050940740740740745,1.1984704184704185,0.822968606645658,0.24927536231884057,0.16560310159655167,0.5128396701533012
frozenset({'Knowledge Gap=Public Documentation | Architecture Blueprint | Methodology | SME'}),"frozenset({'Presales Category=Solution Architecture', 'Question Type=Architecture', 'Business Capability=Risk, compliance and identity control'})",0.45666666666666667,0.11777777777777777,0.09555555555555556,0.20924574209245744,1.776614791351054,1.0,0.041770370370370374,1.115671794871795,0.8045370238265088,0.19953596287703018,0.1036790527496369,0.5102832484047193
"frozenset({'Business Capability=Risk, compliance and identity control'})","frozenset({'Presales Category=Solution Architecture', 'Question Type=Architecture', 'Knowledge Gap=Public Documentation | Architecture Blueprint | Methodology | SME'})",0.4166666666666667,0.24555555555555555,0.09555555555555556,0.22933333333333333,0.9339366515837104,1.0,-0.0067592592592592565,0.9789504036908883,-0.1081481481481481,0.16862745098039217,-0.021502209131075107,0.309236802413273
"frozenset({'Question Intent=Request presales guidance', 'Knowledge Gap=Public Documentation | Architecture Blueprint | Methodology | SME', 'Presales Category=Solution Architecture'})",frozenset({'Question Complexity=High'}),0.13666666666666666,0.7666666666666667,0.09222222222222222,0.6747967479674797,0.8801696712619299,1.0,-0.012555555555555556,0.7174999999999998,-0.13621569494113392,0.11369863013698629,-0.39372822299651594,0.39754330151997175
"frozenset({'Question Intent=Request presales guidance', 'Presales Category=Solution Architecture', 'Question Complexity=High'})",frozenset({'Knowledge Gap=Public Documentation | Architecture Blueprint | Methodology | SME'}),0.12222222222222222,0.45666666666666667,0.09222222222222222,0.7545454545454545,1.6522893165228931,1.0,0.03640740740740741,2.21358024691358,0.44974836053073053,0.18949771689497716,0.5482431678750697,0.4782459632824596
"frozenset({'Question Intent=Request presales guidance', 'Knowledge Gap=Public Documentation | Architecture Blueprint | Methodology | SME', 'Question Complexity=High'})",frozenset({'Presales Category=Solution Architecture'}),0.1511111111111111,0.4588888888888889,0.09222222222222222,0.6102941176470588,1.329938755163082,1.0,0.022879012345679003,1.3885115303983226,0.2922475241279252,0.1781115879828326,0.27980432419374307,0.40563132032474003
"frozenset({'Presales Category=Solution Architecture', 'Knowledge Gap=Public Documentation | Architecture Blueprint | Methodology | SME', 'Question Complexity=High'})",frozenset({'Question Intent=Request presales guidance'}),0.21222222222222223,0.40444444444444444,0.09222222222222222,0.4345549738219895,1.0744491110983256,1.0,0.006390123456790117,1.0532510288065844,0.08795690519482718,0.17584745762711862,0.05055872470110175,0.33128847592198374
"frozenset({'Question Intent=Request presales guidance', 'Presales Category=Solution Architecture'})","frozenset({'Knowledge Gap=Public Documentation | Architecture Blueprint | Methodology | SME', 'Question Complexity=High'})",0.19111111111111112,0.33,0.09222222222222222,0.4825581395348837,1.4622973925299505,1.0,0.029155555555555546,1.294831460674157,0.3908380775850654,0.21502590673575128,0.227698715723707,0.38100970949808155
"frozenset({'Question Intent=Request presales guidance', 'Knowledge Gap=Public Documentation | Architecture Blueprint | Methodology | SME'})","frozenset({'Presales Category=Solution Architecture', 'Question Complexity=High'})",0.21333333333333335,0.3055555555555556,0.09222222222222222,0.43229166666666663,1.414772727272727,1.0,0.027037037037037026,1.2232415902140672,0.3726771492750663,0.2161458333333333,0.1824999999999999,0.3670549242424242
"frozenset({'Question Intent=Request presales guidance', 'Question Complexity=High'})","frozenset({'Presales Category=Solution Architecture', 'Knowledge Gap=Public Documentation | Architecture Blueprint | Methodology | SME'})",0.3,0.31,0.09222222222222222,0.3074074074074074,0.991636798088411,1.0,-0.00077777777777778,0.9962566844919785,-0.011904761904761937,0.1781115879828326,-0.0037573805689747695,0.30244922341696534
"frozenset({'Presales Category=Solution Architecture', 'Knowledge Gap=Public Documentation | Architecture Blueprint | Methodology | SME'})","frozenset({'Question Intent=Request presales guidance', 'Question Complexity=High'})",0.31,0.3,0.09222222222222222,0.2974910394265233,0.991636798088411,1.0,-0.00077777777777778,0.9964285714285714,-0.012075211316198068,0.1781115879828326,-0.003584229390681022,0.30244922341696534
"frozenset({'Presales Category=Solution Architecture', 'Question Complexity=High'})","frozenset({'Question Intent=Request presales guidance', 'Knowledge Gap=Public Documentation | Architecture Blueprint | Methodology | SME'})",0.3055555555555556,0.21333333333333335,0.09222222222222222,0.30181818181818176,1.4147727272727268,1.0,0.027037037037037026,1.126736111111111,0.42216867469879504,0.2161458333333333,0.11248073959938358,0.3670549242424242
"frozenset({'Knowledge Gap=Public Documentation | Architecture Blueprint | Methodology | SME', 'Question Complexity=High'})","frozenset({'Question Intent=Request presales guidance', 'Presales Category=Solution Architecture'})",0.33,0.19111111111111112,0.09222222222222222,0.27946127946127947,1.4622973925299507,1.0,0.029155555555555546,1.1226168224299065,0.47185757957201935,0.21502590673575128,0.10922410922410922,0.38100970949808155
frozenset({'Question Intent=Request presales guidance'}),"frozenset({'Presales Category=Solution Architecture', 'Knowledge Gap=Public Documentation | Architecture Blueprint | Methodology | SME', 'Question Complexity=High'})",0.40444444444444444,0.21222222222222223,0.09222222222222222,0.22802197802197802,1.0744491110983256,1.0,0.006390123456790117,1.0204665875840253,0.11634598093867997,0.17584745762711862,0.02005610750321609,0.33128847592198374
frozenset({'Presales Category=Solution Architecture'}),"frozenset({'Question Intent=Request presales guidance', 'Knowledge Gap=Public Documentation | Architecture Blueprint | Methodology | SME', 'Question Complexity=High'})",0.4588888888888889,0.1511111111111111,0.09222222222222222,0.2009685230024213,1.3299387551630821,1.0,0.022879012345679003,1.0623973063973065,0.4584745553054104,0.1781115879828326,0.05873255327510361,0.40563132032474003
frozenset({'Knowledge Gap=Public Documentation | Architecture Blueprint | Methodology | SME'}),"frozenset({'Question Intent=Request presales guidance', 'Presales Category=Solution Architecture', 'Question Complexity=High'})",0.45666666666666667,0.12222222222222222,0.09222222222222222,0.20194647201946472,1.6522893165228933,1.0,0.03640740740740741,1.0998983739837398,0.7265873309187671,0.18949771689497716,0.09082509470571931,0.4782459632824596
frozenset({'Question Complexity=High'}),"frozenset({'Question Intent=Request presales guidance', 'Knowledge Gap=Public Documentation | Architecture Blueprint | Methodology | SME', 'Presales Category=Solution Architecture'})",0.7666666666666667,0.13666666666666666,0.09222222222222222,0.12028985507246376,0.88016967126193,1.0,-0.012555555555555556,0.9813838550247117,-0.36847826086956526,0.11369863013698629,-0.018969279838845058,0.39754330151997175
"frozenset({'Question Intent=Request presales guidance', 'Question Type=Architecture', 'Presales Category=Solution Architecture'})",frozenset({'Question Complexity=High'}),0.14444444444444443,0.7666666666666667,0.09,0.6230769230769231,0.8127090301003344,1.0,-0.02074074074074074,0.619047619047619,-0.21220159151193635,0.10960757780784842,-0.6153846153846158,0.3702341137123746
"frozenset({'Question Intent=Request presales guidance', 'Question Type=Architecture', 'Question Complexity=High'})",frozenset({'Presales Category=Solution Architecture'}),0.10333333333333333,0.4588888888888889,0.09,0.8709677419354839,1.897992657970788,1.0,0.04258148148148148,4.193611111111111,0.5276515673046032,0.19058823529411764,0.7615420282175267,0.5335468249628993
"frozenset({'Question Intent=Request presales guidance', 'Presales Category=Solution Architecture', 'Question Complexity=High'})",frozenset({'Question Type=Architecture'}),0.12222222222222222,0.3522222222222222,0.09,0.7363636363636363,2.090622311442501,1.0,0.04695061728395061,2.457088122605364,0.5943116111892482,0.23410404624277453,0.5930141899267113,0.49594207054774875
"frozenset({'Presales Category=Solution Architecture', 'Question Type=Architecture', 'Question Complexity=High'})",frozenset({'Question Intent=Request presales guidance'}),0.20333333333333334,0.40444444444444444,0.09,0.4426229508196721,1.0943974058728156,1.0,0.007762962962962958,1.068496732026144,0.1082700552714499,0.17381974248927037,0.0641057010031808,0.3325752116735723
"frozenset({'Question Intent=Request presales guidance', 'Question Type=Architecture'})","frozenset({'Presales Category=Solution Architecture', 'Question Complexity=High'})",0.17,0.3055555555555556,0.09,0.5294117647058822,1.7326203208556146,1.0,0.038055555555555544,1.475694444444444,0.5094451881600475,0.23342939481268005,0.3223529411764704,0.41197860962566835
"frozenset({'Question Intent=Request presales guidance', 'Presales Category=Solution Architecture'})","frozenset({'Question Type=Architecture', 'Question Complexity=High'})",0.19111111111111112,0.22444444444444445,0.09,0.4709302325581395,2.098204006447156,1.0,0.04710617283950617,1.4658852258852257,0.6470628137294804,0.27645051194539244,0.31781835143599646,0.4359601657840202
"frozenset({'Question Intent=Request presales guidance', 'Question Complexity=High'})","frozenset({'Presales Category=Solution Architecture', 'Question Type=Architecture'})",0.3,0.3111111111111111,0.09,0.3,0.9642857142857142,1.0,-0.003333333333333341,0.9841269841269842,-0.050251256281407156,0.17270788912579954,-0.01612903225806454,0.2946428571428571
"frozenset({'Presales Category=Solution Architecture', 'Question Type=Architecture'})","frozenset({'Question Intent=Request presales guidance', 'Question Complexity=High'})",0.3111111111111111,0.3,0.09,0.28928571428571426,0.9642857142857142,1.0,-0.003333333333333341,0.9849246231155778,-0.051020408163265425,0.17270788912579954,-0.015306122448979618,0.2946428571428571
"frozenset({'Question Type=Architecture', 'Question Complexity=High'})","frozenset({'Question Intent=Request presales guidance', 'Presales Category=Solution Architecture'})",0.22444444444444445,0.19111111111111112,0.09,0.40099009900990096,2.098204006447156,1.0,0.04710617283950617,1.3503764921946737,0.6748735363826098,0.27645051194539244,0.25946578174300944,0.4359601657840202
"frozenset({'Presales Category=Solution Architecture', 'Question Complexity=High'})","frozenset({'Question Intent=Request presales guidance', 'Question Type=Architecture'})",0.3055555555555556,0.17,0.09,0.2945454545454545,1.7326203208556146,1.0,0.038055555555555544,1.1765463917525771,0.6088888888888888,0.23342939481268005,0.15005476451259578,0.41197860962566835
frozenset({'Question Intent=Request presales guidance'}),"frozenset({'Presales Category=Solution Architecture', 'Question Type=Architecture', 'Question Complexity=High'})",0.40444444444444444,0.20333333333333334,0.09,0.22252747252747251,1.0943974058728156,1.0,0.007762962962962958,1.0246878680800942,0.14483139856274174,0.17381974248927037,0.024093061749965495,0.3325752116735723
frozenset({'Question Type=Architecture'}),"frozenset({'Question Intent=Request presales guidance', 'Presales Category=Solution Architecture', 'Question Complexity=High'})",0.3522222222222222,0.12222222222222222,0.09,0.2555205047318612,2.090622311442501,1.0,0.04695061728395061,1.1790489642184556,0.8053279122461512,0.23410404624277453,0.1518588028590824,0.49594207054774875
frozenset({'Presales Category=Solution Architecture'}),"frozenset({'Question Intent=Request presales guidance', 'Question Type=Architecture', 'Question Complexity=High'})",0.4588888888888889,0.10333333333333333,0.09,0.19612590799031476,1.897992657970788,1.0,0.04258148148148148,1.1154317269076306,0.8743630694349379,0.19058823529411764,0.10348614274012798,0.5335468249628993
frozenset({'Question Complexity=High'}),"frozenset({'Question Intent=Request presales guidance', 'Question Type=Architecture', 'Presales Category=Solution Architecture'})",0.7666666666666667,0.14444444444444443,0.09,0.11739130434782608,0.8127090301003345,1.0,-0.02074074074074074,0.9693486590038315,-0.4968944099378882,0.10960757780784842,-0.03162055335968379,0.3702341137123746
"frozenset({'Presales Category=Solution Architecture', 'Question Type=Architecture', 'Question Complexity=Medium'})",frozenset({'Business Capability=Hybrid connectivity and network foundation'}),0.08777777777777777,0.23,0.08666666666666667,0.9873417721518988,4.292790313703907,1.0,0.06647777777777777,60.83000000000021,0.8408601143071301,0.37500000000000006,0.983560743054414,0.6820766831773987
"frozenset({'Presales Category=Solution Architecture', 'Question Type=Architecture', 'Business Capability=Hybrid connectivity and network foundation'})",frozenset({'Question Complexity=Medium'}),0.15222222222222223,0.1811111111111111,0.08666666666666667,0.5693430656934306,3.143612019166181,1.0,0.05909753086419753,1.901487758945386,0.8043317538730383,0.3513513513513513,0.4740960096663332,0.5239353365276969
"frozenset({'Presales Category=Solution Architecture', 'Question Complexity=Medium', 'Business Capability=Hybrid connectivity and network foundation'})",frozenset({'Question Type=Architecture'}),0.10888888888888888,0.3522222222222222,0.08666666666666667,0.7959183673469389,2.2597051438872082,1.0,0.04831358024691359,3.1741111111111127,0.6255834772044249,0.23145400593471813,0.684951167430952,0.5209875748406618
"frozenset({'Question Type=Architecture', 'Question Complexity=Medium', 'Business Capability=Hybrid connectivity and network foundation'})",frozenset({'Presales Category=Solution Architecture'}),0.10222222222222223,0.4588888888888889,0.08666666666666667,0.8478260869565217,1.8475629013580377,1.0,0.03975802469135802,3.5558730158730154,0.510979944148261,0.18266978922716628,0.7187751093652353,0.5183440362143383
"frozenset({'Presales Category=Solution Architecture', 'Question Type=Architecture'})","frozenset({'Question Complexity=Medium', 'Business Capability=Hybrid connectivity and network foundation'})",0.3111111111111111,0.13444444444444445,0.08666666666666667,0.2785714285714286,2.072018890200708,1.0,0.04483950617283951,1.1997799779977998,0.7510339123242349,0.2414860681114551,0.16651384558958374,0.46159976387249113
"frozenset({'Presales Category=Solution Architecture', 'Question Complexity=Medium'})","frozenset({'Question Type=Architecture', 'Business Capability=Hybrid connectivity and network foundation'})",0.12,0.17777777777777778,0.08666666666666667,0.7222222222222223,4.0625,1.0,0.06533333333333334,2.960000000000001,0.8566433566433568,0.41052631578947363,0.6621621621621623,0.6048611111111112
"frozenset({'Presales Category=Solution Architecture', 'Business Capability=Hybrid connectivity and network foundation'})","frozenset({'Question Type=Architecture', 'Question Complexity=Medium'})",0.19111111111111112,0.10333333333333333,0.08666666666666667,0.45348837209302323,4.388597149287322,1.0,0.06691851851851852,1.6407092198581559,0.9545646661031275,0.41711229946524064,0.39050747817065784,0.6460990247561891
"frozenset({'Question Type=Architecture', 'Question Complexity=Medium'})","frozenset({'Presales Category=Solution Architecture', 'Business Capability=Hybrid connectivity and network foundation'})",0.10333333333333333,0.19111111111111112,0.08666666666666667,0.8387096774193549,4.388597149287322,1.0,0.06691851851851852,5.015111111111112,0.8611190544276045,0.41711229946524064,0.8006026231832684,0.6460990247561891
"frozenset({'Question Type=Architecture', 'Business Capability=Hybrid connectivity and network foundation'})","frozenset({'Presales Category=Solution Architecture', 'Question Complexity=Medium'})",0.17777777777777778,0.12,0.08666666666666667,0.4875,4.0625,1.0,0.06533333333333334,1.7170731707317075,0.916839916839917,0.41052631578947363,0.41761363636363635,0.6048611111111112
"frozenset({'Question Complexity=Medium', 'Business Capability=Hybrid connectivity and network foundation'})","frozenset({'Presales Category=Solution Architecture', 'Question Type=Architecture'})",0.13444444444444445,0.3111111111111111,0.08666666666666667,0.6446280991735537,2.072018890200708,1.0,0.04483950617283951,1.9385012919896638,0.5977420098087621,0.2414860681114551,0.4841375633164489,0.46159976387249113
frozenset({'Presales Category=Solution Architecture'}),"frozenset({'Question Type=Architecture', 'Question Complexity=Medium', 'Business Capability=Hybrid connectivity and network foundation'})",0.4588888888888889,0.10222222222222223,0.08666666666666667,0.18886198547215496,1.8475629013580377,1.0,0.03975802469135802,1.1068126036484245,0.8477860264307903,0.18266978922716628,0.09650468678829141,0.5183440362143383
frozenset({'Question Type=Architecture'}),"frozenset({'Presales Category=Solution Architecture', 'Question Complexity=Medium', 'Business Capability=Hybrid connectivity and network foundation'})",0.3522222222222222,0.10888888888888888,0.08666666666666667,0.24605678233438488,2.2597051438872082,1.0,0.04831358024691359,1.1819339841933985,0.8605796719004267,0.23145400593471813,0.15392905748247682,0.5209875748406618
frozenset({'Question Complexity=Medium'}),"frozenset({'Presales Category=Solution Architecture', 'Question Type=Architecture', 'Business Capability=Hybrid connectivity and network foundation'})",0.1811111111111111,0.15222222222222223,0.08666666666666667,0.4785276073619632,3.1436120191661816,1.0,0.05909753086419753,1.6257385620915032,0.8327070939011236,0.3513513513513513,0.3848949497061165,0.5239353365276969
frozenset({'Business Capability=Hybrid connectivity and network foundation'}),"frozenset({'Presales Category=Solution Architecture', 'Question Type=Architecture', 'Question Complexity=Medium'})",0.23,0.08777777777777777,0.08666666666666667,0.37681159420289856,4.292790313703907,1.0,0.06647777777777777,1.4637984496124032,0.996170496170496,0.37500000000000006,0.3168458401737012,0.6820766831773987
"frozenset({'Question Intent=Request presales guidance', 'Presales Category=Security & Compliance', 'Business Capability=Risk, compliance and identity control'})",frozenset({'Question Complexity=High'}),0.08222222222222222,0.7666666666666667,0.08222222222222222,1.0,1.3043478260869565,1.0,0.01918518518518518,inf,0.2542372881355931,0.1072463768115942,1.0,0.553623188405797
"frozenset({'Question Intent=Request presales guidance', 'Question Complexity=High', 'Business Capability=Risk, compliance and identity control'})",frozenset({'Presales Category=Security & Compliance'}),0.16555555555555557,0.24666666666666667,0.08222222222222222,0.4966442953020134,2.013422818791946,1.0,0.041385185185185185,1.496622222222222,0.6031957390146471,0.2491582491582491,0.3318287105778939,0.41498881431767337
"frozenset({'Question Intent=Request presales guidance', 'Presales Category=Security & Compliance', 'Question Complexity=High'})","frozenset({'Business Capability=Risk, compliance and identity control'})",0.09666666666666666,0.4166666666666667,0.08222222222222222,0.8505747126436782,2.0413793103448277,1.0,0.041944444444444444,3.903846153846155,0.564725241847013,0.1907216494845361,0.7438423645320199,0.5239540229885058
"frozenset({'Question Complexity=High', 'Presales Category=Security & Compliance', 'Business Capability=Risk, compliance and identity control'})",frozenset({'Question Intent=Request presales guidance'}),0.1922222222222222,0.40444444444444444,0.08222222222222222,0.4277456647398844,1.05761290732389,1.0,0.004479012345679018,1.0407182940516275,0.06743745120636463,0.15982721382289417,0.039125183331895456,0.3155211840182939
"frozenset({'Question Intent=Request presales guidance', 'Business Capability=Risk, compliance and identity control'})","frozenset({'Presales Category=Security & Compliance', 'Question Complexity=High'})",0.16555555555555557,0.24666666666666667,0.08222222222222222,0.4966442953020134,2.013422818791946,1.0,0.041385185185185185,1.496622222222222,0.6031957390146471,0.2491582491582491,0.3318287105778939,0.41498881431767337
"frozenset({'Question Intent=Request presales guidance', 'Presales Category=Security & Compliance'})","frozenset({'Question Complexity=High', 'Business Capability=Risk, compliance and identity control'})",0.09666666666666666,0.4166666666666667,0.08222222222222222,0.8505747126436782,2.0413793103448277,1.0,0.041944444444444444,3.903846153846155,0.564725241847013,0.1907216494845361,0.7438423645320199,0.5239540229885058
"frozenset({'Question Intent=Request presales guidance', 'Question Complexity=High'})","frozenset({'Presales Category=Security & Compliance', 'Business Capability=Risk, compliance and identity control'})",0.3,0.1922222222222222,0.08222222222222222,0.2740740740740741,1.4258188824662814,1.0,0.024555555555555567,1.1127551020408164,0.42664092664092684,0.20054200542005418,0.10132966529115087,0.3509098694069792
"frozenset({'Presales Category=Security & Compliance', 'Business Capability=Risk, compliance and identity control'})","frozenset({'Question Intent=Request presales guidance', 'Question Complexity=High'})",0.1922222222222222,0.3,0.08222222222222222,0.4277456647398844,1.4258188824662814,1.0,0.024555555555555567,1.2232323232323232,0.36971634633257755,0.20054200542005418,0.18249380677126345,0.3509098694069792
"frozenset({'Question Complexity=High', 'Business Capability=Risk, compliance and identity control'})","frozenset({'Question Intent=Request presales guidance', 'Presales Category=Security & Compliance'})",0.4166666666666667,0.09666666666666666,0.08222222222222222,0.19733333333333333,2.0413793103448277,1.0,0.041944444444444444,1.1254152823920267,0.8745173745173747,0.1907216494845361,0.11143911439114391,0.5239540229885058
"frozenset({'Presales Category=Security & Compliance', 'Question Complexity=High'})","frozenset({'Question Intent=Request presales guidance', 'Business Capability=Risk, compliance and identity control'})",0.24666666666666667,0.16555555555555557,0.08222222222222222,0.3333333333333333,2.013422818791946,1.0,0.041385185185185185,1.2516666666666665,0.668141592920354,0.2491582491582491,0.20106524633821568,0.41498881431767337
frozenset({'Question Intent=Request presales guidance'}),"frozenset({'Question Complexity=High', 'Presales Category=Security & Compliance', 'Business Capability=Risk, compliance and identity control'})",0.40444444444444444,0.1922222222222222,0.08222222222222222,0.2032967032967033,1.05761290732389,1.0,0.004479012345679018,1.0139003831417623,0.09146833400564754,0.15982721382289417,0.013709811508986211,0.3155211840182939
"frozenset({'Business Capability=Risk, compliance and identity control'})","frozenset({'Question Intent=Request presales guidance', 'Presales Category=Security & Compliance', 'Question Complexity=High'})",0.4166666666666667,0.09666666666666666,0.08222222222222222,0.19733333333333333,2.0413793103448277,1.0,0.041944444444444444,1.1254152823920267,0.8745173745173747,0.1907216494845361,0.11143911439114391,0.5239540229885058
frozenset({'Presales Category=Security & Compliance'}),"frozenset({'Question Intent=Request presales guidance', 'Question Complexity=High', 'Business Capability=Risk, compliance and identity control'})",0.24666666666666667,0.16555555555555557,0.08222222222222222,0.3333333333333333,2.013422818791946,1.0,0.041385185185185185,1.2516666666666665,0.668141592920354,0.2491582491582491,0.20106524633821568,0.41498881431767337
frozenset({'Question Complexity=High'}),"frozenset({'Question Intent=Request presales guidance', 'Presales Category=Security & Compliance', 'Business Capability=Risk, compliance and identity control'})",0.7666666666666667,0.08222222222222222,0.08222222222222222,0.1072463768115942,1.3043478260869565,1.0,0.01918518518518518,1.028030303030303,1.0,0.1072463768115942,0.02726602800294767,0.553623188405797
"frozenset({'Question Intent=Request presales guidance', 'Question Type=Architecture', 'Knowledge Gap=Public Documentation | Architecture Blueprint | Methodology | SME'})",frozenset({'Question Complexity=High'}),0.1322222222222222,0.7666666666666667,0.08222222222222222,0.6218487394957983,0.8111070515162586,1.0,-0.01914814814814815,0.6170370370370369,-0.21158463385354143,0.10068027210884353,-0.6206482593037218,0.36454755815369627
"frozenset({'Question Intent=Request presales guidance', 'Question Type=Architecture', 'Question Complexity=High'})",frozenset({'Knowledge Gap=Public Documentation | Architecture Blueprint | Methodology | SME'}),0.10333333333333333,0.45666666666666667,0.08222222222222222,0.7956989247311829,1.7424064045208385,1.0,0.03503333333333333,2.659473684210527,0.4751833618004621,0.17209302325581394,0.6239857510389869,0.48787379326583474
"frozenset({'Question Intent=Request presales guidance', 'Knowledge Gap=Public Documentation | Architecture Blueprint | Methodology | SME', 'Question Complexity=High'})",frozenset({'Question Type=Architecture'}),0.1511111111111111,0.3522222222222222,0.08222222222222222,0.5441176470588235,1.5448135089998143,1.0,0.028997530864197534,1.420931899641577,0.4154521013159757,0.19525065963060687,0.2962365048935526,0.38877806643161994
"frozenset({'Question Type=Architecture', 'Knowledge Gap=Public Documentation | Architecture Blueprint | Methodology | SME', 'Question Complexity=High'})",frozenset({'Question Intent=Request presales guidance'}),0.18444444444444444,0.40444444444444444,0.08222222222222222,0.44578313253012053,1.1022110419700784,1.0,0.007624691358024696,1.0745893719806765,0.11370498563959061,0.16228070175438594,0.06941197626326208,0.3245399179134119
"frozenset({'Question Intent=Request presales guidance', 'Question Type=Architecture'})","frozenset({'Knowledge Gap=Public Documentation | Architecture Blueprint | Methodology | SME', 'Question Complexity=High'})",0.17,0.33,0.08222222222222222,0.48366013071895425,1.4656367597544067,1.0,0.02612222222222222,1.2975949367088608,0.3827743406056659,0.19680851063829788,0.22934347868500635,0.3664091899386017
"frozenset({'Question Intent=Request presales guidance', 'Knowledge Gap=Public Documentation | Architecture Blueprint | Methodology | SME'})","frozenset({'Question Type=Architecture', 'Question Complexity=High'})",0.21333333333333335,0.22444444444444445,0.08222222222222222,0.38541666666666663,1.7172029702970295,1.0,0.03434074074074074,1.2619209039548023,0.5309207512597344,0.23124999999999996,0.20755730659025784,0.3758766501650165
"frozenset({'Question Intent=Request presales guidance', 'Question Complexity=High'})","frozenset({'Question Type=Architecture', 'Knowledge Gap=Public Documentation | Architecture Blueprint | Methodology | SME'})",0.3,0.2811111111111111,0.08222222222222222,0.2740740740740741,0.9749670619235837,1.0,-0.0021111111111111053,0.9903061224489798,-0.035381750465549255,0.16481069042316257,-0.009788768675940196,0.2832820963255746
"frozenset({'Question Type=Architecture', 'Knowledge Gap=Public Documentation | Architecture Blueprint | Methodology | SME'})","frozenset({'Question Intent=Request presales guidance', 'Question Complexity=High'})",0.2811111111111111,0.3,0.08222222222222222,0.29249011857707513,0.9749670619235838,1.0,-0.0021111111111111053,0.9893854748603352,-0.0344841493909816,0.16481069042316257,-0.010728402032749797,0.2832820963255746
"frozenset({'Question Type=Architecture', 'Question Complexity=High'})","frozenset({'Question Intent=Request presales guidance', 'Knowledge Gap=Public Documentation | Architecture Blueprint | Methodology | SME'})",0.22444444444444445,0.21333333333333335,0.08222222222222222,0.36633663366336633,1.7172029702970295,1.0,0.03434074074074074,1.2414583333333333,0.538527065747696,0.23124999999999996,0.1944957207585165,0.3758766501650165
"frozenset({'Knowledge Gap=Public Documentation | Architecture Blueprint | Methodology | SME', 'Question Complexity=High'})","frozenset({'Question Intent=Request presales guidance', 'Question Type=Architecture'})",0.33,0.17,0.08222222222222222,0.24915824915824916,1.4656367597544067,1.0,0.02612222222222222,1.1054260089686099,0.47418313836224285,0.19680851063829788,0.09537138452801103,0.3664091899386017
frozenset({'Question Intent=Request presales guidance'}),"frozenset({'Question Type=Architecture', 'Knowledge Gap=Public Documentation | Architecture Blueprint | Methodology | SME', 'Question Complexity=High'})",0.40444444444444444,0.18444444444444444,0.08222222222222222,0.2032967032967033,1.1022110419700781,1.0,0.007624691358024696,1.0236628352490422,0.15570794675272295,0.16228070175438594,0.023115848728927753,0.3245399179134119
frozenset({'Question Type=Architecture'}),"frozenset({'Question Intent=Request presales guidance', 'Knowledge Gap=Public Documentation | Architecture Blueprint | Methodology | SME', 'Question Complexity=High'})",0.3522222222222222,0.1511111111111111,0.08222222222222222,0.23343848580441642,1.5448135089998145,1.0,0.028997530864197534,1.107398262459991,0.5444346576422049,0.19525065963060687,0.09698250945546437,0.38877806643161994
frozenset({'Knowledge Gap=Public Documentation | Architecture Blueprint | Methodology | SME'}),"frozenset({'Question Intent=Request presales guidance', 'Question Type=Architecture', 'Question Complexity=High'})",0.45666666666666667,0.10333333333333333,0.08222222222222222,0.18004866180048662,1.7424064045208383,1.0,0.03503333333333333,1.0935608308605342,0.7841983087381861,0.17209302325581394,0.08555612840202968,0.48787379326583474
frozenset({'Question Complexity=High'}),"frozenset({'Question Intent=Request presales guidance', 'Question Type=Architecture', 'Knowledge Gap=Public Documentation | Architecture Blueprint | Methodology | SME'})",0.7666666666666667,0.1322222222222222,0.08222222222222222,0.1072463768115942,0.8111070515162587,1.0,-0.01914814814814815,0.9720238095238095,-0.4995169082125605,0.10068027210884353,-0.028781383955909363,0.36454755815369627
"frozenset({'Question Type=Architecture', 'Question Complexity=Medium', 'Knowledge Gap=Public Documentation | Architecture Blueprint | Methodology | SME'})",frozenset({'Business Capability=Hybrid connectivity and network foundation'}),0.08222222222222222,0.23,0.0811111111111111,0.9864864864864864,4.289071680376027,1.0,0.06219999999999999,56.97999999999965,0.8355501011642177,0.35096153846153844,0.9824499824499824,0.6695717456587021
"frozenset({'Question Type=Architecture', 'Knowledge Gap=Public Documentation | Architecture Blueprint | Methodology | SME', 'Business Capability=Hybrid connectivity and network foundation'})",frozenset({'Question Complexity=Medium'}),0.13777777777777778,0.1811111111111111,0.0811111111111111,0.5887096774193548,3.2505442311498114,1.0,0.05615802469135802,1.9910239651416117,0.8029939274113825,0.3411214953271028,0.4977458747319122,0.5182812190777755
"frozenset({'Question Complexity=Medium', 'Knowledge Gap=Public Documentation | Architecture Blueprint | Methodology | SME', 'Business Capability=Hybrid connectivity and network foundation'})",frozenset({'Question Type=Architecture'}),0.09555555555555556,0.3522222222222222,0.0811111111111111,0.8488372093023255,2.4099479128457193,1.0,0.047454320987654314,4.2852991452991445,0.6468647975497291,0.2212121212121212,0.7666440623878096,0.5395605604871249
"frozenset({'Question Type=Architecture', 'Question Complexity=Medium', 'Business Capability=Hybrid connectivity and network foundation'})",frozenset({'Knowledge Gap=Public Documentation | Architecture Blueprint | Methodology | SME'}),0.10222222222222223,0.45666666666666667,0.0811111111111111,0.7934782608695651,1.7375436369406534,1.0,0.03442962962962962,2.6308771929824544,0.4728061847280618,0.1697674418604651,0.6198986396372363,0.4855469163228604
"frozenset({'Question Type=Architecture', 'Knowledge Gap=Public Documentation | Architecture Blueprint | Methodology | SME'})","frozenset({'Question Complexity=Medium', 'Business Capability=Hybrid connectivity and network foundation'})",0.2811111111111111,0.13444444444444445,0.0811111111111111,0.2885375494071146,2.146147061705811,1.0,0.04331728395061728,1.2165864197530865,0.7428807351104146,0.2425249169435216,0.1780279774921735,0.4459216672655408
"frozenset({'Question Complexity=Medium', 'Knowledge Gap=Public Documentation | Architecture Blueprint | Methodology | SME'})","frozenset({'Question Type=Architecture', 'Business Capability=Hybrid connectivity and network foundation'})",0.10666666666666667,0.17777777777777778,0.0811111111111111,0.7604166666666665,4.277343749999999,1.0,0.06214814814814814,3.431884057971012,0.8576978123083214,0.39890710382513656,0.7086148648648647,0.6083333333333332
"frozenset({'Knowledge Gap=Public Documentation | Architecture Blueprint | Methodology | SME', 'Business Capability=Hybrid connectivity and network foundation'})","frozenset({'Question Type=Architecture', 'Question Complexity=Medium'})",0.15888888888888889,0.10333333333333333,0.0811111111111111,0.5104895104895105,4.940221069253328,1.0,0.0646925925925926,1.831761904761905,0.948245598161452,0.44785276073619623,0.45407752099201915,0.6477178735243252
"frozenset({'Question Type=Architecture', 'Question Complexity=Medium'})","frozenset({'Knowledge Gap=Public Documentation | Architecture Blueprint | Methodology | SME', 'Business Capability=Hybrid connectivity and network foundation'})",0.10333333333333333,0.15888888888888889,0.0811111111111111,0.7849462365591398,4.940221069253327,1.0,0.0646925925925926,3.9111666666666665,0.8894943219432704,0.44785276073619623,0.7443218136106021,0.6477178735243252
"frozenset({'Question Type=Architecture', 'Business Capability=Hybrid connectivity and network foundation'})","frozenset({'Question Complexity=Medium', 'Knowledge Gap=Public Documentation | Architecture Blueprint | Methodology | SME'})",0.17777777777777778,0.10666666666666667,0.0811111111111111,0.45624999999999993,4.277343749999999,1.0,0.06214814814814814,1.6429118773946358,0.9318770825620141,0.39890710382513656,0.39132462686567154,0.6083333333333332
"frozenset({'Question Complexity=Medium', 'Business Capability=Hybrid connectivity and network foundation'})","frozenset({'Question Type=Architecture', 'Knowledge Gap=Public Documentation | Architecture Blueprint | Methodology | SME'})",0.13444444444444445,0.2811111111111111,0.0811111111111111,0.6033057851239669,2.1461470617058116,1.0,0.04331728395061728,1.812199074074074,0.6170010726783547,0.2425249169435216,0.4481842451492585,0.4459216672655408
frozenset({'Knowledge Gap=Public Documentation | Architecture Blueprint | Methodology | SME'}),"frozenset({'Question Type=Architecture', 'Question Complexity=Medium', 'Business Capability=Hybrid connectivity and network foundation'})",0.45666666666666667,0.10222222222222223,0.0811111111111111,0.1776155717761557,1.7375436369406534,1.0,0.03442962962962962,1.0916765285996055,0.7812421211866541,0.1697674418604651,0.08397774083977738,0.4855469163228604
frozenset({'Question Type=Architecture'}),"frozenset({'Question Complexity=Medium', 'Knowledge Gap=Public Documentation | Architecture Blueprint | Methodology | SME', 'Business Capability=Hybrid connectivity and network foundation'})",0.3522222222222222,0.09555555555555556,0.0811111111111111,0.23028391167192427,2.409947912845719,1.0,0.047454320987654314,1.1750364298724953,0.9031697173335839,0.2212121212121212,0.14896255590261898,0.5395605604871249
frozenset({'Question Complexity=Medium'}),"frozenset({'Question Type=Architecture', 'Knowledge Gap=Public Documentation | Architecture Blueprint | Methodology | SME', 'Business Capability=Hybrid connectivity and network foundation'})",0.1811111111111111,0.13777777777777778,0.0811111111111111,0.4478527607361963,3.250544231149812,1.0,0.05615802469135802,1.5615802469135802,0.8454861433802345,0.3411214953271028,0.35962304724558847,0.5182812190777755
frozenset({'Business Capability=Hybrid connectivity and network foundation'}),"frozenset({'Question Type=Architecture', 'Question Complexity=Medium', 'Knowledge Gap=Public Documentation | Architecture Blueprint | Methodology | SME'})",0.23,0.08222222222222222,0.0811111111111111,0.35265700483091783,4.289071680376027,1.0,0.06219999999999999,1.417761194029851,0.9959082013876533,0.35096153846153844,0.29466259606274336,0.6695717456587021
"frozenset({'Question Intent=Request presales guidance', 'Question Type=Architecture', 'Presales Category=Solution Architecture'})",frozenset({'Business Capability=Hybrid connectivity and network foundation'}),0.14444444444444443,0.23,0.08,0.5538461538461539,2.408026755852843,1.0,0.04677777777777778,1.7258620689655173,0.6834415584415584,0.27169811320754716,0.42057942057942066,0.4508361204013378
"frozenset({'Question Intent=Request presales guidance', 'Question Type=Architecture', 'Business Capability=Hybrid connectivity and network foundation'})",frozenset({'Presales Category=Solution Architecture'}),0.09333333333333334,0.4588888888888889,0.08,0.8571428571428571,1.86786579038395,1.0,0.03717037037037037,3.7877777777777766,0.5124591503267975,0.16941176470588235,0.7359929598122615,0.5157384987893462
"frozenset({'Question Intent=Request presales guidance', 'Presales Category=Solution Architecture', 'Business Capability=Hybrid connectivity and network foundation'})",frozenset({'Question Type=Architecture'}),0.09444444444444444,0.3522222222222222,0.08,0.8470588235294118,2.404898868064576,1.0,0.04673456790123457,4.2354700854700855,0.645109066121336,0.2181818181818182,0.7638986984159015,0.537094080534422
"frozenset({'Presales Category=Solution Architecture', 'Question Type=Architecture', 'Business Capability=Hybrid connectivity and network foundation'})",frozenset({'Question Intent=Request presales guidance'}),0.15222222222222223,0.40444444444444444,0.08,0.5255474452554745,1.2994304965107886,1.0,0.018434567901234565,1.2552478632478634,0.2718071938255424,0.16783216783216784,0.20334459091404294,0.3616748215288361
"frozenset({'Question Intent=Request presales guidance', 'Question Type=Architecture'})","frozenset({'Presales Category=Solution Architecture', 'Business Capability=Hybrid connectivity and network foundation'})",0.17,0.19111111111111112,0.08,0.47058823529411764,2.462380300957592,1.0,0.04751111111111111,1.5279012345679013,0.7155287817938419,0.2845849802371541,0.34550743374272785,0.44459644322845415
"frozenset({'Question Intent=Request presales guidance', 'Presales Category=Solution Architecture'})","frozenset({'Question Type=Architecture', 'Business Capability=Hybrid connectivity and network foundation'})",0.19111111111111112,0.17777777777777778,0.08,0.41860465116279066,2.3546511627906974,1.0,0.04602469135802469,1.414222222222222,0.7112332112332113,0.2769230769230769,0.29289754871150214,0.43430232558139537
"frozenset({'Question Intent=Request presales guidance', 'Business Capability=Hybrid connectivity and network foundation'})","frozenset({'Presales Category=Solution Architecture', 'Question Type=Architecture'})",0.11666666666666667,0.3111111111111111,0.08,0.6857142857142857,2.204081632653061,1.0,0.0437037037037037,2.191919191919192,0.6184486373165619,0.23003194888178913,0.543778801843318,0.4714285714285714
"frozenset({'Presales Category=Solution Architecture', 'Question Type=Architecture'})","frozenset({'Question Intent=Request presales guidance', 'Business Capability=Hybrid connectivity and network foundation'})",0.3111111111111111,0.11666666666666667,0.08,0.2571428571428571,2.204081632653061,1.0,0.0437037037037037,1.189102564102564,0.793010752688172,0.23003194888178913,0.1590296495956873,0.4714285714285714
"frozenset({'Question Type=Architecture', 'Business Capability=Hybrid connectivity and network foundation'})","frozenset({'Question Intent=Request presales guidance', 'Presales Category=Solution Architecture'})",0.17777777777777778,0.19111111111111112,0.08,0.45,2.3546511627906974,1.0,0.04602469135802469,1.4707070707070706,0.6996996996996997,0.2769230769230769,0.3200549450549451,0.43430232558139537
"frozenset({'Presales Category=Solution Architecture', 'Business Capability=Hybrid connectivity and network foundation'})","frozenset({'Question Intent=Request presales guidance', 'Question Type=Architecture'})",0.19111111111111112,0.17,0.08,0.41860465116279066,2.4623803009575917,1.0,0.04751111111111111,1.4275999999999998,0.7342032967032966,0.2845849802371541,0.2995236760997478,0.44459644322845415
frozenset({'Question Intent=Request presales guidance'}),"frozenset({'Presales Category=Solution Architecture', 'Question Type=Architecture', 'Business Capability=Hybrid connectivity and network foundation'})",0.40444444444444444,0.15222222222222223,0.08,0.19780219780219782,1.2994304965107886,1.0,0.018434567901234565,1.0568188736681887,0.3869195688225538,0.16783216783216784,0.05376406031714028,0.3616748215288361
frozenset({'Question Type=Architecture'}),"frozenset({'Question Intent=Request presales guidance', 'Presales Category=Solution Architecture', 'Business Capability=Hybrid connectivity and network foundation'})",0.3522222222222222,0.09444444444444444,0.08,0.22712933753943218,2.404898868064576,1.0,0.04673456790123457,1.1716780045351474,0.9018248522965505,0.2181818181818182,0.1465231948288208,0.537094080534422
frozenset({'Presales Category=Solution Architecture'}),"frozenset({'Question Intent=Request presales guidance', 'Question Type=Architecture', 'Business Capability=Hybrid connectivity and network foundation'})",0.4588888888888889,0.09333333333333334,0.08,0.17433414043583534,1.86786579038395,1.0,0.03717037037037037,1.0981036168132943,0.8586584531143052,0.16941176470588235,0.08933912548070073,0.5157384987893462
frozenset({'Business Capability=Hybrid connectivity and network foundation'}),"frozenset({'Question Intent=Request presales guidance', 'Question Type=Architecture', 'Presales Category=Solution Architecture'})",0.23,0.14444444444444443,0.08,0.34782608695652173,2.408026755852843,1.0,0.04677777777777778,1.311851851851852,0.7593795093795094,0.27169811320754716,0.2377188029361942,0.4508361204013378
"frozenset({'Presales Category=Solution Architecture', 'Question Type=Architecture', 'Question Intent=Determine implementation approach'})",frozenset({'Knowledge Gap=Public Documentation | Architecture Blueprint | Methodology | SME'}),0.0811111111111111,0.45666666666666667,0.08,0.9863013698630138,2.1597840215978406,1.0,0.042959259259259266,39.6633333333335,0.5843913744457881,0.17475728155339806,0.9747877972938903,0.5807419258074193
"frozenset({'Presales Category=Solution Architecture', 'Question Type=Architecture', 'Knowledge Gap=Public Documentation | Architecture Blueprint | Methodology | SME'})",frozenset({'Question Intent=Determine implementation approach'}),0.24555555555555555,0.24444444444444444,0.08,0.3257918552036199,1.332784862196627,1.0,0.01997530864197531,1.120656226696495,0.3309605629193258,0.1951219512195122,0.10766569071067343,0.3265322912381736
"frozenset({'Presales Category=Solution Architecture', 'Question Intent=Determine implementation approach', 'Knowledge Gap=Public Documentation | Architecture Blueprint | Methodology | SME'})",frozenset({'Question Type=Architecture'}),0.08777777777777777,0.3522222222222222,0.08,0.9113924050632912,2.5875494150061895,1.0,0.04908271604938272,7.310634920634928,0.6725707132223576,0.22222222222222224,0.8632129752263501,0.5692608713013617
"frozenset({'Question Type=Architecture', 'Question Intent=Determine implementation approach', 'Knowledge Gap=Public Documentation | Architecture Blueprint | Methodology | SME'})",frozenset({'Presales Category=Solution Architecture'}),0.08888888888888889,0.4588888888888889,0.08,0.9,1.9612590799031477,1.0,0.03920987654320988,5.411111111111112,0.537940379403794,0.171021377672209,0.8151950718685832,0.5371670702179177
"frozenset({'Presales Category=Solution Architecture', 'Question Type=Architecture'})","frozenset({'Question Intent=Determine implementation approach', 'Knowledge Gap=Public Documentation | Architecture Blueprint | Methodology | SME'})",0.3111111111111111,0.13,0.08,0.2571428571428571,1.9780219780219777,1.0,0.03955555555555555,1.1711538461538462,0.7177419354838709,0.22153846153846155,0.1461412151067323,0.43626373626373627
"frozenset({'Presales Category=Solution Architecture', 'Question Intent=Determine implementation approach'})","frozenset({'Question Type=Architecture', 'Knowledge Gap=Public Documentation | Architecture Blueprint | Methodology | SME'})",0.09666666666666666,0.2811111111111111,0.08,0.8275862068965517,2.943982554177457,1.0,0.05282592592592593,4.169555555555555,0.7309860598605986,0.2686567164179105,0.7601662847092683,0.5560855935668529
"frozenset({'Presales Category=Solution Architecture', 'Knowledge Gap=Public Documentation | Architecture Blueprint | Methodology | SME'})","frozenset({'Question Type=Architecture', 'Question Intent=Determine implementation approach'})",0.31,0.09,0.08,0.25806451612903225,2.867383512544803,1.0,0.05210000000000001,1.2265217391304348,0.9438405797101451,0.25,0.184686281460475,0.5734767025089607
"frozenset({'Question Type=Architecture', 'Question Intent=Determine implementation approach'})","frozenset({'Presales Category=Solution Architecture', 'Knowledge Gap=Public Documentation | Architecture Blueprint | Methodology | SME'})",0.09,0.31,0.08,0.888888888888889,2.8673835125448033,1.0,0.05210000000000001,6.210000000000003,0.7156593406593408,0.25,0.8389694041867958,0.5734767025089607
"frozenset({'Question Type=Architecture', 'Knowledge Gap=Public Documentation | Architecture Blueprint | Methodology | SME'})","frozenset({'Presales Category=Solution Architecture', 'Question Intent=Determine implementation approach'})",0.2811111111111111,0.09666666666666666,0.08,0.2845849802371542,2.943982554177457,1.0,0.05282592592592593,1.262670349907919,0.9185342606903657,0.2686567164179105,0.20802765339906365,0.5560855935668529
"frozenset({'Question Intent=Determine implementation approach', 'Knowledge Gap=Public Documentation | Architecture Blueprint | Methodology | SME'})","frozenset({'Presales Category=Solution Architecture', 'Question Type=Architecture'})",0.13,0.3111111111111111,0.08,0.6153846153846154,1.978021978021978,1.0,0.03955555555555555,1.7911111111111113,0.5683269476372924,0.22153846153846155,0.4416873449131514,0.43626373626373627
frozenset({'Presales Category=Solution Architecture'}),"frozenset({'Question Type=Architecture', 'Question Intent=Determine implementation approach', 'Knowledge Gap=Public Documentation | Architecture Blueprint | Methodology | SME'})",0.4588888888888889,0.08888888888888889,0.08,0.17433414043583534,1.9612590799031475,1.0,0.03920987654320988,1.1034864776800262,0.9057723020762035,0.171021377672209,0.09378137364908756,0.5371670702179177
frozenset({'Question Type=Architecture'}),"frozenset({'Presales Category=Solution Architecture', 'Question Intent=Determine implementation approach', 'Knowledge Gap=Public Documentation | Architecture Blueprint | Methodology | SME'})",0.3522222222222222,0.08777777777777777,0.08,0.22712933753943218,2.5875494150061895,1.0,0.04908271604938272,1.1803038548752836,0.9471364589289119,0.22222222222222224,0.1527605405426175,0.5692608713013617
frozenset({'Question Intent=Determine implementation approach'}),"frozenset({'Presales Category=Solution Architecture', 'Question Type=Architecture', 'Knowledge Gap=Public Documentation | Architecture Blueprint | Methodology | SME'})",0.24444444444444444,0.24555555555555555,0.08,0.32727272727272727,1.332784862196627,1.0,0.01997530864197531,1.1214714714714715,0.3304738562091503,0.1951219512195122,0.1083143660463248,0.3265322912381736
frozenset({'Knowledge Gap=Public Documentation | Architecture Blueprint | Methodology | SME'}),"frozenset({'Presales Category=Solution Architecture', 'Question Type=Architecture', 'Question Intent=Determine implementation approach'})",0.45666666666666667,0.0811111111111111,0.08,0.17518248175182483,2.1597840215978406,1.0,0.042959259259259266,1.1140511307767944,0.98832651670075,0.17475728155339806,0.10237513128977309,0.5807419258074193
"frozenset({'Presales Category=Solution Architecture', 'Question Complexity=Medium', 'Knowledge Gap=Public Documentation | Architecture Blueprint | Methodology | SME'})",frozenset({'Business Capability=Hybrid connectivity and network foundation'}),0.08444444444444445,0.23,0.07777777777777778,0.9210526315789473,4.004576659038901,1.0,0.058355555555555556,9.75333333333333,0.8194868238557558,0.32863849765258213,0.897470950102529,0.6296084413933384
"frozenset({'Presales Category=Solution Architecture', 'Knowledge Gap=Public Documentation | Architecture Blueprint | Methodology | SME', 'Business Capability=Hybrid connectivity and network foundation'})",frozenset({'Question Complexity=Medium'}),0.13111111111111112,0.1811111111111111,0.07777777777777778,0.5932203389830508,3.275449724446293,1.0,0.05403209876543209,2.0131018518518515,0.7995250274022653,0.33175355450236965,0.5032541452981625,0.5113340958718935
"frozenset({'Question Complexity=Medium', 'Knowledge Gap=Public Documentation | Architecture Blueprint | Methodology | SME', 'Business Capability=Hybrid connectivity and network foundation'})",frozenset({'Presales Category=Solution Architecture'}),0.09555555555555556,0.4588888888888889,0.07777777777777778,0.813953488372093,1.7737485218762317,1.0,0.03392839506172839,2.908472222222222,0.4823095823095823,0.16317016317016314,0.6561768778950384,0.4917225068979109
"frozenset({'Presales Category=Solution Architecture', 'Question Complexity=Medium', 'Business Capability=Hybrid connectivity and network foundation'})",frozenset({'Knowledge Gap=Public Documentation | Architecture Blueprint | Methodology | SME'}),0.10888888888888888,0.45666666666666667,0.07777777777777778,0.7142857142857143,1.5641293013555788,1.0,0.028051851851851856,1.9016666666666668,0.4047381546134664,0.1594533029612756,0.4741454864154251,0.44230100799443867
"frozenset({'Presales Category=Solution Architecture', 'Knowledge Gap=Public Documentation | Architecture Blueprint | Methodology | SME'})","frozenset({'Question Complexity=Medium', 'Business Capability=Hybrid connectivity and network foundation'})",0.31,0.13444444444444445,0.07777777777777778,0.25089605734767023,1.8661690215942413,1.0,0.0361,1.1554545454545453,0.6726708074534162,0.21212121212121213,0.13453973249409912,0.41470422702094256
"frozenset({'Question Complexity=Medium', 'Knowledge Gap=Public Documentation | Architecture Blueprint | Methodology | SME'})","frozenset({'Presales Category=Solution Architecture', 'Business Capability=Hybrid connectivity and network foundation'})",0.10666666666666667,0.19111111111111112,0.07777777777777778,0.7291666666666666,3.815406976744186,1.0,0.05739259259259259,2.9866666666666664,0.8260127931769723,0.3535353535353535,0.6651785714285714,0.5680717054263565
"frozenset({'Knowledge Gap=Public Documentation | Architecture Blueprint | Methodology | SME', 'Business Capability=Hybrid connectivity and network foundation'})","frozenset({'Presales Category=Solution Architecture', 'Question Complexity=Medium'})",0.15888888888888889,0.12,0.07777777777777778,0.48951048951048953,4.0792540792540795,1.0,0.05871111111111112,1.7238356164383564,0.8974523494999057,0.3867403314917128,0.4198982835346472,0.5688293188293189
"frozenset({'Presales Category=Solution Architecture', 'Question Complexity=Medium'})","frozenset({'Knowledge Gap=Public Documentation | Architecture Blueprint | Methodology | SME', 'Business Capability=Hybrid connectivity and network foundation'})",0.12,0.15888888888888889,0.07777777777777778,0.6481481481481481,4.0792540792540795,1.0,0.05871111111111112,2.3905263157894736,0.8577922077922079,0.3867403314917128,0.5816820783795684,0.5688293188293189
"frozenset({'Presales Category=Solution Architecture', 'Business Capability=Hybrid connectivity and network foundation'})","frozenset({'Question Complexity=Medium', 'Knowledge Gap=Public Documentation | Architecture Blueprint | Methodology | SME'})",0.19111111111111112,0.10666666666666667,0.07777777777777778,0.4069767441860465,3.815406976744186,1.0,0.05739259259259259,1.50640522875817,0.9122448979591836,0.3535353535353535,0.33616799722318635,0.5680717054263565
"frozenset({'Question Complexity=Medium', 'Business Capability=Hybrid connectivity and network foundation'})","frozenset({'Presales Category=Solution Architecture', 'Knowledge Gap=Public Documentation | Architecture Blueprint | Methodology | SME'})",0.13444444444444445,0.31,0.07777777777777778,0.5785123966942148,1.8661690215942415,1.0,0.0361,1.6370588235294115,0.5362369337979094,0.21212121212121213,0.3891484010061085,0.41470422702094256
frozenset({'Knowledge Gap=Public Documentation | Architecture Blueprint | Methodology | SME'}),"frozenset({'Presales Category=Solution Architecture', 'Question Complexity=Medium', 'Business Capability=Hybrid connectivity and network foundation'})",0.45666666666666667,0.10888888888888888,0.07777777777777778,0.17031630170316303,1.564129301355579,1.0,0.028051851851851856,1.0740371456500488,0.6638036809815951,0.1594533029612756,0.0689335056519286,0.44230100799443867
frozenset({'Presales Category=Solution Architecture'}),"frozenset({'Question Complexity=Medium', 'Knowledge Gap=Public Documentation | Architecture Blueprint | Methodology | SME', 'Business Capability=Hybrid connectivity and network foundation'})",0.4588888888888889,0.09555555555555556,0.07777777777777778,0.1694915254237288,1.7737485218762317,1.0,0.03392839506172839,1.0890249433106576,0.8061601642710472,0.16317016317016314,0.08174738683213259,0.4917225068979109
frozenset({'Question Complexity=Medium'}),"frozenset({'Presales Category=Solution Architecture', 'Knowledge Gap=Public Documentation | Architecture Blueprint | Methodology | SME', 'Business Capability=Hybrid connectivity and network foundation'})",0.1811111111111111,0.13111111111111112,0.07777777777777778,0.4294478527607362,3.275449724446293,1.0,0.05403209876543209,1.5228912783751491,0.8483427020740452,0.33175355450236965,0.34335430624637164,0.5113340958718935
frozenset({'Business Capability=Hybrid connectivity and network foundation'}),"frozenset({'Presales Category=Solution Architecture', 'Question Complexity=Medium', 'Knowledge Gap=Public Documentation | Architecture Blueprint | Methodology | SME'})",0.23,0.08444444444444445,0.07777777777777778,0.33816425120772947,4.004576659038902,1.0,0.058355555555555556,1.3833576642335765,0.9743970315398887,0.32863849765258213,0.2771211481637822,0.6296084413933384
"frozenset({'Presales Category=Security & Compliance', 'Knowledge Gap=Public Documentation | Governance Framework | Risk Register | SME', 'Question Type=Governance / Security'})","frozenset({'Business Capability=Risk, compliance and identity control'})",0.1,0.4166666666666667,0.07777777777777778,0.7777777777777778,1.8666666666666667,1.0,0.03611111111111111,2.625,0.5158730158730158,0.1772151898734177,0.6190476190476191,0.4822222222222222
"frozenset({'Business Capability=Risk, compliance and identity control', 'Presales Category=Security & Compliance', 'Question Type=Governance / Security'})",frozenset({'Knowledge Gap=Public Documentation | Governance Framework | Risk Register | SME'}),0.09888888888888889,0.2111111111111111,0.07777777777777778,0.7865168539325843,3.7256061502069784,1.0,0.056901234567901235,3.695321637426901,0.811872467852739,0.3349282296650718,0.7293875613229942,0.5774689532820816
"frozenset({'Business Capability=Risk, compliance and identity control', 'Knowledge Gap=Public Documentation | Governance Framework | Risk Register | SME', 'Question Type=Governance / Security'})",frozenset({'Presales Category=Security & Compliance'}),0.07777777777777778,0.24666666666666667,0.07777777777777778,1.0,4.054054054054054,1.0,0.05859259259259259,inf,0.816867469879518,0.31531531531531537,1.0,0.6576576576576576
"frozenset({'Presales Category=Security & Compliance', 'Knowledge Gap=Public Documentation | Governance Framework | Risk Register | SME', 'Business Capability=Risk, compliance and identity control'})",frozenset({'Question Type=Governance / Security'}),0.11888888888888889,0.13666666666666666,0.07777777777777778,0.6542056074766355,4.786870298609528,1.0,0.06152962962962963,2.496666666666666,0.897838227346424,0.43750000000000006,0.5994659546061416,0.6116556492667731
"frozenset({'Presales Category=Security & Compliance', 'Question Type=Governance / Security'})","frozenset({'Knowledge Gap=Public Documentation | Governance Framework | Risk Register | SME', 'Business Capability=Risk, compliance and identity control'})",0.12666666666666668,0.12111111111111111,0.07777777777777778,0.6140350877192982,5.070014485755673,1.0,0.06243703703703704,2.2771212121212114,0.9191930207197384,0.45751633986928103,0.560849025217912,0.6281184612908417
"frozenset({'Knowledge Gap=Public Documentation | Governance Framework | Risk Register | SME', 'Question Type=Governance / Security'})","frozenset({'Presales Category=Security & Compliance', 'Business Capability=Risk, compliance and identity control'})",0.1,0.1922222222222222,0.07777777777777778,0.7777777777777778,4.046242774566474,1.0,0.058555555555555555,3.6350000000000002,0.8365079365079364,0.3626943005181347,0.7248968363136177,0.5912010276172126
"frozenset({'Business Capability=Risk, compliance and identity control', 'Question Type=Governance / Security'})","frozenset({'Presales Category=Security & Compliance', 'Knowledge Gap=Public Documentation | Governance Framework | Risk Register | SME'})",0.10222222222222223,0.15555555555555556,0.07777777777777778,0.7608695652173912,4.891304347826087,1.0,0.06187654320987654,3.5313131313131305,0.8861386138613861,0.4320987654320988,0.7168192219679633,0.6304347826086956
"frozenset({'Presales Category=Security & Compliance', 'Knowledge Gap=Public Documentation | Governance Framework | Risk Register | SME'})","frozenset({'Business Capability=Risk, compliance and identity control', 'Question Type=Governance / Security'})",0.15555555555555556,0.10222222222222223,0.07777777777777778,0.5,4.891304347826087,1.0,0.06187654320987654,1.7955555555555556,0.9421052631578948,0.4320987654320988,0.4430693069306931,0.6304347826086956
"frozenset({'Presales Category=Security & Compliance', 'Business Capability=Risk, compliance and identity control'})","frozenset({'Knowledge Gap=Public Documentation | Governance Framework | Risk Register | SME', 'Question Type=Governance / Security'})",0.1922222222222222,0.1,0.07777777777777778,0.4046242774566474,4.0462427745664735,1.0,0.058555555555555555,1.5116504854368933,0.9320102181175083,0.3626943005181347,0.33847141939627495,0.5912010276172126
"frozenset({'Knowledge Gap=Public Documentation | Governance Framework | Risk Register | SME', 'Business Capability=Risk, compliance and identity control'})","frozenset({'Presales Category=Security & Compliance', 'Question Type=Governance / Security'})",0.12111111111111111,0.12666666666666668,0.07777777777777778,0.6422018348623854,5.0700144857556735,1.0,0.06243703703703704,2.440854700854701,0.9133826982120283,0.45751633986928103,0.5903074444989145,0.6281184612908417
frozenset({'Question Type=Governance / Security'}),"frozenset({'Presales Category=Security & Compliance', 'Knowledge Gap=Public Documentation | Governance Framework | Risk Register | SME', 'Business Capability=Risk, compliance and identity control'})",0.13666666666666666,0.11888888888888889,0.07777777777777778,0.5691056910569107,4.786870298609529,1.0,0.06152962962962963,2.0448427672955978,0.9163265306122449,0.43750000000000006,0.5109648448312984,0.6116556492667731
frozenset({'Presales Category=Security & Compliance'}),"frozenset({'Business Capability=Risk, compliance and identity control', 'Knowledge Gap=Public Documentation | Governance Framework | Risk Register | SME', 'Question Type=Governance / Security'})",0.24666666666666667,0.07777777777777778,0.07777777777777778,0.3153153153153153,4.054054054054054,1.0,0.05859259259259259,1.3469298245614036,1.0,0.31531531531531537,0.25757082383588403,0.6576576576576576
frozenset({'Knowledge Gap=Public Documentation | Governance Framework | Risk Register | SME'}),"frozenset({'Business Capability=Risk, compliance and identity control', 'Presales Category=Security & Compliance', 'Question Type=Governance / Security'})",0.2111111111111111,0.09888888888888889,0.07777777777777778,0.3684210526315789,3.725606150206978,1.0,0.056901234567901235,1.4267592592592593,0.927364185110664,0.3349282296650718,0.29911090920890393,0.5774689532820816
"frozenset({'Business Capability=Risk, compliance and identity control'})","frozenset({'Presales Category=Security & Compliance', 'Knowledge Gap=Public Documentation | Governance Framework | Risk Register | SME', 'Question Type=Governance / Security'})",0.4166666666666667,0.1,0.07777777777777778,0.18666666666666668,1.8666666666666667,1.0,0.03611111111111111,1.1065573770491803,0.7959183673469388,0.1772151898734177,0.0962962962962963,0.4822222222222222
"frozenset({'Business Capability=Risk, compliance and identity control', 'Knowledge Gap=Public Documentation | Governance Framework | Risk Register | SME', 'Question Type=Governance / Security'})",frozenset({'Question Complexity=High'}),0.07777777777777778,0.7666666666666667,0.07777777777777778,1.0,1.3043478260869565,1.0,0.018148148148148142,inf,0.253012048192771,0.10144927536231882,1.0,0.5507246376811594
"frozenset({'Business Capability=Risk, compliance and identity control', 'Question Complexity=High', 'Question Type=Governance / Security'})",frozenset({'Knowledge Gap=Public Documentation | Governance Framework | Risk Register | SME'}),0.10222222222222223,0.2111111111111111,0.07777777777777778,0.7608695652173912,3.6041189931350113,1.0,0.05619753086419753,3.298989898989898,0.8048090523338048,0.330188679245283,0.696876913655848,0.5646453089244851
"frozenset({'Question Complexity=High', 'Knowledge Gap=Public Documentation | Governance Framework | Risk Register | SME', 'Question Type=Governance / Security'})","frozenset({'Business Capability=Risk, compliance and identity control'})",0.1,0.4166666666666667,0.07777777777777778,0.7777777777777778,1.8666666666666667,1.0,0.03611111111111111,2.625,0.5158730158730158,0.1772151898734177,0.6190476190476191,0.4822222222222222
"frozenset({'Question Complexity=High', 'Knowledge Gap=Public Documentation | Governance Framework | Risk Register | SME', 'Business Capability=Risk, compliance and identity control'})",frozenset({'Question Type=Governance / Security'}),0.12111111111111111,0.13666666666666666,0.07777777777777778,0.6422018348623854,4.699037816066235,1.0,0.06122592592592593,2.412905982905983,0.8956655228463067,0.4320987654320988,0.5855619708830719,0.605653762959648
"frozenset({'Business Capability=Risk, compliance and identity control', 'Question Type=Governance / Security'})","frozenset({'Knowledge Gap=Public Documentation | Governance Framework | Risk Register | SME', 'Question Complexity=High'})",0.10222222222222223,0.20222222222222222,0.07777777777777778,0.7608695652173912,3.762541806020067,1.0,0.05710617283950617,3.336161616161615,0.8178217821782178,0.3431372549019608,0.7002543296596826,0.572742474916388
"frozenset({'Knowledge Gap=Public Documentation | Governance Framework | Risk Register | SME', 'Question Type=Governance / Security'})","frozenset({'Question Complexity=High', 'Business Capability=Risk, compliance and identity control'})",0.1,0.4166666666666667,0.07777777777777778,0.7777777777777778,1.8666666666666667,1.0,0.03611111111111111,2.625,0.5158730158730158,0.1772151898734177,0.6190476190476191,0.4822222222222222
"frozenset({'Question Complexity=High', 'Question Type=Governance / Security'})","frozenset({'Knowledge Gap=Public Documentation | Governance Framework | Risk Register | SME', 'Business Capability=Risk, compliance and identity control'})",0.13444444444444445,0.12111111111111111,0.07777777777777778,0.5785123966942148,4.776707862612783,1.0,0.06149506172839506,2.0852069716775596,0.9134604804694664,0.43750000000000006,0.5204312983878551,0.6103571157783001
"frozenset({'Knowledge Gap=Public Documentation | Governance Framework | Risk Register | SME', 'Business Capability=Risk, compliance and identity control'})","frozenset({'Question Complexity=High', 'Question Type=Governance / Security'})",0.12111111111111111,0.13444444444444445,0.07777777777777778,0.6422018348623854,4.776707862612783,1.0,0.06149506172839506,2.4191168091168094,0.8996026729275782,0.43750000000000006,0.5866259966317674,0.6103571157783001
"frozenset({'Question Complexity=High', 'Business Capability=Risk, compliance and identity control'})","frozenset({'Knowledge Gap=Public Documentation | Governance Framework | Risk Register | SME', 'Question Type=Governance / Security'})",0.4166666666666667,0.1,0.07777777777777778,0.18666666666666668,1.8666666666666667,1.0,0.03611111111111111,1.1065573770491803,0.7959183673469388,0.1772151898734177,0.0962962962962963,0.4822222222222222
"frozenset({'Knowledge Gap=Public Documentation | Governance Framework | Risk Register | SME', 'Question Complexity=High'})","frozenset({'Business Capability=Risk, compliance and identity control', 'Question Type=Governance / Security'})",0.20222222222222222,0.10222222222222223,0.07777777777777778,0.38461538461538464,3.762541806020067,1.0,0.05710617283950617,1.458888888888889,0.92033426183844,0.3431372549019608,0.3145468392993146,0.572742474916388
frozenset({'Question Type=Governance / Security'}),"frozenset({'Question Complexity=High', 'Knowledge Gap=Public Documentation | Governance Framework | Risk Register | SME', 'Business Capability=Risk, compliance and identity control'})",0.13666666666666666,0.12111111111111111,0.07777777777777778,0.5691056910569107,4.699037816066235,1.0,0.06122592592592593,2.0396855345911953,0.9118036403750689,0.4320987654320988,0.5097283463352966,0.605653762959648
"frozenset({'Business Capability=Risk, compliance and identity control'})","frozenset({'Question Complexity=High', 'Knowledge Gap=Public Documentation | Governance Framework | Risk Register | SME', 'Question Type=Governance / Security'})",0.4166666666666667,0.1,0.07777777777777778,0.18666666666666668,1.8666666666666667,1.0,0.03611111111111111,1.1065573770491803,0.7959183673469388,0.1772151898734177,0.0962962962962963,0.4822222222222222
frozenset({'Knowledge Gap=Public Documentation | Governance Framework | Risk Register | SME'}),"frozenset({'Business Capability=Risk, compliance and identity control', 'Question Complexity=High', 'Question Type=Governance / Security'})",0.2111111111111111,0.10222222222222223,0.07777777777777778,0.3684210526315789,3.604118993135011,1.0,0.05619753086419753,1.4214814814814816,0.9158953722334003,0.330188679245283,0.2965085982282439,0.5646453089244851
frozenset({'Question Complexity=High'}),"frozenset({'Business Capability=Risk, compliance and identity control', 'Knowledge Gap=Public Documentation | Governance Framework | Risk Register | SME', 'Question Type=Governance / Security'})",0.7666666666666667,0.07777777777777778,0.07777777777777778,0.10144927536231883,1.3043478260869563,1.0,0.018148148148148142,1.0263440860215054,0.9999999999999998,0.10144927536231882,0.025667888947092706,0.5507246376811594
"frozenset({'Question Intent=Request presales guidance', 'Question Type=Architecture', 'Knowledge Gap=Public Documentation | Architecture Blueprint | Methodology | SME'})",frozenset({'Business Capability=Hybrid connectivity and network foundation'}),0.1322222222222222,0.23,0.07111111111111111,0.5378151260504203,2.338326635001827,1.0,0.0407,1.6660000000000004,0.6595510563380281,0.24427480916030536,0.3997599039615848,0.4234969350058865
"frozenset({'Question Intent=Request presales guidance', 'Question Type=Architecture', 'Business Capability=Hybrid connectivity and network foundation'})",frozenset({'Knowledge Gap=Public Documentation | Architecture Blueprint | Methodology | SME'}),0.09333333333333334,0.45666666666666667,0.07111111111111111,0.7619047619047619,1.6684045881126173,1.0,0.02848888888888889,2.2819999999999996,0.44186580882352944,0.14849187935034802,0.5617879053461875,0.45881126173096975
"frozenset({'Question Intent=Request presales guidance', 'Knowledge Gap=Public Documentation | Architecture Blueprint | Methodology | SME', 'Business Capability=Hybrid connectivity and network foundation'})",frozenset({'Question Type=Architecture'}),0.0811111111111111,0.3522222222222222,0.07111111111111111,0.8767123287671234,2.4890886305691198,1.0,0.04254197530864198,5.2541975308642,0.651054262394196,0.19631901840490798,0.8096759792288354,0.5393025366233093
"frozenset({'Question Type=Architecture', 'Knowledge Gap=Public Documentation | Architecture Blueprint | Methodology | SME', 'Business Capability=Hybrid connectivity and network foundation'})",frozenset({'Question Intent=Request presales guidance'}),0.13777777777777778,0.40444444444444444,0.07111111111111111,0.5161290322580645,1.2761432116270826,1.0,0.015387654320987654,1.2308148148148148,0.2509664948453608,0.15094339622641512,0.18753009147809338,0.3459766040411202
"frozenset({'Question Intent=Request presales guidance', 'Question Type=Architecture'})","frozenset({'Knowledge Gap=Public Documentation | Architecture Blueprint | Methodology | SME', 'Business Capability=Hybrid connectivity and network foundation'})",0.17,0.15888888888888889,0.07111111111111111,0.4183006535947712,2.632661456190868,1.0,0.0441,1.4459550561797752,0.7471762048192772,0.27586206896551724,0.3084155723055404,0.4329265505736094
"frozenset({'Question Intent=Request presales guidance', 'Knowledge Gap=Public Documentation | Architecture Blueprint | Methodology | SME'})","frozenset({'Question Type=Architecture', 'Business Capability=Hybrid connectivity and network foundation'})",0.21333333333333335,0.17777777777777778,0.07111111111111111,0.3333333333333333,1.8749999999999998,1.0,0.03318518518518518,1.2333333333333332,0.5932203389830508,0.2222222222222222,0.18918918918918917,0.36666666666666664
"frozenset({'Question Intent=Request presales guidance', 'Business Capability=Hybrid connectivity and network foundation'})","frozenset({'Question Type=Architecture', 'Knowledge Gap=Public Documentation | Architecture Blueprint | Methodology | SME'})",0.11666666666666667,0.2811111111111111,0.07111111111111111,0.6095238095238095,2.168266516092603,1.0,0.038314814814814815,1.8410569105691055,0.6099646226415095,0.21768707482993196,0.4568337381320379,0.4312441182006399
"frozenset({'Question Type=Architecture', 'Knowledge Gap=Public Documentation | Architecture Blueprint | Methodology | SME'})","frozenset({'Question Intent=Request presales guidance', 'Business Capability=Hybrid connectivity and network foundation'})",0.2811111111111111,0.11666666666666667,0.07111111111111111,0.2529644268774704,2.1682665160926033,1.0,0.038314814814814815,1.1824514991181658,0.7494928516228748,0.21768707482993196,0.15429935118204197,0.4312441182006399
"frozenset({'Question Type=Architecture', 'Business Capability=Hybrid connectivity and network foundation'})","frozenset({'Question Intent=Request presales guidance', 'Knowledge Gap=Public Documentation | Architecture Blueprint | Methodology | SME'})",0.17777777777777778,0.21333333333333335,0.07111111111111111,0.39999999999999997,1.8749999999999998,1.0,0.03318518518518518,1.311111111111111,0.5675675675675675,0.2222222222222222,0.2372881355932203,0.36666666666666664
"frozenset({'Knowledge Gap=Public Documentation | Architecture Blueprint | Methodology | SME', 'Business Capability=Hybrid connectivity and network foundation'})","frozenset({'Question Intent=Request presales guidance', 'Question Type=Architecture'})",0.15888888888888889,0.17,0.07111111111111111,0.44755244755244755,2.632661456190868,1.0,0.0441,1.502405063291139,0.7373059775429326,0.27586206896551724,0.3344005392198164,0.4329265505736094
frozenset({'Question Intent=Request presales guidance'}),"frozenset({'Question Type=Architecture', 'Knowledge Gap=Public Documentation | Architecture Blueprint | Methodology | SME', 'Business Capability=Hybrid connectivity and network foundation'})",0.40444444444444444,0.13777777777777778,0.07111111111111111,0.17582417582417584,1.2761432116270828,1.0,0.015387654320987654,1.046162962962963,0.36333955223880593,0.15094339622641512,0.044125977115667854,0.3459766040411202
frozenset({'Question Type=Architecture'}),"frozenset({'Question Intent=Request presales guidance', 'Knowledge Gap=Public Documentation | Architecture Blueprint | Methodology | SME', 'Business Capability=Hybrid connectivity and network foundation'})",0.3522222222222222,0.0811111111111111,0.07111111111111111,0.20189274447949526,2.4890886305691198,1.0,0.04254197530864198,1.1513350900307422,0.9235366638078903,0.19631901840490798,0.13144313183983766,0.5393025366233093
frozenset({'Knowledge Gap=Public Documentation | Architecture Blueprint | Methodology | SME'}),"frozenset({'Question Intent=Request presales guidance', 'Question Type=Architecture', 'Business Capability=Hybrid connectivity and network foundation'})",0.45666666666666667,0.09333333333333334,0.07111111111111111,0.15571776155717762,1.6684045881126173,1.0,0.02848888888888889,1.0738904899135446,0.7373466257668712,0.14849187935034802,0.06880635465865179,0.45881126173096975
frozenset({'Business Capability=Hybrid connectivity and network foundation'}),"frozenset({'Question Intent=Request presales guidance', 'Question Type=Architecture', 'Knowledge Gap=Public Documentation | Architecture Blueprint | Methodology | SME'})",0.23,0.1322222222222222,0.07111111111111111,0.30917874396135264,2.338326635001827,1.0,0.0407,1.2561538461538462,0.7433035714285714,0.24427480916030536,0.2039191671769749,0.4234969350058865
"frozenset({'Question Intent=Request presales guidance', 'Knowledge Gap=Public Documentation | Architecture Blueprint | Methodology | SME', 'Business Capability=Risk, compliance and identity control'})",frozenset({'Question Complexity=High'}),0.07,0.7666666666666667,0.07,1.0,1.3043478260869565,1.0,0.01633333333333333,inf,0.25089605734767023,0.09130434782608697,1.0,0.5456521739130434
"frozenset({'Question Intent=Request presales guidance', 'Question Complexity=High', 'Business Capability=Risk, compliance and identity control'})",frozenset({'Knowledge Gap=Public Documentation | Architecture Blueprint | Methodology | SME'}),0.16555555555555557,0.45666666666666667,0.07,0.4228187919463087,0.9258805663057855,1.0,-0.005603703703703708,0.9413565891472867,-0.08753760703540854,0.12676056338028172,-0.06229670193930909,0.2880517317395777
"frozenset({'Question Intent=Request presales guidance', 'Knowledge Gap=Public Documentation | Architecture Blueprint | Methodology | SME', 'Question Complexity=High'})","frozenset({'Business Capability=Risk, compliance and identity control'})",0.1511111111111111,0.4166666666666667,0.07,0.4632352941176471,1.111764705882353,1.0,0.007037037037037036,1.0867579908675797,0.11842433308401891,0.140625,0.07983193277310925,0.31561764705882356
"frozenset({'Question Complexity=High', 'Knowledge Gap=Public Documentation | Architecture Blueprint | Methodology | SME', 'Business Capability=Risk, compliance and identity control'})",frozenset({'Question Intent=Request presales guidance'}),0.1711111111111111,0.40444444444444444,0.07,0.40909090909090917,1.0114885114885117,1.0,0.0007950617283950662,1.007863247863248,0.013702710753649167,0.13846153846153847,0.007801899592944511,0.29108391608391615
"frozenset({'Question Intent=Request presales guidance', 'Business Capability=Risk, compliance and identity control'})","frozenset({'Knowledge Gap=Public Documentation | Architecture Blueprint | Methodology | SME', 'Question Complexity=High'})",0.16555555555555557,0.33,0.07,0.4228187919463087,1.2812690665039659,1.0,0.015366666666666667,1.160813953488372,0.2630778010272018,0.16449086161879897,0.13853551036762496,0.3174700020337604
"frozenset({'Question Intent=Request presales guidance', 'Knowledge Gap=Public Documentation | Architecture Blueprint | Methodology | SME'})","frozenset({'Question Complexity=High', 'Business Capability=Risk, compliance and identity control'})",0.21333333333333335,0.4166666666666667,0.07,0.328125,0.7875,1.0,-0.018888888888888886,0.8682170542635658,-0.25540865384615374,0.125,-0.15178571428571433,0.24806250000000002
"frozenset({'Question Intent=Request presales guidance', 'Question Complexity=High'})","frozenset({'Knowledge Gap=Public Documentation | Architecture Blueprint | Methodology | SME', 'Business Capability=Risk, compliance and identity control'})",0.3,0.1711111111111111,0.07,0.23333333333333336,1.363636363636364,1.0,0.01866666666666668,1.0811594202898551,0.3809523809523812,0.17451523545706374,0.07506702412868638,0.3212121212121213
"frozenset({'Knowledge Gap=Public Documentation | Architecture Blueprint | Methodology | SME', 'Business Capability=Risk, compliance and identity control'})","frozenset({'Question Intent=Request presales guidance', 'Question Complexity=High'})",0.1711111111111111,0.3,0.07,0.40909090909090917,1.363636363636364,1.0,0.01866666666666668,1.1846153846153846,0.3217158176943702,0.17451523545706374,0.15584415584415598,0.3212121212121213
"frozenset({'Question Complexity=High', 'Business Capability=Risk, compliance and identity control'})","frozenset({'Question Intent=Request presales guidance', 'Knowledge Gap=Public Documentation | Architecture Blueprint | Methodology | SME'})",0.4166666666666667,0.21333333333333335,0.07,0.168,0.7875,1.0,-0.018888888888888886,0.9455128205128205,-0.3162790697674418,0.125,-0.057627118644067804,0.24806250000000002
"frozenset({'Knowledge Gap=Public Documentation | Architecture Blueprint | Methodology | SME', 'Question Complexity=High'})","frozenset({'Question Intent=Request presales guidance', 'Business Capability=Risk, compliance and identity control'})",0.33,0.16555555555555557,0.07,0.21212121212121213,1.2812690665039659,1.0,0.015366666666666667,1.0591025641025642,0.32764747690120827,0.16449086161879897,0.05580438203607311,0.3174700020337604
frozenset({'Question Intent=Request presales guidance'}),"frozenset({'Question Complexity=High', 'Knowledge Gap=Public Documentation | Architecture Blueprint | Methodology | SME', 'Business Capability=Risk, compliance and identity control'})",0.40444444444444444,0.1711111111111111,0.07,0.1730769230769231,1.0114885114885117,1.0,0.0007950617283950662,1.0023772609819122,0.019071310116086336,0.13846153846153847,0.002371623015054689,0.29108391608391615
"frozenset({'Business Capability=Risk, compliance and identity control'})","frozenset({'Question Intent=Request presales guidance', 'Knowledge Gap=Public Documentation | Architecture Blueprint | Methodology | SME', 'Question Complexity=High'})",0.4166666666666667,0.1511111111111111,0.07,0.168,1.111764705882353,1.0,0.007037037037037036,1.0202991452991454,0.17233560090702946,0.140625,0.019895287958115192,0.31561764705882356
frozenset({'Knowledge Gap=Public Documentation | Architecture Blueprint | Methodology | SME'}),"frozenset({'Question Intent=Request presales guidance', 'Question Complexity=High', 'Business Capability=Risk, compliance and identity control'})",0.45666666666666667,0.16555555555555557,0.07,0.15328467153284672,0.9258805663057855,1.0,-0.005603703703703708,0.985507662835249,-0.1284162281446275,0.12676056338028172,-0.014705453555842823,0.2880517317395777
frozenset({'Question Complexity=High'}),"frozenset({'Question Intent=Request presales guidance', 'Knowledge Gap=Public Documentation | Architecture Blueprint | Methodology | SME', 'Business Capability=Risk, compliance and identity control'})",0.7666666666666667,0.07,0.07,0.09130434782608696,1.3043478260869563,1.0,0.01633333333333333,1.023444976076555,1.0,0.09130434782608697,0.02290790088826554,0.5456521739130434
"frozenset({'Question Type=Commercial / Pricing', 'Knowledge Gap=Public Documentation | Commercial Model | Pricing Template | SME', 'Business Capability=Risk, compliance and identity control'})",frozenset({'Question Complexity=High'}),0.06777777777777778,0.7666666666666667,0.06777777777777778,1.0,1.3043478260869565,1.0,0.01581481481481481,inf,0.2502979737783074,0.08840579710144927,1.0,0.5442028985507247
"frozenset({'Question Type=Commercial / Pricing', 'Question Complexity=High', 'Business Capability=Risk, compliance and identity control'})",frozenset({'Knowledge Gap=Public Documentation | Commercial Model | Pricing Template | SME'}),0.07444444444444444,0.17,0.06777777777777778,0.91044776119403,5.355575065847235,1.0,0.055122222222222225,9.268333333333352,0.8786924605907936,0.38364779874213834,0.8921057363783494,0.6545702858257731
"frozenset({'Question Type=Commercial / Pricing', 'Knowledge Gap=Public Documentation | Commercial Model | Pricing Template | SME', 'Question Complexity=High'})","frozenset({'Business Capability=Risk, compliance and identity control'})",0.12333333333333334,0.4166666666666667,0.06777777777777778,0.5495495495495496,1.318918918918919,1.0,0.01638888888888889,1.295,0.27582123044318396,0.14352941176470588,0.22779922779922787,0.3561081081081081
"frozenset({'Question Complexity=High', 'Knowledge Gap=Public Documentation | Commercial Model | Pricing Template | SME', 'Business Capability=Risk, compliance and identity control'})",frozenset({'Question Type=Commercial / Pricing'}),0.06777777777777778,0.19333333333333333,0.06777777777777778,1.0,5.172413793103448,1.0,0.05467407407407408,inf,0.8653158522050062,0.3505747126436782,1.0,0.6752873563218391
"frozenset({'Question Type=Commercial / Pricing', 'Business Capability=Risk, compliance and identity control'})","frozenset({'Knowledge Gap=Public Documentation | Commercial Model | Pricing Template | SME', 'Question Complexity=High'})",0.07444444444444444,0.12333333333333334,0.06777777777777778,0.91044776119403,7.382008874546189,1.0,0.0585962962962963,9.789444444444465,0.9340719894515183,0.5213675213675214,0.8978491572555476,0.7299986553717899
"frozenset({'Question Type=Commercial / Pricing', 'Knowledge Gap=Public Documentation | Commercial Model | Pricing Template | SME'})","frozenset({'Question Complexity=High', 'Business Capability=Risk, compliance and identity control'})",0.16666666666666666,0.4166666666666667,0.06777777777777778,0.40666666666666673,0.9760000000000001,1.0,-0.0016666666666666635,0.9831460674157303,-0.02866242038216555,0.13146551724137934,-0.017142857142857064,0.28466666666666673
"frozenset({'Question Type=Commercial / Pricing', 'Question Complexity=High'})","frozenset({'Knowledge Gap=Public Documentation | Commercial Model | Pricing Template | SME', 'Business Capability=Risk, compliance and identity control'})",0.14666666666666667,0.06777777777777778,0.06777777777777778,0.46212121212121215,6.818181818181818,1.0,0.05783703703703704,1.7331455399061033,1.0,0.46212121212121215,0.42301441109546,0.7310606060606061
"frozenset({'Knowledge Gap=Public Documentation | Commercial Model | Pricing Template | SME', 'Business Capability=Risk, compliance and identity control'})","frozenset({'Question Type=Commercial / Pricing', 'Question Complexity=High'})",0.06777777777777778,0.14666666666666667,0.06777777777777778,1.0,6.818181818181818,1.0,0.05783703703703704,inf,0.9153754469606675,0.46212121212121215,1.0,0.7310606060606061
"frozenset({'Question Complexity=High', 'Business Capability=Risk, compliance and identity control'})","frozenset({'Question Type=Commercial / Pricing', 'Knowledge Gap=Public Documentation | Commercial Model | Pricing Template | SME'})",0.4166666666666667,0.16666666666666666,0.06777777777777778,0.16266666666666668,0.9760000000000001,1.0,-0.0016666666666666635,0.9952229299363059,-0.04044943820224712,0.13146551724137934,-0.004799999999999971,0.28466666666666673
"frozenset({'Knowledge Gap=Public Documentation | Commercial Model | Pricing Template | SME', 'Question Complexity=High'})","frozenset({'Question Type=Commercial / Pricing', 'Business Capability=Risk, compliance and identity control'})",0.12333333333333334,0.07444444444444444,0.06777777777777778,0.5495495495495496,7.382008874546189,1.0,0.0585962962962963,2.0547333333333335,0.9861621891167487,0.5213675213675214,0.5133188410499335,0.7299986553717899
frozenset({'Question Type=Commercial / Pricing'}),"frozenset({'Question Complexity=High', 'Knowledge Gap=Public Documentation | Commercial Model | Pricing Template | SME', 'Business Capability=Risk, compliance and identity control'})",0.19333333333333333,0.06777777777777778,0.06777777777777778,0.3505747126436782,5.172413793103448,1.0,0.05467407407407408,1.4354572271386432,1.0000000000000002,0.3505747126436782,0.3033578562327895,0.6752873563218391
"frozenset({'Business Capability=Risk, compliance and identity control'})","frozenset({'Question Type=Commercial / Pricing', 'Knowledge Gap=Public Documentation | Commercial Model | Pricing Template | SME', 'Question Complexity=High'})",0.4166666666666667,0.12333333333333334,0.06777777777777778,0.16266666666666668,1.318918918918919,1.0,0.01638888888888889,1.0469745222929938,0.41451990632318503,0.14352941176470588,0.04486692015209127,0.3561081081081081
frozenset({'Knowledge Gap=Public Documentation | Commercial Model | Pricing Template | SME'}),"frozenset({'Question Type=Commercial / Pricing', 'Question Complexity=High', 'Business Capability=Risk, compliance and identity control'})",0.17,0.07444444444444444,0.06777777777777778,0.39869281045751637,5.355575065847235,1.0,0.055122222222222225,1.5392391304347828,0.9798538415958917,0.38364779874213834,0.350328366640774,0.6545702858257731
frozenset({'Question Complexity=High'}),"frozenset({'Question Type=Commercial / Pricing', 'Knowledge Gap=Public Documentation | Commercial Model | Pricing Template | SME', 'Business Capability=Risk, compliance and identity control'})",0.7666666666666667,0.06777777777777778,0.06777777777777778,0.08840579710144927,1.3043478260869563,1.0,0.01581481481481481,1.022628510863805,0.9999999999999998,0.08840579710144927,0.022127791884748917,0.5442028985507247
"frozenset({'Presales Category=Solution Architecture', 'Question Type=Architecture', 'Knowledge Gap=Public Documentation | Architecture Blueprint | Methodology | SME'})",frozenset({'Question Complexity=Medium'}),0.24555555555555555,0.1811111111111111,0.06777777777777778,0.27601809954751133,1.5240263165200012,1.0,0.023304938271604944,1.1310902777777778,0.45575701972524696,0.1888544891640867,0.11589727217470855,0.3251256141909336
"frozenset({'Question Type=Architecture', 'Question Complexity=Medium', 'Knowledge Gap=Public Documentation | Architecture Blueprint | Methodology | SME'})",frozenset({'Presales Category=Solution Architecture'}),0.08222222222222222,0.4588888888888889,0.06777777777777778,0.8243243243243243,1.796348406517898,1.0,0.030046913580246914,3.0801709401709405,0.48303100067479054,0.1431924882629108,0.6753426938231867,0.48601204109678686
"frozenset({'Presales Category=Solution Architecture', 'Question Complexity=Medium', 'Knowledge Gap=Public Documentation | Architecture Blueprint | Methodology | SME'})",frozenset({'Question Type=Architecture'}),0.08444444444444445,0.3522222222222222,0.06777777777777778,0.8026315789473685,2.2787647351818032,1.0,0.03803456790123458,3.282074074074075,0.6129237625338215,0.18373493975903618,0.6953146158707232,0.4975303005146937
"frozenset({'Presales Category=Solution Architecture', 'Question Type=Architecture', 'Question Complexity=Medium'})",frozenset({'Knowledge Gap=Public Documentation | Architecture Blueprint | Methodology | SME'}),0.08777777777777777,0.45666666666666667,0.06777777777777778,0.7721518987341773,1.6908435738704612,1.0,0.027692592592592602,2.384629629629631,0.4478944110540925,0.1421911421911422,0.5806476663819214,0.46028519510918114
"frozenset({'Question Type=Architecture', 'Knowledge Gap=Public Documentation | Architecture Blueprint | Methodology | SME'})","frozenset({'Presales Category=Solution Architecture', 'Question Complexity=Medium'})",0.2811111111111111,0.12,0.06777777777777778,0.24110671936758898,2.009222661396575,1.0,0.034044444444444454,1.1595833333333334,0.6987103149466644,0.20333333333333337,0.13762127200862384,0.40296076709120193
"frozenset({'Presales Category=Solution Architecture', 'Knowledge Gap=Public Documentation | Architecture Blueprint | Methodology | SME'})","frozenset({'Question Type=Architecture', 'Question Complexity=Medium'})",0.31,0.10333333333333333,0.06777777777777778,0.21863799283154123,2.1158515435310443,1.0,0.035744444444444454,1.1475688073394494,0.764314564029461,0.19614147909967847,0.12859255706119838,0.43727598566308246
"frozenset({'Question Complexity=Medium', 'Knowledge Gap=Public Documentation | Architecture Blueprint | Methodology | SME'})","frozenset({'Presales Category=Solution Architecture', 'Question Type=Architecture'})",0.10666666666666667,0.3111111111111111,0.06777777777777778,0.6354166666666666,2.042410714285714,1.0,0.0345925925925926,1.8895238095238094,0.5713237093222413,0.19365079365079366,0.470766129032258,0.42663690476190474
"frozenset({'Presales Category=Solution Architecture', 'Question Type=Architecture'})","frozenset({'Question Complexity=Medium', 'Knowledge Gap=Public Documentation | Architecture Blueprint | Methodology | SME'})",0.3111111111111111,0.10666666666666667,0.06777777777777778,0.21785714285714286,2.042410714285714,1.0,0.0345925925925926,1.1421613394216135,0.7408778424114226,0.19365079365079366,0.12446695095948827,0.42663690476190474
"frozenset({'Question Type=Architecture', 'Question Complexity=Medium'})","frozenset({'Presales Category=Solution Architecture', 'Knowledge Gap=Public Documentation | Architecture Blueprint | Methodology | SME'})",0.10333333333333333,0.31,0.06777777777777778,0.6559139784946237,2.1158515435310443,1.0,0.035744444444444454,2.0053125000000005,0.5881528429520385,0.19614147909967847,0.5013246065139475,0.43727598566308246
"frozenset({'Presales Category=Solution Architecture', 'Question Complexity=Medium'})","frozenset({'Question Type=Architecture', 'Knowledge Gap=Public Documentation | Architecture Blueprint | Methodology | SME'})",0.12,0.2811111111111111,0.06777777777777778,0.5648148148148149,2.0092226613965747,1.0,0.034044444444444454,1.6519148936170216,0.5707898658718332,0.20333333333333337,0.39464193714580126,0.40296076709120193
frozenset({'Knowledge Gap=Public Documentation | Architecture Blueprint | Methodology | SME'}),"frozenset({'Presales Category=Solution Architecture', 'Question Type=Architecture', 'Question Complexity=Medium'})",0.45666666666666667,0.08777777777777777,0.06777777777777778,0.14841849148418493,1.6908435738704612,1.0,0.027692592592592602,1.0712095238095238,0.7519863220356031,0.1421911421911422,0.06647581283284584,0.46028519510918114
frozenset({'Question Type=Architecture'}),"frozenset({'Presales Category=Solution Architecture', 'Question Complexity=Medium', 'Knowledge Gap=Public Documentation | Architecture Blueprint | Methodology | SME'})",0.3522222222222222,0.08444444444444445,0.06777777777777778,0.19242902208201895,2.2787647351818032,1.0,0.03803456790123458,1.133715277777778,0.8662936197733601,0.18373493975903618,0.11794432023521487,0.4975303005146937
frozenset({'Presales Category=Solution Architecture'}),"frozenset({'Question Type=Architecture', 'Question Complexity=Medium', 'Knowledge Gap=Public Documentation | Architecture Blueprint | Methodology | SME'})",0.4588888888888889,0.08222222222222222,0.06777777777777778,0.1476997578692494,1.7963484065178983,1.0,0.030046913580246914,1.076824494949495,0.8192681859494395,0.1431924882629108,0.07134356184300783,0.48601204109678686
frozenset({'Question Complexity=Medium'}),"frozenset({'Presales Category=Solution Architecture', 'Question Type=Architecture', 'Knowledge Gap=Public Documentation | Architecture Blueprint | Methodology | SME'})",0.1811111111111111,0.24555555555555555,0.06777777777777778,0.3742331288343559,1.5240263165200014,1.0,0.023304938271604944,1.2056318082788673,0.4198901172231244,0.1888544891640867,0.17055937548000044,0.3251256141909336
"frozenset({'Question Intent=Request presales guidance', 'Knowledge Gap=Public Documentation | Architecture Blueprint | Methodology | SME', 'Presales Category=Solution Architecture'})",frozenset({'Business Capability=Hybrid connectivity and network foundation'}),0.13666666666666666,0.23,0.06555555555555556,0.47967479674796754,2.0855425945563804,1.0,0.03412222222222223,1.4798437500000001,0.602905569007264,0.21771217712177124,0.3242529827895682,0.3823494756686697
"frozenset({'Question Intent=Request presales guidance', 'Presales Category=Solution Architecture', 'Business Capability=Hybrid connectivity and network foundation'})",frozenset({'Knowledge Gap=Public Documentation | Architecture Blueprint | Methodology | SME'}),0.09444444444444444,0.45666666666666667,0.06555555555555556,0.6941176470588236,1.5199656504937744,1.0,0.022425925925925932,1.7762820512820519,0.3777685348861392,0.13501144164759726,0.43702634428004344,0.4188349792471734
"frozenset({'Question Intent=Request presales guidance', 'Knowledge Gap=Public Documentation | Architecture Blueprint | Methodology | SME', 'Business Capability=Hybrid connectivity and network foundation'})",frozenset({'Presales Category=Solution Architecture'}),0.0811111111111111,0.4588888888888889,0.06555555555555556,0.8082191780821919,1.7612524461839532,1.0,0.028334567901234578,2.8215079365079383,0.4703748488512698,0.13817330210772835,0.6455795898849542,0.4755381604696674
"frozenset({'Presales Category=Solution Architecture', 'Knowledge Gap=Public Documentation | Architecture Blueprint | Methodology | SME', 'Business Capability=Hybrid connectivity and network foundation'})",frozenset({'Question Intent=Request presales guidance'}),0.13111111111111112,0.40444444444444444,0.06555555555555556,0.5,1.2362637362637363,1.0,0.012528395061728398,1.1911111111111112,0.21994884910485937,0.13947990543735225,0.16044776119402984,0.33104395604395603
"frozenset({'Question Intent=Request presales guidance', 'Presales Category=Solution Architecture'})","frozenset({'Knowledge Gap=Public Documentation | Architecture Blueprint | Methodology | SME', 'Business Capability=Hybrid connectivity and network foundation'})",0.19111111111111112,0.15888888888888889,0.06555555555555556,0.3430232558139535,2.158887624003903,1.0,0.03519012345679012,1.2802753195673549,0.6636245110821382,0.23046875000000006,0.21891800559122607,0.3778053342006831
"frozenset({'Question Intent=Request presales guidance', 'Knowledge Gap=Public Documentation | Architecture Blueprint | Methodology | SME'})","frozenset({'Presales Category=Solution Architecture', 'Business Capability=Hybrid connectivity and network foundation'})",0.21333333333333335,0.19111111111111112,0.06555555555555556,0.3072916666666667,1.607921511627907,1.0,0.024785185185185188,1.1677192982456142,0.4806090203964379,0.19344262295081968,0.1436298076923077,0.3251574612403101
"frozenset({'Question Intent=Request presales guidance', 'Business Capability=Hybrid connectivity and network foundation'})","frozenset({'Presales Category=Solution Architecture', 'Knowledge Gap=Public Documentation | Architecture Blueprint | Methodology | SME'})",0.11666666666666667,0.31,0.06555555555555556,0.5619047619047619,1.8125960061443933,1.0,0.029388888888888895,1.575,0.507515190278222,0.1815384615384616,0.3650793650793651,0.38668714797747056
"frozenset({'Presales Category=Solution Architecture', 'Knowledge Gap=Public Documentation | Architecture Blueprint | Methodology | SME'})","frozenset({'Question Intent=Request presales guidance', 'Business Capability=Hybrid connectivity and network foundation'})",0.31,0.11666666666666667,0.06555555555555556,0.21146953405017924,1.8125960061443935,1.0,0.029388888888888895,1.1202272727272726,0.6497175141242939,0.1815384615384616,0.10732400081152367,0.38668714797747056
"frozenset({'Presales Category=Solution Architecture', 'Business Capability=Hybrid connectivity and network foundation'})","frozenset({'Question Intent=Request presales guidance', 'Knowledge Gap=Public Documentation | Architecture Blueprint | Methodology | SME'})",0.19111111111111112,0.21333333333333335,0.06555555555555556,0.3430232558139535,1.6079215116279069,1.0,0.024785185185185188,1.19740412979351,0.46740547588005216,0.19344262295081968,0.16486007094994087,0.3251574612403101
"frozenset({'Knowledge Gap=Public Documentation | Architecture Blueprint | Methodology | SME', 'Business Capability=Hybrid connectivity and network foundation'})","frozenset({'Question Intent=Request presales guidance', 'Presales Category=Solution Architecture'})",0.15888888888888889,0.19111111111111112,0.06555555555555556,0.41258741258741266,2.158887624003903,1.0,0.03519012345679012,1.3770370370370373,0.6382016434184895,0.23046875000000006,0.2738031199569662,0.3778053342006831
frozenset({'Question Intent=Request presales guidance'}),"frozenset({'Presales Category=Solution Architecture', 'Knowledge Gap=Public Documentation | Architecture Blueprint | Methodology | SME', 'Business Capability=Hybrid connectivity and network foundation'})",0.40444444444444444,0.13111111111111112,0.06555555555555556,0.1620879120879121,1.2362637362637363,1.0,0.012528395061728398,1.0369690346083789,0.32089552238805974,0.13947990543735225,0.03565104971754588,0.33104395604395603
frozenset({'Presales Category=Solution Architecture'}),"frozenset({'Question Intent=Request presales guidance', 'Knowledge Gap=Public Documentation | Architecture Blueprint | Methodology | SME', 'Business Capability=Hybrid connectivity and network foundation'})",0.4588888888888889,0.0811111111111111,0.06555555555555556,0.14285714285714288,1.7612524461839534,1.0,0.028334567901234578,1.0720370370370371,0.7987679671457909,0.13817330210772835,0.06719640697875283,0.4755381604696674
frozenset({'Knowledge Gap=Public Documentation | Architecture Blueprint | Methodology | SME'}),"frozenset({'Question Intent=Request presales guidance', 'Presales Category=Solution Architecture', 'Business Capability=Hybrid connectivity and network foundation'})",0.45666666666666667,0.09444444444444444,0.06555555555555556,0.14355231143552313,1.5199656504937744,1.0,0.022425925925925932,1.0573390151515152,0.629614224810232,0.13501144164759726,0.05422954637051634,0.4188349792471734
frozenset({'Business Capability=Hybrid connectivity and network foundation'}),"frozenset({'Question Intent=Request presales guidance', 'Knowledge Gap=Public Documentation | Architecture Blueprint | Methodology | SME', 'Presales Category=Solution Architecture'})",0.23,0.13666666666666666,0.06555555555555556,0.28502415458937197,2.0855425945563804,1.0,0.03412222222222223,1.2074999999999998,0.6759850319172354,0.21771217712177124,0.17184265010351968,0.3823494756686697
"frozenset({'Question Intent=Request presales guidance', 'Presales Category=Solution Architecture', 'Business Capability=Risk, compliance and identity control'})",frozenset({'Question Complexity=High'}),0.06444444444444444,0.7666666666666667,0.06444444444444444,1.0,1.3043478260869565,1.0,0.015037037037037036,inf,0.2494061757719715,0.08405797101449275,1.0,0.5420289855072464
"frozenset({'Question Intent=Request presales guidance', 'Question Complexity=High', 'Business Capability=Risk, compliance and identity control'})",frozenset({'Presales Category=Solution Architecture'}),0.16555555555555557,0.4588888888888889,0.06444444444444444,0.3892617449664429,0.8482701464159772,1.0,-0.011527160493827168,0.8859951159951158,-0.17651951980338415,0.11507936507936506,-0.12867439328583452,0.2648487901587662
"frozenset({'Question Intent=Request presales guidance', 'Presales Category=Solution Architecture', 'Question Complexity=High'})","frozenset({'Business Capability=Risk, compliance and identity control'})",0.12222222222222222,0.4166666666666667,0.06444444444444444,0.5272727272727272,1.2654545454545454,1.0,0.01351851851851852,1.2339743589743586,0.2389786119598429,0.13583138173302106,0.18961038961038953,0.3409696969696969
"frozenset({'Presales Category=Solution Architecture', 'Question Complexity=High', 'Business Capability=Risk, compliance and identity control'})",frozenset({'Question Intent=Request presales guidance'}),0.18444444444444444,0.40444444444444444,0.06444444444444444,0.3493975903614458,0.8638951410035748,1.0,-0.010153086419753085,0.9153909465020578,-0.16190251200881958,0.12288135593220338,-0.09242941916921413,0.25436912485105256
"frozenset({'Question Intent=Request presales guidance', 'Business Capability=Risk, compliance and identity control'})","frozenset({'Presales Category=Solution Architecture', 'Question Complexity=High'})",0.16555555555555557,0.3055555555555556,0.06444444444444444,0.3892617449664429,1.2739475289810858,1.0,0.013858024691358016,1.1370573870573868,0.25770237384636563,0.15846994535519124,0.12053691275167773,0.3000854179377669
"frozenset({'Question Intent=Request presales guidance', 'Presales Category=Solution Architecture'})","frozenset({'Question Complexity=High', 'Business Capability=Risk, compliance and identity control'})",0.19111111111111112,0.4166666666666667,0.06444444444444444,0.3372093023255814,0.8093023255813953,1.0,-0.01518518518518519,0.8801169590643273,-0.22558873156775006,0.11860940695296524,-0.13621262458471767,0.24593798449612403
"frozenset({'Question Intent=Request presales guidance', 'Question Complexity=High'})","frozenset({'Presales Category=Solution Architecture', 'Business Capability=Risk, compliance and identity control'})",0.3,0.18444444444444444,0.06444444444444444,0.21481481481481482,1.1646586345381527,1.0,0.009111111111111111,1.038679245283019,0.20197044334975373,0.15343915343915343,0.03723887375113534,0.2821062025881303
"frozenset({'Presales Category=Solution Architecture', 'Business Capability=Risk, compliance and identity control'})","frozenset({'Question Intent=Request presales guidance', 'Question Complexity=High'})",0.18444444444444444,0.3,0.06444444444444444,0.3493975903614458,1.1646586345381527,1.0,0.009111111111111111,1.075925925925926,0.1733533778070093,0.15343915343915343,0.07056798623063687,0.2821062025881303
"frozenset({'Question Complexity=High', 'Business Capability=Risk, compliance and identity control'})","frozenset({'Question Intent=Request presales guidance', 'Presales Category=Solution Architecture'})",0.4166666666666667,0.19111111111111112,0.06444444444444444,0.15466666666666665,0.8093023255813953,1.0,-0.01518518518518519,0.956887486855941,-0.2877192982456141,0.11860940695296524,-0.04505494505494509,0.24593798449612403
"frozenset({'Presales Category=Solution Architecture', 'Question Complexity=High'})","frozenset({'Question Intent=Request presales guidance', 'Business Capability=Risk, compliance and identity control'})",0.3055555555555556,0.16555555555555557,0.06444444444444444,0.21090909090909088,1.2739475289810858,1.0,0.013858024691358016,1.0574756784434205,0.3096551724137929,0.15846994535519124,0.05435177339305164,0.3000854179377669
frozenset({'Question Intent=Request presales guidance'}),"frozenset({'Presales Category=Solution Architecture', 'Question Complexity=High', 'Business Capability=Risk, compliance and identity control'})",0.40444444444444444,0.18444444444444444,0.06444444444444444,0.15934065934065933,0.8638951410035747,1.0,-0.010153086419753085,0.9701379811183733,-0.20919820919820917,0.12288135593220338,-0.03078120789292452,0.25436912485105256
"frozenset({'Business Capability=Risk, compliance and identity control'})","frozenset({'Question Intent=Request presales guidance', 'Presales Category=Solution Architecture', 'Question Complexity=High'})",0.4166666666666667,0.12222222222222222,0.06444444444444444,0.15466666666666665,1.2654545454545454,1.0,0.01351851851851852,1.0383806519453207,0.3596059113300494,0.13583138173302106,0.03696202531645568,0.3409696969696969
frozenset({'Presales Category=Solution Architecture'}),"frozenset({'Question Intent=Request presales guidance', 'Question Complexity=High', 'Business Capability=Risk, compliance and identity control'})",0.4588888888888889,0.16555555555555557,0.06444444444444444,0.14043583535108958,0.8482701464159773,1.0,-0.011527160493827168,0.9707762128325509,-0.24843679323098222,0.11507936507936506,-0.030103526210411964,0.2648487901587662
frozenset({'Question Complexity=High'}),"frozenset({'Question Intent=Request presales guidance', 'Presales Category=Solution Architecture', 'Business Capability=Risk, compliance and identity control'})",0.7666666666666667,0.06444444444444444,0.06444444444444444,0.08405797101449275,1.3043478260869565,1.0,0.015037037037037036,1.0214135021097046,1.0000000000000002,0.08405797101449275,0.02096457709387586,0.5420289855072464
"frozenset({'Question Intent=Request presales guidance', 'Presales Category=Security & Compliance', 'Knowledge Gap=Public Documentation | Governance Framework | Risk Register | SME'})",frozenset({'Question Complexity=High'}),0.06444444444444444,0.7666666666666667,0.06444444444444444,1.0,1.3043478260869565,1.0,0.015037037037037036,inf,0.2494061757719715,0.08405797101449275,1.0,0.5420289855072464
"frozenset({'Question Intent=Request presales guidance', 'Presales Category=Security & Compliance', 'Question Complexity=High'})",frozenset({'Knowledge Gap=Public Documentation | Governance Framework | Risk Register | SME'}),0.09666666666666666,0.2111111111111111,0.06444444444444444,0.6666666666666666,3.1578947368421053,1.0,0.04403703703703704,2.3666666666666663,0.756457564575646,0.2648401826484018,0.5774647887323943,0.4859649122807017
"frozenset({'Question Intent=Request presales guidance', 'Knowledge Gap=Public Documentation | Governance Framework | Risk Register | SME', 'Question Complexity=High'})",frozenset({'Presales Category=Security & Compliance'}),0.08,0.24666666666666667,0.06444444444444444,0.8055555555555555,3.2657657657657655,1.0,0.044711111111111104,3.8742857142857123,0.7541229385307345,0.24576271186440676,0.7418879056047196,0.5334084084084083
"frozenset({'Presales Category=Security & Compliance', 'Knowledge Gap=Public Documentation | Governance Framework | Risk Register | SME', 'Question Complexity=High'})",frozenset({'Question Intent=Request presales guidance'}),0.15555555555555556,0.40444444444444444,0.06444444444444444,0.41428571428571426,1.0243328100470956,1.0,0.0015308641975308596,1.0168021680216803,0.028130671506352,0.13004484304932734,0.016524520255863498,0.2868131868131868
"frozenset({'Question Intent=Request presales guidance', 'Presales Category=Security & Compliance'})","frozenset({'Knowledge Gap=Public Documentation | Governance Framework | Risk Register | SME', 'Question Complexity=High'})",0.09666666666666666,0.20222222222222222,0.06444444444444444,0.6666666666666666,3.2967032967032965,1.0,0.044896296296296295,2.393333333333333,0.7712177121771219,0.27488151658767773,0.5821727019498607,0.49267399267399264
"frozenset({'Question Intent=Request presales guidance', 'Knowledge Gap=Public Documentation | Governance Framework | Risk Register | SME'})","frozenset({'Presales Category=Security & Compliance', 'Question Complexity=High'})",0.08333333333333333,0.24666666666666667,0.06444444444444444,0.7733333333333333,3.135135135135135,1.0,0.04388888888888889,3.3235294117647056,0.7429467084639498,0.24267782426778242,0.6991150442477876,0.5172972972972973
"frozenset({'Question Intent=Request presales guidance', 'Question Complexity=High'})","frozenset({'Presales Category=Security & Compliance', 'Knowledge Gap=Public Documentation | Governance Framework | Risk Register | SME'})",0.3,0.15555555555555556,0.06444444444444444,0.21481481481481482,1.380952380952381,1.0,0.017777777777777774,1.0754716981132075,0.3940886699507389,0.1647727272727273,0.07017543859649122,0.3145502645502645
"frozenset({'Presales Category=Security & Compliance', 'Knowledge Gap=Public Documentation | Governance Framework | Risk Register | SME'})","frozenset({'Question Intent=Request presales guidance', 'Question Complexity=High'})",0.15555555555555556,0.3,0.06444444444444444,0.41428571428571426,1.380952380952381,1.0,0.017777777777777774,1.1951219512195121,0.3266787658802177,0.1647727272727273,0.16326530612244897,0.3145502645502645
"frozenset({'Presales Category=Security & Compliance', 'Question Complexity=High'})","frozenset({'Question Intent=Request presales guidance', 'Knowledge Gap=Public Documentation | Governance Framework | Risk Register | SME'})",0.24666666666666667,0.08333333333333333,0.06444444444444444,0.26126126126126126,3.135135135135135,1.0,0.04388888888888889,1.2408536585365852,0.9040280744583461,0.24267782426778242,0.19410319410319413,0.5172972972972973
"frozenset({'Knowledge Gap=Public Documentation | Governance Framework | Risk Register | SME', 'Question Complexity=High'})","frozenset({'Question Intent=Request presales guidance', 'Presales Category=Security & Compliance'})",0.20222222222222222,0.09666666666666666,0.06444444444444444,0.31868131868131866,3.2967032967032965,1.0,0.044896296296296295,1.3258602150537633,0.8732590529247911,0.27488151658767773,0.2457726775069948,0.49267399267399264
frozenset({'Question Intent=Request presales guidance'}),"frozenset({'Presales Category=Security & Compliance', 'Knowledge Gap=Public Documentation | Governance Framework | Risk Register | SME', 'Question Complexity=High'})",0.40444444444444444,0.15555555555555556,0.06444444444444444,0.15934065934065933,1.0243328100470956,1.0,0.0015308641975308596,1.0045025417574438,0.03988677303139462,0.13004484304932734,0.004482359745517624,0.2868131868131868
frozenset({'Presales Category=Security & Compliance'}),"frozenset({'Question Intent=Request presales guidance', 'Knowledge Gap=Public Documentation | Governance Framework | Risk Register | SME', 'Question Complexity=High'})",0.24666666666666667,0.08,0.06444444444444444,0.26126126126126126,3.2657657657657655,1.0,0.044711111111111104,1.2453658536585366,0.9209642966127555,0.24576271186440676,0.1970231100665883,0.5334084084084083
frozenset({'Knowledge Gap=Public Documentation | Governance Framework | Risk Register | SME'}),"frozenset({'Question Intent=Request presales guidance', 'Presales Category=Security & Compliance', 'Question Complexity=High'})",0.2111111111111111,0.09666666666666666,0.06444444444444444,0.30526315789473685,3.1578947368421053,1.0,0.04403703703703704,1.3002525252525254,0.8661971830985916,0.2648401826484018,0.23091862497572344,0.4859649122807017
frozenset({'Question Complexity=High'}),"frozenset({'Question Intent=Request presales guidance', 'Presales Category=Security & Compliance', 'Knowledge Gap=Public Documentation | Governance Framework | Risk Register | SME'})",0.7666666666666667,0.06444444444444444,0.06444444444444444,0.08405797101449275,1.3043478260869565,1.0,0.015037037037037036,1.0214135021097046,1.0000000000000002,0.08405797101449275,0.02096457709387586,0.5420289855072464
"frozenset({'Question Type=Architecture', 'Question Intent=Determine implementation approach', 'Knowledge Gap=Public Documentation | Architecture Blueprint | Methodology | SME'})",frozenset({'Question Complexity=High'}),0.08888888888888889,0.7666666666666667,0.06222222222222222,0.7,0.9130434782608694,1.0,-0.005925925925925932,0.7777777777777775,-0.09463722397476348,0.07843137254901959,-0.2857142857142862,0.39057971014492754
"frozenset({'Question Type=Architecture', 'Question Intent=Determine implementation approach', 'Question Complexity=High'})",frozenset({'Knowledge Gap=Public Documentation | Architecture Blueprint | Methodology | SME'}),0.06222222222222222,0.45666666666666667,0.06222222222222222,1.0,2.18978102189781,1.0,0.03380740740740741,inf,0.5793838862559242,0.1362530413625304,1.0,0.5681265206812652
"frozenset({'Question Type=Architecture', 'Knowledge Gap=Public Documentation | Architecture Blueprint | Methodology | SME', 'Question Complexity=High'})",frozenset({'Question Intent=Determine implementation approach'}),0.18444444444444444,0.24444444444444444,0.06222222222222222,0.3373493975903614,1.380065717415115,1.0,0.017135802469135805,1.1402020202020202,0.33768003114052164,0.1696969696969697,0.12296243798724307,0.29594742606790797
"frozenset({'Question Intent=Determine implementation approach', 'Knowledge Gap=Public Documentation | Architecture Blueprint | Methodology | SME', 'Question Complexity=High'})",frozenset({'Question Type=Architecture'}),0.09555555555555556,0.3522222222222222,0.06222222222222222,0.6511627906976744,1.848727166018634,1.0,0.028565432098765428,1.8569629629629627,0.5075903825903826,0.16138328530259366,0.46148629781802214,0.41390947105861636
"frozenset({'Question Type=Architecture', 'Question Intent=Determine implementation approach'})","frozenset({'Knowledge Gap=Public Documentation | Architecture Blueprint | Methodology | SME', 'Question Complexity=High'})",0.09,0.33,0.06222222222222222,0.691358024691358,2.0950243172465393,1.0,0.032522222222222216,2.1707999999999994,0.5743720565149136,0.17391304347826086,0.5393403353602358,0.4399551066217733
"frozenset({'Question Type=Architecture', 'Knowledge Gap=Public Documentation | Architecture Blueprint | Methodology | SME'})","frozenset({'Question Intent=Determine implementation approach', 'Question Complexity=High'})",0.2811111111111111,0.1922222222222222,0.06222222222222222,0.22134387351778656,1.1514999200347278,1.0,0.008186419753086427,1.0373998871968417,0.18301501435195425,0.1513513513513514,0.03605156281431625,0.27252164774155224
"frozenset({'Question Type=Architecture', 'Question Complexity=High'})","frozenset({'Question Intent=Determine implementation approach', 'Knowledge Gap=Public Documentation | Architecture Blueprint | Methodology | SME'})",0.22444444444444445,0.13,0.06222222222222222,0.2772277227722772,2.132520944402132,1.0,0.033044444444444446,1.2036986301369863,0.6847625869832175,0.21292775665399238,0.1692272675543416,0.37793010070237787
"frozenset({'Question Intent=Determine implementation approach', 'Knowledge Gap=Public Documentation | Architecture Blueprint | Methodology | SME'})","frozenset({'Question Type=Architecture', 'Question Complexity=High'})",0.13,0.22444444444444445,0.06222222222222222,0.4786324786324786,2.1325209444021325,1.0,0.033044444444444446,1.4875409836065572,0.6104269293924467,0.21292775665399238,0.32774961428256555,0.37793010070237787
"frozenset({'Question Intent=Determine implementation approach', 'Question Complexity=High'})","frozenset({'Question Type=Architecture', 'Knowledge Gap=Public Documentation | Architecture Blueprint | Methodology | SME'})",0.1922222222222222,0.2811111111111111,0.06222222222222222,0.3236994219653179,1.1514999200347278,1.0,0.008186419753086427,1.0629724596391263,0.1628758105718217,0.1513513513513514,0.05924185435670193,0.27252164774155224
"frozenset({'Knowledge Gap=Public Documentation | Architecture Blueprint | Methodology | SME', 'Question Complexity=High'})","frozenset({'Question Type=Architecture', 'Question Intent=Determine implementation approach'})",0.33,0.09,0.06222222222222222,0.18855218855218853,2.0950243172465393,1.0,0.032522222222222216,1.1214522821576764,0.7801172707889125,0.17391304347826086,0.10829910829910827,0.4399551066217733
frozenset({'Question Type=Architecture'}),"frozenset({'Question Intent=Determine implementation approach', 'Knowledge Gap=Public Documentation | Architecture Blueprint | Methodology | SME', 'Question Complexity=High'})",0.3522222222222222,0.09555555555555556,0.06222222222222222,0.17665615141955837,1.848727166018634,1.0,0.028565432098765428,1.0985014899957428,0.7087111002205341,0.16138328530259366,0.0896689634859982,0.41390947105861636
frozenset({'Question Intent=Determine implementation approach'}),"frozenset({'Question Type=Architecture', 'Knowledge Gap=Public Documentation | Architecture Blueprint | Methodology | SME', 'Question Complexity=High'})",0.24444444444444444,0.18444444444444444,0.06222222222222222,0.2545454545454545,1.380065717415115,1.0,0.017135802469135805,1.0940379403794038,0.3644957983193278,0.1696969696969697,0.08595491701758728,0.29594742606790797
frozenset({'Knowledge Gap=Public Documentation | Architecture Blueprint | Methodology | SME'}),"frozenset({'Question Type=Architecture', 'Question Intent=Determine implementation approach', 'Question Complexity=High'})",0.45666666666666667,0.06222222222222222,0.06222222222222222,0.1362530413625304,2.18978102189781,1.0,0.03380740740740741,1.0857089201877936,1.0000000000000002,0.1362530413625304,0.07894281661881206,0.5681265206812652
frozenset({'Question Complexity=High'}),"frozenset({'Question Type=Architecture', 'Question Intent=Determine implementation approach', 'Knowledge Gap=Public Documentation | Architecture Blueprint | Methodology | SME'})",0.7666666666666667,0.08888888888888889,0.06222222222222222,0.08115942028985507,0.9130434782608695,1.0,-0.005925925925925932,0.9915878023133544,-0.28985507246376835,0.07843137254901959,-0.008483563096500541,0.39057971014492754
"frozenset({'Presales Category=Solution Architecture', 'Question Intent=Determine implementation approach', 'Knowledge Gap=Public Documentation | Architecture Blueprint | Methodology | SME'})",frozenset({'Question Complexity=High'}),0.08777777777777777,0.7666666666666667,0.06,0.6835443037974683,0.89157952669235,1.0,-0.007296296296296301,0.7373333333333332,-0.11762598519226182,0.07552447552447551,-0.3562386980108503,0.38090258668134286
"frozenset({'Presales Category=Solution Architecture', 'Question Intent=Determine implementation approach', 'Question Complexity=High'})",frozenset({'Knowledge Gap=Public Documentation | Architecture Blueprint | Methodology | SME'}),0.06444444444444444,0.45666666666666667,0.06,0.9310344827586207,2.0387616410772713,1.0,0.03057037037037037,7.87833333333333,0.5446027975719187,0.13012048192771083,0.8730696001692405,0.5312106720362446
"frozenset({'Presales Category=Solution Architecture', 'Knowledge Gap=Public Documentation | Architecture Blueprint | Methodology | SME', 'Question Complexity=High'})",frozenset({'Question Intent=Determine implementation approach'}),0.21222222222222223,0.24444444444444444,0.06,0.2827225130890052,1.1565920990004759,1.0,0.008123456790123454,1.0533657745336578,0.1718643890717233,0.15126050420168066,0.050662149676624545,0.26408852927177534
"frozenset({'Question Intent=Determine implementation approach', 'Knowledge Gap=Public Documentation | Architecture Blueprint | Methodology | SME', 'Question Complexity=High'})",frozenset({'Presales Category=Solution Architecture'}),0.09555555555555556,0.4588888888888889,0.06,0.6279069767441859,1.3683202883045213,1.0,0.016150617283950612,1.4542361111111106,0.29761579761579754,0.12134831460674154,0.3123537557900767,0.37932879103553124
"frozenset({'Presales Category=Solution Architecture', 'Question Intent=Determine implementation approach'})","frozenset({'Knowledge Gap=Public Documentation | Architecture Blueprint | Methodology | SME', 'Question Complexity=High'})",0.09666666666666666,0.33,0.06,0.6206896551724138,1.8808777429467085,1.0,0.0281,1.7663636363636364,0.518450184501845,0.1636363636363636,0.433865156973752,0.4012539184952978
"frozenset({'Presales Category=Solution Architecture', 'Knowledge Gap=Public Documentation | Architecture Blueprint | Methodology | SME'})","frozenset({'Question Intent=Determine implementation approach', 'Question Complexity=High'})",0.31,0.1922222222222222,0.06,0.1935483870967742,1.0068991236248368,1.0,0.0004111111111111121,1.0016444444444446,0.009930220075147636,0.13567839195979897,0.001641744686515515,0.2528435577102368
"frozenset({'Presales Category=Solution Architecture', 'Question Complexity=High'})","frozenset({'Question Intent=Determine implementation approach', 'Knowledge Gap=Public Documentation | Architecture Blueprint | Methodology | SME'})",0.3055555555555556,0.13,0.06,0.19636363636363635,1.5104895104895104,1.0,0.02027777777777777,1.082579185520362,0.48666666666666647,0.15976331360946744,0.07628004179728316,0.32895104895104893
"frozenset({'Question Intent=Determine implementation approach', 'Knowledge Gap=Public Documentation | Architecture Blueprint | Methodology | SME'})","frozenset({'Presales Category=Solution Architecture', 'Question Complexity=High'})",0.13,0.3055555555555556,0.06,0.4615384615384615,1.5104895104895102,1.0,0.02027777777777777,1.2896825396825395,0.3884631758194975,0.15976331360946744,0.22461538461538455,0.32895104895104893
"frozenset({'Question Intent=Determine implementation approach', 'Question Complexity=High'})","frozenset({'Presales Category=Solution Architecture', 'Knowledge Gap=Public Documentation | Architecture Blueprint | Methodology | SME'})",0.1922222222222222,0.31,0.06,0.31213872832369943,1.0068991236248368,1.0,0.0004111111111111121,1.003109243697479,0.008482347546996812,0.13567839195979897,0.003099606266231065,0.2528435577102368
"frozenset({'Knowledge Gap=Public Documentation | Architecture Blueprint | Methodology | SME', 'Question Complexity=High'})","frozenset({'Presales Category=Solution Architecture', 'Question Intent=Determine implementation approach'})",0.33,0.09666666666666666,0.06,0.1818181818181818,1.8808777429467083,1.0,0.0281,1.104074074074074,0.6990049751243782,0.1636363636363636,0.09426366990942635,0.4012539184952978
frozenset({'Presales Category=Solution Architecture'}),"frozenset({'Question Intent=Determine implementation approach', 'Knowledge Gap=Public Documentation | Architecture Blueprint | Methodology | SME', 'Question Complexity=High'})",0.4588888888888889,0.09555555555555556,0.06,0.13075060532687652,1.3683202883045216,1.0,0.016150617283950612,1.0404890126895698,0.4974522777397519,0.12134831460674154,0.038913445693106716,0.37932879103553124
frozenset({'Question Intent=Determine implementation approach'}),"frozenset({'Presales Category=Solution Architecture', 'Knowledge Gap=Public Documentation | Architecture Blueprint | Methodology | SME', 'Question Complexity=High'})",0.24444444444444444,0.21222222222222223,0.06,0.24545454545454545,1.1565920990004759,1.0,0.008123456790123454,1.0440428380187416,0.179193899782135,0.15126050420168066,0.04218489549942299,0.26408852927177534
frozenset({'Knowledge Gap=Public Documentation | Architecture Blueprint | Methodology | SME'}),"frozenset({'Presales Category=Solution Architecture', 'Question Intent=Determine implementation approach', 'Question Complexity=High'})",0.45666666666666667,0.06444444444444444,0.06,0.13138686131386862,2.0387616410772718,1.0,0.03057037037037037,1.0770681605975725,0.9377414224039992,0.13012048192771083,0.07155365223572656,0.5312106720362446
frozenset({'Question Complexity=High'}),"frozenset({'Presales Category=Solution Architecture', 'Question Intent=Determine implementation approach', 'Knowledge Gap=Public Documentation | Architecture Blueprint | Methodology | SME'})",0.7666666666666667,0.08777777777777777,0.06,0.07826086956521738,0.89157952669235,1.0,-0.007296296296296301,0.9896750524109015,-0.3426086956521741,0.07552447552447551,-0.010432664301223327,0.38090258668134286
"frozenset({'Question Intent=Request presales guidance', 'Presales Category=Security & Compliance', 'Question Type=Governance / Security'})",frozenset({'Question Complexity=High'}),0.057777777777777775,0.7666666666666667,0.057777777777777775,1.0,1.3043478260869565,1.0,0.013481481481481476,inf,0.2476415094339622,0.0753623188405797,1.0,0.5376811594202898
"frozenset({'Question Intent=Request presales guidance', 'Question Complexity=High', 'Question Type=Governance / Security'})",frozenset({'Presales Category=Security & Compliance'}),0.058888888888888886,0.24666666666666667,0.057777777777777775,0.9811320754716981,3.977562468128506,1.0,0.04325185185185185,39.92666666666668,0.7954318408863863,0.2331838565022421,0.9749540824845551,0.6076831548529662
"frozenset({'Question Intent=Request presales guidance', 'Presales Category=Security & Compliance', 'Question Complexity=High'})",frozenset({'Question Type=Governance / Security'}),0.09666666666666666,0.13666666666666666,0.057777777777777775,0.5977011494252873,4.373423044575273,1.0,0.044566666666666664,2.1459999999999995,0.8538887311950043,0.32911392405063283,0.5340167753960857,0.5102326885337819
"frozenset({'Question Complexity=High', 'Presales Category=Security & Compliance', 'Question Type=Governance / Security'})",frozenset({'Question Intent=Request presales guidance'}),0.12666666666666668,0.40444444444444444,0.057777777777777775,0.4561403508771929,1.1278195488721803,1.0,0.006548148148148143,1.0950537634408601,0.12977099236641212,0.12206572769953052,0.08680282796543584,0.2994987468671679
"frozenset({'Question Intent=Request presales guidance', 'Question Type=Governance / Security'})","frozenset({'Presales Category=Security & Compliance', 'Question Complexity=High'})",0.058888888888888886,0.24666666666666667,0.057777777777777775,0.9811320754716981,3.977562468128506,1.0,0.04325185185185185,39.92666666666668,0.7954318408863863,0.2331838565022421,0.9749540824845551,0.6076831548529662
"frozenset({'Question Intent=Request presales guidance', 'Presales Category=Security & Compliance'})","frozenset({'Question Complexity=High', 'Question Type=Governance / Security'})",0.09666666666666666,0.13444444444444445,0.057777777777777775,0.5977011494252873,4.445711028783128,1.0,0.04478148148148148,2.151523809523809,0.8580045415838774,0.3333333333333333,0.5352131379752998,0.5137266077704948
"frozenset({'Question Intent=Request presales guidance', 'Question Complexity=High'})","frozenset({'Presales Category=Security & Compliance', 'Question Type=Governance / Security'})",0.3,0.12666666666666668,0.057777777777777775,0.1925925925925926,1.5204678362573099,1.0,0.019777777777777776,1.081651376146789,0.489010989010989,0.1566265060240964,0.07548770144189991,0.32436647173489275
"frozenset({'Presales Category=Security & Compliance', 'Question Type=Governance / Security'})","frozenset({'Question Intent=Request presales guidance', 'Question Complexity=High'})",0.12666666666666668,0.3,0.057777777777777775,0.4561403508771929,1.5204678362573096,1.0,0.019777777777777776,1.287096774193548,0.3919553728714034,0.1566265060240964,0.2230576441102756,0.32436647173489275
"frozenset({'Question Complexity=High', 'Question Type=Governance / Security'})","frozenset({'Question Intent=Request presales guidance', 'Presales Category=Security & Compliance'})",0.13444444444444445,0.09666666666666666,0.057777777777777775,0.42975206611570244,4.445711028783129,1.0,0.04478148148148148,1.5841062801932364,0.8954527500740594,0.3333333333333333,0.3687292244823274,0.5137266077704948
"frozenset({'Presales Category=Security & Compliance', 'Question Complexity=High'})","frozenset({'Question Intent=Request presales guidance', 'Question Type=Governance / Security'})",0.24666666666666667,0.058888888888888886,0.057777777777777775,0.23423423423423423,3.977562468128506,1.0,0.04325185185185185,1.228980392156863,0.9937031994554119,0.2331838565022421,0.18631736813554994,0.6076831548529662
frozenset({'Question Intent=Request presales guidance'}),"frozenset({'Question Complexity=High', 'Presales Category=Security & Compliance', 'Question Type=Governance / Security'})",0.40444444444444444,0.12666666666666668,0.057777777777777775,0.14285714285714285,1.1278195488721803,1.0,0.006548148148148143,1.0188888888888887,0.19029850746268642,0.12206572769953052,0.018538713195201725,0.2994987468671679
frozenset({'Question Type=Governance / Security'}),"frozenset({'Question Intent=Request presales guidance', 'Presales Category=Security & Compliance', 'Question Complexity=High'})",0.13666666666666666,0.09666666666666666,0.057777777777777775,0.42276422764227645,4.373423044575274,1.0,0.044566666666666664,1.564929577464789,0.8934511434511435,0.32911392405063283,0.36099360993609936,0.5102326885337819
frozenset({'Presales Category=Security & Compliance'}),"frozenset({'Question Intent=Request presales guidance', 'Question Complexity=High', 'Question Type=Governance / Security'})",0.24666666666666667,0.058888888888888886,0.057777777777777775,0.23423423423423423,3.977562468128506,1.0,0.04325185185185185,1.228980392156863,0.9937031994554119,0.2331838565022421,0.18631736813554994,0.6076831548529662
frozenset({'Question Complexity=High'}),"frozenset({'Question Intent=Request presales guidance', 'Presales Category=Security & Compliance', 'Question Type=Governance / Security'})",0.7666666666666667,0.057777777777777775,0.057777777777777775,0.0753623188405797,1.3043478260869563,1.0,0.013481481481481476,1.01901776384535,0.9999999999999999,0.0753623188405797,0.018662838392124684,0.5376811594202898
"frozenset({'Presales Category=Solution Architecture', 'Question Type=Architecture', 'Question Intent=Determine implementation approach'})",frozenset({'Question Complexity=High'}),0.0811111111111111,0.7666666666666667,0.057777777777777775,0.7123287671232876,0.9291244788564621,1.0,-0.0044074074074074085,0.8111111111111108,-0.07665220938721178,0.07313642756680731,-0.23287671232876755,0.39384554298193364
"frozenset({'Presales Category=Solution Architecture', 'Question Type=Architecture', 'Question Complexity=High'})",frozenset({'Question Intent=Determine implementation approach'}),0.20333333333333334,0.24444444444444444,0.057777777777777775,0.28415300546448086,1.1624441132637853,1.0,0.008074074074074074,1.055470737913486,0.17541036369488253,0.14814814814814814,0.05255544840887173,0.2602583209140586
"frozenset({'Presales Category=Solution Architecture', 'Question Intent=Determine implementation approach', 'Question Complexity=High'})",frozenset({'Question Type=Architecture'}),0.06444444444444444,0.3522222222222222,0.057777777777777775,0.896551724137931,2.5454149896660505,1.0,0.035079012345679006,6.261851851851853,0.6489585236616114,0.1609907120743034,0.8403028331460343,0.5302947895137605
"frozenset({'Question Type=Architecture', 'Question Intent=Determine implementation approach', 'Question Complexity=High'})",frozenset({'Presales Category=Solution Architecture'}),0.06222222222222222,0.4588888888888889,0.057777777777777775,0.9285714285714286,2.023521272915946,1.0,0.02922469135802469,7.5755555555555585,0.5393729493255559,0.12470023980815348,0.8679964799061309,0.5272397094430993
"frozenset({'Presales Category=Solution Architecture', 'Question Type=Architecture'})","frozenset({'Question Intent=Determine implementation approach', 'Question Complexity=High'})",0.3111111111111111,0.1922222222222222,0.057777777777777775,0.1857142857142857,0.9661436829066886,1.0,-0.0020246913580246884,0.9920077972709552,-0.04840613931523016,0.12967581047381546,-0.008056592650815497,0.2431461601981833
"frozenset({'Presales Category=Solution Architecture', 'Question Intent=Determine implementation approach'})","frozenset({'Question Type=Architecture', 'Question Complexity=High'})",0.09666666666666666,0.22444444444444445,0.057777777777777775,0.5977011494252873,2.663024923181973,1.0,0.03608148148148148,1.9278095238095234,0.691314220834516,0.2194092827004219,0.48127655370022715,0.42756344599977236
"frozenset({'Presales Category=Solution Architecture', 'Question Complexity=High'})","frozenset({'Question Type=Architecture', 'Question Intent=Determine implementation approach'})",0.3055555555555556,0.09,0.057777777777777775,0.18909090909090906,2.1010101010101008,1.0,0.030277777777777775,1.1221973094170403,0.7546153846153846,0.17105263157894735,0.10889110889110885,0.4155331088664422
"frozenset({'Question Type=Architecture', 'Question Intent=Determine implementation approach'})","frozenset({'Presales Category=Solution Architecture', 'Question Complexity=High'})",0.09,0.3055555555555556,0.057777777777777775,0.6419753086419753,2.1010101010101008,1.0,0.030277777777777775,1.939655172413793,0.5758664412510566,0.17105263157894735,0.4844444444444444,0.4155331088664422
"frozenset({'Question Type=Architecture', 'Question Complexity=High'})","frozenset({'Presales Category=Solution Architecture', 'Question Intent=Determine implementation approach'})",0.22444444444444445,0.09666666666666666,0.057777777777777775,0.25742574257425743,2.6630249231819736,1.0,0.03608148148148148,1.216488888888889,0.8052126956138418,0.2194092827004219,0.17796207665046948,0.42756344599977236
"frozenset({'Question Intent=Determine implementation approach', 'Question Complexity=High'})","frozenset({'Presales Category=Solution Architecture', 'Question Type=Architecture'})",0.1922222222222222,0.3111111111111111,0.057777777777777775,0.30057803468208094,0.9661436829066887,1.0,-0.0020246913580246884,0.9849403122130396,-0.04157793327248751,0.12967581047381546,-0.015289949655043803,0.2431461601981833
frozenset({'Presales Category=Solution Architecture'}),"frozenset({'Question Type=Architecture', 'Question Intent=Determine implementation approach', 'Question Complexity=High'})",0.4588888888888889,0.06222222222222222,0.057777777777777775,0.12590799031476996,2.023521272915946,1.0,0.02922469135802469,1.0728593413357956,0.9347654398989103,0.12470023980815348,0.067911364079731,0.5272397094430993
frozenset({'Question Type=Architecture'}),"frozenset({'Presales Category=Solution Architecture', 'Question Intent=Determine implementation approach', 'Question Complexity=High'})",0.3522222222222222,0.06444444444444444,0.057777777777777775,0.1640378548895899,2.5454149896660505,1.0,0.035079012345679006,1.1191362683438155,0.9372608523551919,0.1609907120743034,0.10645376413376594,0.5302947895137605
frozenset({'Question Intent=Determine implementation approach'}),"frozenset({'Presales Category=Solution Architecture', 'Question Type=Architecture', 'Question Complexity=High'})",0.24444444444444444,0.20333333333333334,0.057777777777777775,0.23636363636363636,1.1624441132637853,1.0,0.008074074074074074,1.043253968253968,0.18495475113122173,0.14814814814814814,0.0414606314187904,0.2602583209140586
frozenset({'Question Complexity=High'}),"frozenset({'Presales Category=Solution Architecture', 'Question Type=Architecture', 'Question Intent=Determine implementation approach'})",0.7666666666666667,0.0811111111111111,0.057777777777777775,0.0753623188405797,0.9291244788564621,1.0,-0.0044074074074074085,0.9937826541274816,-0.24637681159420297,0.07313642756680731,-0.006256243099731881,0.39384554298193364
"frozenset({'Question Intent=Determine implementation approach', 'Knowledge Gap=Public Documentation | Architecture Blueprint | Methodology | SME', 'Business Capability=Risk, compliance and identity control'})",frozenset({'Question Complexity=High'}),0.056666666666666664,0.7666666666666667,0.056666666666666664,1.0,1.3043478260869565,1.0,0.013222222222222219,inf,0.2473498233215547,0.07391304347826086,1.0,0.5369565217391304
"frozenset({'Question Intent=Determine implementation approach', 'Question Complexity=High', 'Business Capability=Risk, compliance and identity control'})",frozenset({'Knowledge Gap=Public Documentation | Architecture Blueprint | Methodology | SME'}),0.10888888888888888,0.45666666666666667,0.056666666666666664,0.5204081632653061,1.1395799195590646,1.0,0.00694074074074074,1.1329078014184397,0.13745049141851257,0.111353711790393,0.1173156379116064,0.322247877253091
"frozenset({'Question Complexity=High', 'Knowledge Gap=Public Documentation | Architecture Blueprint | Methodology | SME', 'Business Capability=Risk, compliance and identity control'})",frozenset({'Question Intent=Determine implementation approach'}),0.1711111111111111,0.24444444444444444,0.056666666666666664,0.33116883116883117,1.3547815820543094,1.0,0.014839506172839509,1.129665587918015,0.3159333438469222,0.15789473684210523,0.11478227654698245,0.28149350649350646
"frozenset({'Question Intent=Determine implementation approach', 'Knowledge Gap=Public Documentation | Architecture Blueprint | Methodology | SME', 'Question Complexity=High'})","frozenset({'Business Capability=Risk, compliance and identity control'})",0.09555555555555556,0.4166666666666667,0.056666666666666664,0.5930232558139534,1.423255813953488,1.0,0.016851851851851847,1.433333333333333,0.32880474056944636,0.12439024390243901,0.30232558139534876,0.3645116279069767
"frozenset({'Question Intent=Determine implementation approach', 'Business Capability=Risk, compliance and identity control'})","frozenset({'Knowledge Gap=Public Documentation | Architecture Blueprint | Methodology | SME', 'Question Complexity=High'})",0.10888888888888888,0.33,0.056666666666666664,0.5204081632653061,1.5769944341372912,1.0,0.020733333333333333,1.3970212765957446,0.4105911691359836,0.14825581395348836,0.2841912884556808,0.34606266749123893
"frozenset({'Knowledge Gap=Public Documentation | Architecture Blueprint | Methodology | SME', 'Business Capability=Risk, compliance and identity control'})","frozenset({'Question Intent=Determine implementation approach', 'Question Complexity=High'})",0.1711111111111111,0.1922222222222222,0.056666666666666664,0.33116883116883117,1.7228436303580814,1.0,0.023775308641975308,1.207745415318231,0.5061767334279557,0.1847826086956522,0.17201093267118026,0.31298325951505146
"frozenset({'Question Complexity=High', 'Business Capability=Risk, compliance and identity control'})","frozenset({'Question Intent=Determine implementation approach', 'Knowledge Gap=Public Documentation | Architecture Blueprint | Methodology | SME'})",0.4166666666666667,0.13,0.056666666666666664,0.13599999999999998,1.046153846153846,1.0,0.0024999999999999953,1.0069444444444444,0.07563025210084022,0.11564625850340135,0.006896551724137905,0.2859487179487179
"frozenset({'Question Intent=Determine implementation approach', 'Knowledge Gap=Public Documentation | Architecture Blueprint | Methodology | SME'})","frozenset({'Question Complexity=High', 'Business Capability=Risk, compliance and identity control'})",0.13,0.4166666666666667,0.056666666666666664,0.43589743589743585,1.046153846153846,1.0,0.0024999999999999953,1.034090909090909,0.05070993914807293,0.11564625850340135,0.03296703296703286,0.2859487179487179
"frozenset({'Question Intent=Determine implementation approach', 'Question Complexity=High'})","frozenset({'Knowledge Gap=Public Documentation | Architecture Blueprint | Methodology | SME', 'Business Capability=Risk, compliance and identity control'})",0.1922222222222222,0.1711111111111111,0.056666666666666664,0.2947976878612717,1.7228436303580814,1.0,0.023775308641975308,1.175391621129326,0.5194055613992502,0.1847826086956522,0.14921973066373262,0.31298325951505146
"frozenset({'Knowledge Gap=Public Documentation | Architecture Blueprint | Methodology | SME', 'Question Complexity=High'})","frozenset({'Question Intent=Determine implementation approach', 'Business Capability=Risk, compliance and identity control'})",0.33,0.10888888888888888,0.056666666666666664,0.1717171717171717,1.5769944341372912,1.0,0.020733333333333333,1.0758536585365852,0.5460930640913082,0.14825581395348836,0.070505554296078,0.34606266749123893
"frozenset({'Business Capability=Risk, compliance and identity control'})","frozenset({'Question Intent=Determine implementation approach', 'Knowledge Gap=Public Documentation | Architecture Blueprint | Methodology | SME', 'Question Complexity=High'})",0.4166666666666667,0.09555555555555556,0.056666666666666664,0.13599999999999998,1.423255813953488,1.0,0.016851851851851847,1.0468106995884774,0.5098039215686274,0.12439024390243901,0.044717444717444696,0.3645116279069767
frozenset({'Question Intent=Determine implementation approach'}),"frozenset({'Question Complexity=High', 'Knowledge Gap=Public Documentation | Architecture Blueprint | Methodology | SME', 'Business Capability=Risk, compliance and identity control'})",0.24444444444444444,0.1711111111111111,0.056666666666666664,0.2318181818181818,1.3547815820543094,1.0,0.014839506172839509,1.079026955950033,0.3465974625144176,0.15789473684210523,0.07323909334633195,0.28149350649350646
frozenset({'Knowledge Gap=Public Documentation | Architecture Blueprint | Methodology | SME'}),"frozenset({'Question Intent=Determine implementation approach', 'Question Complexity=High', 'Business Capability=Risk, compliance and identity control'})",0.45666666666666667,0.10888888888888888,0.056666666666666664,0.1240875912408759,1.1395799195590643,1.0,0.00694074074074074,1.0173518518518518,0.22543004932034164,0.111353711790393,0.0170559003949979,0.322247877253091
frozenset({'Question Complexity=High'}),"frozenset({'Question Intent=Determine implementation approach', 'Knowledge Gap=Public Documentation | Architecture Blueprint | Methodology | SME', 'Business Capability=Risk, compliance and identity control'})",0.7666666666666667,0.056666666666666664,0.056666666666666664,0.07391304347826086,1.3043478260869563,1.0,0.013222222222222219,1.018622848200313,1.0,0.07391304347826086,0.018282378245506214,0.5369565217391304
"frozenset({'Question Intent=Request presales guidance', 'Knowledge Gap=Public Documentation | Governance Framework | Risk Register | SME', 'Business Capability=Risk, compliance and identity control'})",frozenset({'Question Complexity=High'}),0.05555555555555555,0.7666666666666667,0.05555555555555555,1.0,1.3043478260869565,1.0,0.01296296296296296,inf,0.24705882352941175,0.07246376811594202,1.0,0.536231884057971
"frozenset({'Question Intent=Request presales guidance', 'Question Complexity=High', 'Business Capability=Risk, compliance and identity control'})",frozenset({'Knowledge Gap=Public Documentation | Governance Framework | Risk Register | SME'}),0.16555555555555557,0.2111111111111111,0.05555555555555555,0.3355704697986577,1.5895443306252206,1.0,0.020604938271604936,1.187317620650954,0.44447403462050594,0.17301038062283736,0.1577653842518196,0.29936418226774986
"frozenset({'Question Intent=Request presales guidance', 'Knowledge Gap=Public Documentation | Governance Framework | Risk Register | SME', 'Question Complexity=High'})","frozenset({'Business Capability=Risk, compliance and identity control'})",0.08,0.4166666666666667,0.05555555555555555,0.6944444444444444,1.6666666666666665,1.0,0.02222222222222222,1.9090909090909087,0.43478260869565216,0.12594458438287154,0.47619047619047616,0.41388888888888886
"frozenset({'Question Complexity=High', 'Knowledge Gap=Public Documentation | Governance Framework | Risk Register | SME', 'Business Capability=Risk, compliance and identity control'})",frozenset({'Question Intent=Request presales guidance'}),0.12111111111111111,0.40444444444444444,0.05555555555555555,0.4587155963302752,1.1341869140034277,1.0,0.006572839506172837,1.1002636534839925,0.134614412136536,0.1182033096926714,0.09112693413665612,0.2980391168464563
"frozenset({'Question Intent=Request presales guidance', 'Business Capability=Risk, compliance and identity control'})","frozenset({'Knowledge Gap=Public Documentation | Governance Framework | Risk Register | SME', 'Question Complexity=High'})",0.16555555555555557,0.20222222222222222,0.05555555555555555,0.3355704697986577,1.6594144110922633,1.0,0.022076543209876537,1.200695847362514,0.4762183754993341,0.17793594306049823,0.16714961395374917,0.30514787226196616
"frozenset({'Question Intent=Request presales guidance', 'Knowledge Gap=Public Documentation | Governance Framework | Risk Register | SME'})","frozenset({'Question Complexity=High', 'Business Capability=Risk, compliance and identity control'})",0.08333333333333333,0.4166666666666667,0.05555555555555555,0.6666666666666666,1.5999999999999999,1.0,0.02083333333333333,1.7499999999999996,0.409090909090909,0.125,0.42857142857142855,0.39999999999999997
"frozenset({'Question Intent=Request presales guidance', 'Question Complexity=High'})","frozenset({'Knowledge Gap=Public Documentation | Governance Framework | Risk Register | SME', 'Business Capability=Risk, compliance and identity control'})",0.3,0.12111111111111111,0.05555555555555555,0.18518518518518517,1.5290519877675839,1.0,0.019222222222222217,1.0786363636363634,0.4942857142857142,0.1519756838905775,0.07290349768225873,0.3219503907577302
"frozenset({'Knowledge Gap=Public Documentation | Governance Framework | Risk Register | SME', 'Business Capability=Risk, compliance and identity control'})","frozenset({'Question Intent=Request presales guidance', 'Question Complexity=High'})",0.12111111111111111,0.3,0.05555555555555555,0.4587155963302752,1.529051987767584,1.0,0.019222222222222217,1.2932203389830506,0.39367888748419716,0.1519756838905775,0.22673656618610746,0.3219503907577302
"frozenset({'Question Complexity=High', 'Business Capability=Risk, compliance and identity control'})","frozenset({'Question Intent=Request presales guidance', 'Knowledge Gap=Public Documentation | Governance Framework | Risk Register | SME'})",0.4166666666666667,0.08333333333333333,0.05555555555555555,0.13333333333333333,1.6,1.0,0.02083333333333333,1.0576923076923077,0.6428571428571429,0.125,0.05454545454545455,0.39999999999999997
"frozenset({'Knowledge Gap=Public Documentation | Governance Framework | Risk Register | SME', 'Question Complexity=High'})","frozenset({'Question Intent=Request presales guidance', 'Business Capability=Risk, compliance and identity control'})",0.20222222222222222,0.16555555555555557,0.05555555555555555,0.2747252747252747,1.659414411092263,1.0,0.022076543209876537,1.1505218855218853,0.4981058495821726,0.17793594306049823,0.13082922403827857,0.30514787226196616
frozenset({'Question Intent=Request presales guidance'}),"frozenset({'Question Complexity=High', 'Knowledge Gap=Public Documentation | Governance Framework | Risk Register | SME', 'Business Capability=Risk, compliance and identity control'})",0.40444444444444444,0.12111111111111111,0.05555555555555555,0.13736263736263735,1.1341869140034275,1.0,0.006572839506172837,1.018839348903043,0.19865671641791038,0.1182033096926714,0.01849099067809559,0.2980391168464563
"frozenset({'Business Capability=Risk, compliance and identity control'})","frozenset({'Question Intent=Request presales guidance', 'Knowledge Gap=Public Documentation | Governance Framework | Risk Register | SME', 'Question Complexity=High'})",0.4166666666666667,0.08,0.05555555555555555,0.13333333333333333,1.6666666666666665,1.0,0.02222222222222222,1.0615384615384615,0.6857142857142858,0.12594458438287154,0.05797101449275362,0.41388888888888886
frozenset({'Knowledge Gap=Public Documentation | Governance Framework | Risk Register | SME'}),"frozenset({'Question Intent=Request presales guidance', 'Question Complexity=High', 'Business Capability=Risk, compliance and identity control'})",0.2111111111111111,0.16555555555555557,0.05555555555555555,0.2631578947368421,1.5895443306252206,1.0,0.020604938271604936,1.1324603174603174,0.47014084507042253,0.17301038062283736,0.1169668512159226,0.29936418226774986
frozenset({'Question Complexity=High'}),"frozenset({'Question Intent=Request presales guidance', 'Knowledge Gap=Public Documentation | Governance Framework | Risk Register | SME', 'Business Capability=Risk, compliance and identity control'})",0.7666666666666667,0.05555555555555555,0.05555555555555555,0.07246376811594202,1.3043478260869563,1.0,0.01296296296296296,1.0182291666666665,1.0000000000000002,0.07246376811594202,0.01790281329923273,0.536231884057971
"frozenset({'Question Intent=Determine implementation approach', 'Presales Category=Security & Compliance', 'Business Capability=Risk, compliance and identity control'})",frozenset({'Question Complexity=High'}),0.05555555555555555,0.7666666666666667,0.05555555555555555,1.0,1.3043478260869565,1.0,0.01296296296296296,inf,0.24705882352941175,0.07246376811594202,1.0,0.536231884057971
"frozenset({'Question Complexity=High', 'Presales Category=Security & Compliance', 'Business Capability=Risk, compliance and identity control'})",frozenset({'Question Intent=Determine implementation approach'}),0.1922222222222222,0.24444444444444444,0.05555555555555555,0.28901734104046245,1.182343667892801,1.0,0.008567901234567903,1.0626919602529359,0.1909215955983494,0.1457725947521866,0.058993539612376786,0.25814503415659484
"frozenset({'Question Intent=Determine implementation approach', 'Presales Category=Security & Compliance', 'Question Complexity=High'})","frozenset({'Business Capability=Risk, compliance and identity control'})",0.07222222222222222,0.4166666666666667,0.05555555555555555,0.7692307692307693,1.8461538461538463,1.0,0.02546296296296296,2.527777777777778,0.4940119760479042,0.1282051282051282,0.6043956043956045,0.4512820512820513
"frozenset({'Question Intent=Determine implementation approach', 'Question Complexity=High', 'Business Capability=Risk, compliance and identity control'})",frozenset({'Presales Category=Security & Compliance'}),0.10888888888888888,0.24666666666666667,0.05555555555555555,0.5102040816326531,2.0683949255377825,1.0,0.028696296296296293,1.5380555555555555,0.5796508728179551,0.18518518518518515,0.34982842694599964,0.36771465342893916
"frozenset({'Presales Category=Security & Compliance', 'Business Capability=Risk, compliance and identity control'})","frozenset({'Question Intent=Determine implementation approach', 'Question Complexity=High'})",0.1922222222222222,0.1922222222222222,0.05555555555555555,0.28901734104046245,1.5035584215977815,1.0,0.018606172839506177,1.1361427280939476,0.414607977991747,0.16891891891891891,0.1198288953733373,0.28901734104046245
"frozenset({'Question Intent=Determine implementation approach', 'Presales Category=Security & Compliance'})","frozenset({'Question Complexity=High', 'Business Capability=Risk, compliance and identity control'})",0.07222222222222222,0.4166666666666667,0.05555555555555555,0.7692307692307693,1.8461538461538463,1.0,0.02546296296296296,2.527777777777778,0.4940119760479042,0.1282051282051282,0.6043956043956045,0.4512820512820513
"frozenset({'Presales Category=Security & Compliance', 'Question Complexity=High'})","frozenset({'Question Intent=Determine implementation approach', 'Business Capability=Risk, compliance and identity control'})",0.24666666666666667,0.10888888888888888,0.05555555555555555,0.2252252252252252,2.0683949255377825,1.0,0.028696296296296293,1.1501550387596897,0.6856637168141593,0.18518518518518515,0.13055199838242232,0.36771465342893916
"frozenset({'Question Intent=Determine implementation approach', 'Business Capability=Risk, compliance and identity control'})","frozenset({'Presales Category=Security & Compliance', 'Question Complexity=High'})",0.10888888888888888,0.24666666666666667,0.05555555555555555,0.5102040816326531,2.0683949255377825,1.0,0.028696296296296293,1.5380555555555555,0.5796508728179551,0.18518518518518515,0.34982842694599964,0.36771465342893916
"frozenset({'Question Complexity=High', 'Business Capability=Risk, compliance and identity control'})","frozenset({'Question Intent=Determine implementation approach', 'Presales Category=Security & Compliance'})",0.4166666666666667,0.07222222222222222,0.05555555555555555,0.13333333333333333,1.8461538461538463,1.0,0.02546296296296296,1.0705128205128205,0.7857142857142859,0.1282051282051282,0.0658682634730539,0.4512820512820513
"frozenset({'Question Intent=Determine implementation approach', 'Question Complexity=High'})","frozenset({'Presales Category=Security & Compliance', 'Business Capability=Risk, compliance and identity control'})",0.1922222222222222,0.1922222222222222,0.05555555555555555,0.28901734104046245,1.5035584215977815,1.0,0.018606172839506177,1.1361427280939476,0.414607977991747,0.16891891891891891,0.1198288953733373,0.28901734104046245
frozenset({'Presales Category=Security & Compliance'}),"frozenset({'Question Intent=Determine implementation approach', 'Question Complexity=High', 'Business Capability=Risk, compliance and identity control'})",0.24666666666666667,0.10888888888888888,0.05555555555555555,0.2252252252252252,2.0683949255377825,1.0,0.028696296296296293,1.1501550387596897,0.6856637168141593,0.18518518518518515,0.13055199838242232,0.36771465342893916
"frozenset({'Business Capability=Risk, compliance and identity control'})","frozenset({'Question Intent=Determine implementation approach', 'Presales Category=Security & Compliance', 'Question Complexity=High'})",0.4166666666666667,0.07222222222222222,0.05555555555555555,0.13333333333333333,1.8461538461538463,1.0,0.02546296296296296,1.0705128205128205,0.7857142857142859,0.1282051282051282,0.0658682634730539,0.4512820512820513
frozenset({'Question Intent=Determine implementation approach'}),"frozenset({'Question Complexity=High', 'Presales Category=Security & Compliance', 'Business Capability=Risk, compliance and identity control'})",0.24444444444444444,0.1922222222222222,0.05555555555555555,0.22727272727272727,1.1823436678928008,1.0,0.008567901234567903,1.045359477124183,0.2041176470588236,0.1457725947521866,0.043391271726897586,0.25814503415659484
frozenset({'Question Complexity=High'}),"frozenset({'Question Intent=Determine implementation approach', 'Presales Category=Security & Compliance', 'Business Capability=Risk, compliance and identity control'})",0.7666666666666667,0.05555555555555555,0.05555555555555555,0.07246376811594202,1.3043478260869563,1.0,0.01296296296296296,1.0182291666666665,1.0000000000000002,0.07246376811594202,0.01790281329923273,0.536231884057971
"frozenset({'Question Intent=Request presales guidance', 'Presales Category=Security & Compliance', 'Knowledge Gap=Public Documentation | Governance Framework | Risk Register | SME'})","frozenset({'Business Capability=Risk, compliance and identity control'})",0.06444444444444444,0.4166666666666667,0.05444444444444444,0.8448275862068965,2.0275862068965513,1.0,0.02759259259259259,3.759259259259257,0.5417131223035532,0.12760416666666666,0.7339901477832511,0.48774712643678153
"frozenset({'Question Intent=Request presales guidance', 'Presales Category=Security & Compliance', 'Business Capability=Risk, compliance and identity control'})",frozenset({'Knowledge Gap=Public Documentation | Governance Framework | Risk Register | SME'}),0.08222222222222222,0.2111111111111111,0.05444444444444444,0.6621621621621621,3.1365576102418204,1.0,0.037086419753086415,2.3351111111111105,0.7422048722636754,0.22790697674418603,0.5717548534449941,0.4600284495021336
"frozenset({'Question Intent=Request presales guidance', 'Knowledge Gap=Public Documentation | Governance Framework | Risk Register | SME', 'Business Capability=Risk, compliance and identity control'})",frozenset({'Presales Category=Security & Compliance'}),0.05555555555555555,0.24666666666666667,0.05444444444444444,0.98,3.972972972972973,1.0,0.04074074074074074,37.66666666666663,0.7923169267707082,0.21973094170403584,0.9734513274336283,0.6003603603603603
"frozenset({'Presales Category=Security & Compliance', 'Knowledge Gap=Public Documentation | Governance Framework | Risk Register | SME', 'Business Capability=Risk, compliance and identity control'})",frozenset({'Question Intent=Request presales guidance'}),0.11888888888888889,0.40444444444444444,0.05444444444444444,0.4579439252336448,1.1322789360172536,1.0,0.006360493827160488,1.098697318007663,0.13258872275265707,0.11611374407582939,0.0898312177430603,0.2962796549245147
"frozenset({'Question Intent=Request presales guidance', 'Presales Category=Security & Compliance'})","frozenset({'Knowledge Gap=Public Documentation | Governance Framework | Risk Register | SME', 'Business Capability=Risk, compliance and identity control'})",0.09666666666666666,0.12111111111111111,0.05444444444444444,0.5632183908045977,4.650427080037963,1.0,0.04273703703703703,2.01219298245614,0.8689660365991414,0.33333333333333326,0.5030297746196434,0.5063798376041337
"frozenset({'Question Intent=Request presales guidance', 'Knowledge Gap=Public Documentation | Governance Framework | Risk Register | SME'})","frozenset({'Presales Category=Security & Compliance', 'Business Capability=Risk, compliance and identity control'})",0.08333333333333333,0.1922222222222222,0.05444444444444444,0.6533333333333333,3.3988439306358385,1.0,0.038425925925925926,2.3301282051282053,0.7699443413729129,0.24623115577889446,0.5708390646492435,0.46828516377649326
"frozenset({'Question Intent=Request presales guidance', 'Business Capability=Risk, compliance and identity control'})","frozenset({'Presales Category=Security & Compliance', 'Knowledge Gap=Public Documentation | Governance Framework | Risk Register | SME'})",0.16555555555555557,0.15555555555555556,0.05444444444444444,0.32885906040268453,2.1140939597315436,1.0,0.028691358024691353,1.2582222222222221,0.6315389005136008,0.20416666666666666,0.2052278346873896,0.33942953020134226
"frozenset({'Presales Category=Security & Compliance', 'Knowledge Gap=Public Documentation | Governance Framework | Risk Register | SME'})","frozenset({'Question Intent=Request presales guidance', 'Business Capability=Risk, compliance and identity control'})",0.15555555555555556,0.16555555555555557,0.05444444444444444,0.35,2.114093959731543,1.0,0.028691358024691353,1.2837606837606836,0.6240601503759398,0.20416666666666666,0.22103861517976028,0.33942953020134226
"frozenset({'Presales Category=Security & Compliance', 'Business Capability=Risk, compliance and identity control'})","frozenset({'Question Intent=Request presales guidance', 'Knowledge Gap=Public Documentation | Governance Framework | Risk Register | SME'})",0.1922222222222222,0.08333333333333333,0.05444444444444444,0.2832369942196532,3.3988439306358385,1.0,0.038425925925925926,1.2788978494623655,0.8737332622182298,0.24623115577889446,0.21807672096689443,0.46828516377649326
"frozenset({'Knowledge Gap=Public Documentation | Governance Framework | Risk Register | SME', 'Business Capability=Risk, compliance and identity control'})","frozenset({'Question Intent=Request presales guidance', 'Presales Category=Security & Compliance'})",0.12111111111111111,0.09666666666666666,0.05444444444444444,0.4495412844036697,4.650427080037963,1.0,0.04273703703703703,1.6410555555555555,0.8931344977940607,0.33333333333333326,0.3906361081959443,0.5063798376041337
frozenset({'Question Intent=Request presales guidance'}),"frozenset({'Presales Category=Security & Compliance', 'Knowledge Gap=Public Documentation | Governance Framework | Risk Register | SME', 'Business Capability=Risk, compliance and identity control'})",0.40444444444444444,0.11888888888888889,0.05444444444444444,0.1346153846153846,1.1322789360172536,1.0,0.006360493827160488,1.0181728395061727,0.19616204690831537,0.11611374407582939,0.017848481909011536,0.2962796549245147
frozenset({'Presales Category=Security & Compliance'}),"frozenset({'Question Intent=Request presales guidance', 'Knowledge Gap=Public Documentation | Governance Framework | Risk Register | SME', 'Business Capability=Risk, compliance and identity control'})",0.24666666666666667,0.05555555555555555,0.05444444444444444,0.22072072072072071,3.9729729729729732,1.0,0.04074074074074074,1.211946050096339,0.9933176810547228,0.21973094170403584,0.17488076311605724,0.6003603603603603
frozenset({'Knowledge Gap=Public Documentation | Governance Framework | Risk Register | SME'}),"frozenset({'Question Intent=Request presales guidance', 'Presales Category=Security & Compliance', 'Business Capability=Risk, compliance and identity control'})",0.2111111111111111,0.08222222222222222,0.05444444444444444,0.25789473684210523,3.1365576102418204,1.0,0.037086419753086415,1.2367218282111898,0.8634665133659096,0.22790697674418603,0.1914107302153689,0.4600284495021336
"frozenset({'Business Capability=Risk, compliance and identity control'})","frozenset({'Question Intent=Request presales guidance', 'Presales Category=Security & Compliance', 'Knowledge Gap=Public Documentation | Governance Framework | Risk Register | SME'})",0.4166666666666667,0.06444444444444444,0.05444444444444444,0.13066666666666665,2.027586206896552,1.0,0.02759259259259259,1.0761758691206544,0.8688046647230322,0.12760416666666666,0.07078384798099761,0.48774712643678153
"frozenset({'Question Intent=Request presales guidance', 'Question Type=Architecture', 'Business Capability=Risk, compliance and identity control'})",frozenset({'Question Complexity=High'}),0.05333333333333334,0.7666666666666667,0.05333333333333334,1.0,1.3043478260869565,1.0,0.012444444444444445,inf,0.24647887323943665,0.06956521739130435,1.0,0.5347826086956522
"frozenset({'Question Intent=Request presales guidance', 'Question Type=Architecture', 'Question Complexity=High'})","frozenset({'Business Capability=Risk, compliance and identity control'})",0.10333333333333333,0.4166666666666667,0.05333333333333334,0.5161290322580645,1.2387096774193547,1.0,0.010277777777777782,1.2055555555555553,0.21491635687732347,0.1142857142857143,0.17050691244239627,0.32206451612903225
"frozenset({'Question Intent=Request presales guidance', 'Question Complexity=High', 'Business Capability=Risk, compliance and identity control'})",frozenset({'Question Type=Architecture'}),0.16555555555555557,0.3522222222222222,0.05333333333333334,0.3221476510067114,0.9146147820379819,1.0,-0.004979012345679011,0.9556325632563256,-0.10062124198498039,0.11483253588516747,-0.0464272969021608,0.23678360468316642
"frozenset({'Question Type=Architecture', 'Question Complexity=High', 'Business Capability=Risk, compliance and identity control'})",frozenset({'Question Intent=Request presales guidance'}),0.1288888888888889,0.40444444444444444,0.05333333333333334,0.4137931034482759,1.0231148162182646,1.0,0.0012049382716049425,1.015947712418301,0.025935374149659955,0.11111111111111112,0.015697375193000605,0.2728306176582039
"frozenset({'Question Intent=Request presales guidance', 'Question Type=Architecture'})","frozenset({'Question Complexity=High', 'Business Capability=Risk, compliance and identity control'})",0.17,0.4166666666666667,0.05333333333333334,0.3137254901960784,0.7529411764705882,1.0,-0.01750000000000001,0.8499999999999999,-0.283324338909876,0.1,-0.17647058823529418,0.22086274509803921
"frozenset({'Question Intent=Request presales guidance', 'Business Capability=Risk, compliance and identity control'})","frozenset({'Question Type=Architecture', 'Question Complexity=High'})",0.16555555555555557,0.22444444444444445,0.05333333333333334,0.3221476510067114,1.4353113163665359,1.0,0.016175308641975313,1.144136413641364,0.3634598313359965,0.15841584158415842,0.12597834657025825,0.2798857066914745
"frozenset({'Question Intent=Request presales guidance', 'Question Complexity=High'})","frozenset({'Question Type=Architecture', 'Business Capability=Risk, compliance and identity control'})",0.3,0.1288888888888889,0.05333333333333334,0.17777777777777778,1.3793103448275863,1.0,0.014666666666666675,1.0594594594594595,0.39285714285714307,0.14201183431952666,0.056122448979591844,0.29578544061302686
"frozenset({'Question Type=Architecture', 'Business Capability=Risk, compliance and identity control'})","frozenset({'Question Intent=Request presales guidance', 'Question Complexity=High'})",0.1288888888888889,0.3,0.05333333333333334,0.4137931034482759,1.3793103448275865,1.0,0.014666666666666675,1.1941176470588235,0.31568877551020424,0.14201183431952666,0.1625615763546799,0.29578544061302686
"frozenset({'Question Type=Architecture', 'Question Complexity=High'})","frozenset({'Question Intent=Request presales guidance', 'Business Capability=Risk, compliance and identity control'})",0.22444444444444445,0.16555555555555557,0.05333333333333334,0.23762376237623764,1.435311316366536,1.0,0.016175308641975313,1.0945310245310245,0.3910577841451768,0.15841584158415842,0.08636669259469223,0.2798857066914745
"frozenset({'Question Complexity=High', 'Business Capability=Risk, compliance and identity control'})","frozenset({'Question Intent=Request presales guidance', 'Question Type=Architecture'})",0.4166666666666667,0.17,0.05333333333333334,0.128,0.7529411764705882,1.0,-0.01750000000000001,0.9518348623853211,-0.36000000000000015,0.1,-0.05060240963855423,0.22086274509803921
frozenset({'Question Intent=Request presales guidance'}),"frozenset({'Question Type=Architecture', 'Question Complexity=High', 'Business Capability=Risk, compliance and identity control'})",0.40444444444444444,0.1288888888888889,0.05333333333333334,0.13186813186813187,1.0231148162182646,1.0,0.0012049382716049425,1.0034317862165965,0.03793532338308471,0.11111111111111112,0.003420049338416692,0.2728306176582039
frozenset({'Question Type=Architecture'}),"frozenset({'Question Intent=Request presales guidance', 'Question Complexity=High', 'Business Capability=Risk, compliance and identity control'})",0.3522222222222222,0.16555555555555557,0.05333333333333334,0.15141955835962145,0.9146147820379819,1.0,-0.004979012345679011,0.9833415943824865,-0.12596433144891775,0.11483253588516747,-0.016940609156245942,0.23678360468316642
"frozenset({'Business Capability=Risk, compliance and identity control'})","frozenset({'Question Intent=Request presales guidance', 'Question Type=Architecture', 'Question Complexity=High'})",0.4166666666666667,0.10333333333333333,0.05333333333333334,0.128,1.238709677419355,1.0,0.010277777777777782,1.0282874617737003,0.33035714285714296,0.1142857142857143,0.0275092936802974,0.32206451612903225
frozenset({'Question Complexity=High'}),"frozenset({'Question Intent=Request presales guidance', 'Question Type=Architecture', 'Business Capability=Risk, compliance and identity control'})",0.7666666666666667,0.05333333333333334,0.05333333333333334,0.06956521739130435,1.3043478260869565,1.0,0.012444444444444445,1.0174454828660437,1.0000000000000002,0.06956521739130435,0.017146356399265154,0.5347826086956522
"frozenset({'Question Intent=Determine implementation approach', 'Presales Category=Security & Compliance', 'Knowledge Gap=Public Documentation | Governance Framework | Risk Register | SME'})",frozenset({'Question Complexity=High'}),0.052222222222222225,0.7666666666666667,0.052222222222222225,1.0,1.3043478260869565,1.0,0.01218518518518518,inf,0.2461899179366939,0.0681159420289855,1.0,0.5340579710144927
"frozenset({'Question Intent=Determine implementation approach', 'Presales Category=Security & Compliance', 'Question Complexity=High'})",frozenset({'Knowledge Gap=Public Documentation | Governance Framework | Risk Register | SME'}),0.07222222222222222,0.2111111111111111,0.052222222222222225,0.7230769230769232,3.4251012145748994,1.0,0.03697530864197531,2.8487654320987663,0.7631545419798701,0.2259615384615385,0.648970747562297,0.48522267206477737
"frozenset({'Question Intent=Determine implementation approach', 'Knowledge Gap=Public Documentation | Governance Framework | Risk Register | SME', 'Question Complexity=High'})",frozenset({'Presales Category=Security & Compliance'}),0.06888888888888889,0.24666666666666667,0.052222222222222225,0.7580645161290324,3.0732345248474284,1.0,0.03522962962962963,3.113777777777779,0.7245214035444066,0.19831223628691982,0.6788467028261491,0.484888113920372
"frozenset({'Presales Category=Security & Compliance', 'Knowledge Gap=Public Documentation | Governance Framework | Risk Register | SME', 'Question Complexity=High'})",frozenset({'Question Intent=Determine implementation approach'}),0.15555555555555556,0.24444444444444444,0.052222222222222225,0.33571428571428574,1.3733766233766236,1.0,0.014197530864197533,1.1373954599761051,0.3219484882418813,0.1501597444089457,0.12079831932773115,0.2746753246753247
"frozenset({'Question Intent=Determine implementation approach', 'Presales Category=Security & Compliance'})","frozenset({'Knowledge Gap=Public Documentation | Governance Framework | Risk Register | SME', 'Question Complexity=High'})",0.07222222222222222,0.20222222222222222,0.052222222222222225,0.7230769230769232,3.5756551141166533,1.0,0.03761728395061729,2.8808641975308653,0.7764046375334438,0.23500000000000001,0.6528819370044998,0.4906593406593407
"frozenset({'Question Intent=Determine implementation approach', 'Knowledge Gap=Public Documentation | Governance Framework | Risk Register | SME'})","frozenset({'Presales Category=Security & Compliance', 'Question Complexity=High'})",0.07333333333333333,0.24666666666666667,0.052222222222222225,0.7121212121212122,2.886977886977887,1.0,0.034133333333333335,2.6168421052631583,0.7053421092912904,0.1950207468879668,0.6178600160901047,0.46191646191646196
"frozenset({'Question Intent=Determine implementation approach', 'Question Complexity=High'})","frozenset({'Presales Category=Security & Compliance', 'Knowledge Gap=Public Documentation | Governance Framework | Risk Register | SME'})",0.1922222222222222,0.15555555555555556,0.052222222222222225,0.2716763005780347,1.7464905037159375,1.0,0.022320987654320994,1.159435626102293,0.5291345956861483,0.17669172932330832,0.13751140857925162,0.30369529314616023
"frozenset({'Presales Category=Security & Compliance', 'Knowledge Gap=Public Documentation | Governance Framework | Risk Register | SME'})","frozenset({'Question Intent=Determine implementation approach', 'Question Complexity=High'})",0.15555555555555556,0.1922222222222222,0.052222222222222225,0.33571428571428574,1.7464905037159375,1.0,0.022320987654320994,1.2160095579450418,0.5061590145576709,0.17669172932330832,0.17763804283749268,0.30369529314616023
"frozenset({'Presales Category=Security & Compliance', 'Question Complexity=High'})","frozenset({'Question Intent=Determine implementation approach', 'Knowledge Gap=Public Documentation | Governance Framework | Risk Register | SME'})",0.24666666666666667,0.07333333333333333,0.052222222222222225,0.21171171171171171,2.886977886977887,1.0,0.034133333333333335,1.1755428571428572,0.8676332140839768,0.1950207468879668,0.14932918530040834,0.46191646191646196
"frozenset({'Knowledge Gap=Public Documentation | Governance Framework | Risk Register | SME', 'Question Complexity=High'})","frozenset({'Question Intent=Determine implementation approach', 'Presales Category=Security & Compliance'})",0.20222222222222222,0.07222222222222222,0.052222222222222225,0.25824175824175827,3.5756551141166533,1.0,0.03761728395061729,1.2507818930041152,0.9029218277721803,0.23500000000000001,0.20050009870369154,0.4906593406593407
frozenset({'Question Intent=Determine implementation approach'}),"frozenset({'Presales Category=Security & Compliance', 'Knowledge Gap=Public Documentation | Governance Framework | Risk Register | SME', 'Question Complexity=High'})",0.24444444444444444,0.15555555555555556,0.052222222222222225,0.21363636363636365,1.3733766233766234,1.0,0.014197530864197533,1.073859987154785,0.3598247809762203,0.1501597444089457,0.06877990430622011,0.2746753246753247
frozenset({'Presales Category=Security & Compliance'}),"frozenset({'Question Intent=Determine implementation approach', 'Knowledge Gap=Public Documentation | Governance Framework | Risk Register | SME', 'Question Complexity=High'})",0.24666666666666667,0.06888888888888889,0.052222222222222225,0.21171171171171171,3.073234524847428,1.0,0.03522962962962963,1.1811809523809524,0.8954999058557711,0.19831223628691982,0.15338966651615818,0.484888113920372
frozenset({'Knowledge Gap=Public Documentation | Governance Framework | Risk Register | SME'}),"frozenset({'Question Intent=Determine implementation approach', 'Presales Category=Security & Compliance', 'Question Complexity=High'})",0.2111111111111111,0.07222222222222222,0.052222222222222225,0.2473684210526316,3.4251012145748994,1.0,0.03697530864197531,1.2327117327117327,0.8975127359904107,0.2259615384615385,0.18878033406870473,0.48522267206477737
frozenset({'Question Complexity=High'}),"frozenset({'Question Intent=Determine implementation approach', 'Presales Category=Security & Compliance', 'Knowledge Gap=Public Documentation | Governance Framework | Risk Register | SME'})",0.7666666666666667,0.052222222222222225,0.052222222222222225,0.06811594202898551,1.3043478260869565,1.0,0.01218518518518518,1.0170554691550027,0.9999999999999999,0.0681159420289855,0.016769458178296545,0.5340579710144927
"frozenset({'Question Intent=Request presales guidance', 'Question Type=Architecture', 'Question Complexity=Medium'})",frozenset({'Business Capability=Hybrid connectivity and network foundation'}),0.05,0.23,0.05,1.0,4.3478260869565215,1.0,0.0385,inf,0.8105263157894737,0.21739130434782605,1.0,0.6086956521739131
"frozenset({'Question Intent=Request presales guidance', 'Question Type=Architecture', 'Business Capability=Hybrid connectivity and network foundation'})",frozenset({'Question Complexity=Medium'}),0.09333333333333334,0.1811111111111111,0.05,0.5357142857142857,2.9579316389132337,1.0,0.0330962962962963,1.7637606837606836,0.7300653594771241,0.22277227722772278,0.4330296569102539,0.4058939526730938
"frozenset({'Question Intent=Request presales guidance', 'Question Complexity=Medium', 'Business Capability=Hybrid connectivity and network foundation'})",frozenset({'Question Type=Architecture'}),0.06444444444444444,0.3522222222222222,0.05,0.7758620689655173,2.20276297182639,1.0,0.027301234567901237,2.8900854700854715,0.5836368434943258,0.13636363636363638,0.6539894718164075,0.45890895246383123
"frozenset({'Question Type=Architecture', 'Question Complexity=Medium', 'Business Capability=Hybrid connectivity and network foundation'})",frozenset({'Question Intent=Request presales guidance'}),0.10222222222222223,0.40444444444444444,0.05,0.4891304347826087,1.2093884376493071,1.0,0.008656790123456791,1.1657683215130024,0.19284928492849285,0.1094890510948905,0.14219662556781312,0.30637840420449114
"frozenset({'Question Intent=Request presales guidance', 'Question Type=Architecture'})","frozenset({'Question Complexity=Medium', 'Business Capability=Hybrid connectivity and network foundation'})",0.17,0.13444444444444445,0.05,0.29411764705882354,2.1876519202722413,1.0,0.027144444444444443,1.2262037037037037,0.6540829986613118,0.1965065502183406,0.18447481688439177,0.33300923675255223
"frozenset({'Question Intent=Request presales guidance', 'Question Complexity=Medium'})","frozenset({'Question Type=Architecture', 'Business Capability=Hybrid connectivity and network foundation'})",0.07777777777777778,0.17777777777777778,0.05,0.6428571428571429,3.616071428571429,1.0,0.03617283950617284,2.3022222222222224,0.7844712182061578,0.24324324324324326,0.5656370656370657,0.46205357142857145
"frozenset({'Question Intent=Request presales guidance', 'Business Capability=Hybrid connectivity and network foundation'})","frozenset({'Question Type=Architecture', 'Question Complexity=Medium'})",0.11666666666666667,0.10333333333333333,0.05,0.4285714285714286,4.147465437788019,1.0,0.03794444444444445,1.5691666666666668,0.8591194968553459,0.2941176470588236,0.36271906532129583,0.45622119815668205
"frozenset({'Question Type=Architecture', 'Question Complexity=Medium'})","frozenset({'Question Intent=Request presales guidance', 'Business Capability=Hybrid connectivity and network foundation'})",0.10333333333333333,0.11666666666666667,0.05,0.4838709677419355,4.147465437788019,1.0,0.03794444444444445,1.7114583333333333,0.8463444857496902,0.2941176470588236,0.4157029823493609,0.45622119815668205
"frozenset({'Question Type=Architecture', 'Business Capability=Hybrid connectivity and network foundation'})","frozenset({'Question Intent=Request presales guidance', 'Question Complexity=Medium'})",0.17777777777777778,0.07777777777777778,0.05,0.28125,3.6160714285714284,1.0,0.03617283950617284,1.2830917874396135,0.8798798798798798,0.24324324324324326,0.22063253012048192,0.46205357142857145
"frozenset({'Question Complexity=Medium', 'Business Capability=Hybrid connectivity and network foundation'})","frozenset({'Question Intent=Request presales guidance', 'Question Type=Architecture'})",0.13444444444444445,0.17,0.05,0.371900826446281,2.187651920272241,1.0,0.027144444444444443,1.3214473684210526,0.627214377406932,0.1965065502183406,0.24325400776660358,0.33300923675255223
frozenset({'Question Intent=Request presales guidance'}),"frozenset({'Question Type=Architecture', 'Question Complexity=Medium', 'Business Capability=Hybrid connectivity and network foundation'})",0.40444444444444444,0.10222222222222223,0.05,0.12362637362637363,1.2093884376493071,1.0,0.008656790123456791,1.024423545802856,0.29071310116086235,0.1094890510948905,0.02384125775214884,0.30637840420449114
frozenset({'Question Type=Architecture'}),"frozenset({'Question Intent=Request presales guidance', 'Question Complexity=Medium', 'Business Capability=Hybrid connectivity and network foundation'})",0.3522222222222222,0.06444444444444444,0.05,0.14195583596214512,2.20276297182639,1.0,0.027301234567901237,1.0903349673202616,0.8429197636744807,0.13636363636363638,0.08285065601654466,0.45890895246383123
frozenset({'Question Complexity=Medium'}),"frozenset({'Question Intent=Request presales guidance', 'Question Type=Architecture', 'Business Capability=Hybrid connectivity and network foundation'})",0.1811111111111111,0.09333333333333334,0.05,0.27607361963190186,2.957931638913234,1.0,0.0330962962962963,1.2524293785310734,0.808322026232474,0.22277227722772278,0.2015517863587153,0.4058939526730938
frozenset({'Business Capability=Hybrid connectivity and network foundation'}),"frozenset({'Question Intent=Request presales guidance', 'Question Type=Architecture', 'Question Complexity=Medium'})",0.23,0.05,0.05,0.21739130434782608,4.3478260869565215,1.0,0.0385,1.2138888888888888,0.9999999999999998,0.21739130434782605,0.17620137299771166,0.6086956521739131
"frozenset({'Presales Category=Solution Architecture', 'Question Type=Architecture'})",frozenset({'Knowledge Gap=Public Documentation | Architecture Blueprint | Methodology | SME'}),0.3111111111111111,0.45666666666666667,0.24555555555555555,0.7892857142857143,1.7283628779979143,1.0,0.10348148148148148,2.578531073446327,0.6117355130637863,0.47021276595744677,0.612182296231376,0.6634993048314216
"frozenset({'Presales Category=Solution Architecture', 'Knowledge Gap=Public Documentation | Architecture Blueprint | Methodology | SME'})",frozenset({'Question Type=Architecture'}),0.31,0.3522222222222222,0.24555555555555555,0.7921146953405018,2.2489060750992165,1.0,0.13636666666666666,3.1160344827586215,0.8048396616171553,0.5893333333333333,0.6790792895479445,0.7446377893106295
"frozenset({'Question Type=Architecture', 'Knowledge Gap=Public Documentation | Architecture Blueprint | Methodology | SME'})",frozenset({'Presales Category=Solution Architecture'}),0.2811111111111111,0.4588888888888889,0.24555555555555555,0.8735177865612649,1.903549655944645,1.0,0.1165567901234568,4.278159722222224,0.6602768083811815,0.49662921348314604,0.7662546363555203,0.7043133726995187
frozenset({'Presales Category=Solution Architecture'}),"frozenset({'Question Type=Architecture', 'Knowledge Gap=Public Documentation | Architecture Blueprint | Methodology | SME'})",0.4588888888888889,0.2811111111111111,0.24555555555555555,0.5351089588377724,1.9035496559446452,1.0,0.1165567901234568,1.5463599537037038,0.8772055339273602,0.49662921348314604,0.35332003547758145,0.7043133726995187
frozenset({'Question Type=Architecture'}),"frozenset({'Presales Category=Solution Architecture', 'Knowledge Gap=Public Documentation | Architecture Blueprint | Methodology | SME'})",0.3522222222222222,0.31,0.24555555555555555,0.6971608832807571,2.2489060750992165,1.0,0.13636666666666666,2.2784375,0.8572991935922013,0.5893333333333333,0.5611027293924016,0.7446377893106295
frozenset({'Knowledge Gap=Public Documentation | Architecture Blueprint | Methodology | SME'}),"frozenset({'Presales Category=Solution Architecture', 'Question Type=Architecture'})",0.45666666666666667,0.3111111111111111,0.24555555555555555,0.537712895377129,1.7283628779979145,1.0,0.10348148148148148,1.4901754385964912,0.77561557893568,0.47021276595744677,0.32893807393454205,0.6634993048314216
"frozenset({'Presales Category=Solution Architecture', 'Knowledge Gap=Public Documentation | Architecture Blueprint | Methodology | SME'})",frozenset({'Question Complexity=High'}),0.31,0.7666666666666667,0.21222222222222223,0.6845878136200717,0.8929406264609631,1.0,-0.025444444444444464,0.7397727272727271,-0.14803801150688484,0.2455012853470437,-0.35176651305683587,0.4806997039114851
"frozenset({'Presales Category=Solution Architecture', 'Question Complexity=High'})",frozenset({'Knowledge Gap=Public Documentation | Architecture Blueprint | Methodology | SME'}),0.3055555555555556,0.45666666666666667,0.21222222222222223,0.6945454545454545,1.5209024552090245,1.0,0.07268518518518519,1.7787698412698407,0.49319371727748695,0.38585858585858585,0.43781372002230884,0.5796328245963283
"frozenset({'Knowledge Gap=Public Documentation | Architecture Blueprint | Methodology | SME', 'Question Complexity=High'})",frozenset({'Presales Category=Solution Architecture'}),0.33,0.4588888888888889,0.21222222222222223,0.6430976430976431,1.4014234353217403,1.0,0.06078888888888889,1.5161320754716978,0.4275220754864422,0.3680154142581888,0.3404268558272664,0.5527836883769087
frozenset({'Presales Category=Solution Architecture'}),"frozenset({'Knowledge Gap=Public Documentation | Architecture Blueprint | Methodology | SME', 'Question Complexity=High'})",0.4588888888888889,0.33,0.21222222222222223,0.46246973365617433,1.4014234353217403,1.0,0.06078888888888889,1.246441441441441,0.529354849113603,0.3680154142581888,0.19771602038234976,0.5527836883769087
frozenset({'Knowledge Gap=Public Documentation | Architecture Blueprint | Methodology | SME'}),"frozenset({'Presales Category=Solution Architecture', 'Question Complexity=High'})",0.45666666666666667,0.3055555555555556,0.21222222222222223,0.464720194647202,1.5209024552090247,1.0,0.07268518518518519,1.2973484848484849,0.6303600680949475,0.38585858585858585,0.22919708029197083,0.5796328245963283
frozenset({'Question Complexity=High'}),"frozenset({'Presales Category=Solution Architecture', 'Knowledge Gap=Public Documentation | Architecture Blueprint | Methodology | SME'})",0.7666666666666667,0.31,0.21222222222222223,0.2768115942028985,0.892940626460963,1.0,-0.025444444444444464,0.9541082164328657,-0.339426877470356,0.2455012853470437,-0.04809913883637895,0.4806997039114851
"frozenset({'Presales Category=Solution Architecture', 'Question Type=Architecture'})",frozenset({'Question Complexity=High'}),0.3111111111111111,0.7666666666666667,0.20333333333333334,0.6535714285714286,0.8524844720496894,1.0,-0.03518518518518521,0.6735395189003435,-0.20076077768385472,0.23252858958068612,-0.4846938775510207,0.45939440993788816
"frozenset({'Presales Category=Solution Architecture', 'Question Complexity=High'})",frozenset({'Question Type=Architecture'}),0.3055555555555556,0.3522222222222222,0.20333333333333334,0.6654545454545454,1.8893031258961857,1.0,0.09570987654320988,1.9362922705314007,0.6778142076502733,0.4474327628361858,0.4835490410104475,0.6213708058503011
"frozenset({'Question Type=Architecture', 'Question Complexity=High'})",frozenset({'Presales Category=Solution Architecture'}),0.22444444444444445,0.4588888888888889,0.20333333333333334,0.905940594059406,1.9742046843909573,1.0,0.10033827160493827,5.752865497076025,0.6362753847840042,0.42361111111111116,0.8261735824506475,0.6745199338335771
frozenset({'Presales Category=Solution Architecture'}),"frozenset({'Question Type=Architecture', 'Question Complexity=High'})",0.4588888888888889,0.22444444444444445,0.20333333333333334,0.4430992736077482,1.9742046843909573,1.0,0.10033827160493827,1.3926280193236713,0.9119511675138295,0.42361111111111116,0.28193316081228276,0.6745199338335771
frozenset({'Question Type=Architecture'}),"frozenset({'Presales Category=Solution Architecture', 'Question Complexity=High'})",0.3522222222222222,0.3055555555555556,0.20333333333333334,0.5772870662460569,1.8893031258961859,1.0,0.09570987654320988,1.642827529021559,0.7266447337588693,0.4474327628361858,0.39129337539432185,0.6213708058503011
frozenset({'Question Complexity=High'}),"frozenset({'Presales Category=Solution Architecture', 'Question Type=Architecture'})",0.7666666666666667,0.3111111111111111,0.20333333333333334,0.2652173913043478,0.8524844720496894,1.0,-0.03518518518518521,0.9375410913872453,-0.42581801882563897,0.23252858958068612,-0.0666199158485274,0.45939440993788816
"frozenset({'Presales Category=Security & Compliance', 'Business Capability=Risk, compliance and identity control'})",frozenset({'Question Complexity=High'}),0.1922222222222222,0.7666666666666667,0.1922222222222222,1.0,1.3043478260869565,1.0,0.04485185185185184,inf,0.2888583218707014,0.2507246376811594,1.0,0.6253623188405797
"frozenset({'Question Complexity=High', 'Business Capability=Risk, compliance and identity control'})",frozenset({'Presales Category=Security & Compliance'}),0.4166666666666667,0.24666666666666667,0.1922222222222222,0.46133333333333326,1.87027027027027,1.0,0.08944444444444442,1.3985148514851482,0.7976878612716762,0.40801886792452824,0.2849557522123893,0.6203063063063062
"frozenset({'Presales Category=Security & Compliance', 'Question Complexity=High'})","frozenset({'Business Capability=Risk, compliance and identity control'})",0.24666666666666667,0.4166666666666667,0.1922222222222222,0.7792792792792792,1.87027027027027,1.0,0.08944444444444442,2.6428571428571415,0.6176786536395723,0.40801886792452824,0.6216216216216215,0.6203063063063062
"frozenset({'Business Capability=Risk, compliance and identity control'})","frozenset({'Presales Category=Security & Compliance', 'Question Complexity=High'})",0.4166666666666667,0.24666666666666667,0.1922222222222222,0.46133333333333326,1.87027027027027,1.0,0.08944444444444442,1.3985148514851482,0.7976878612716762,0.40801886792452824,0.2849557522123893,0.6203063063063062
frozenset({'Presales Category=Security & Compliance'}),"frozenset({'Question Complexity=High', 'Business Capability=Risk, compliance and identity control'})",0.24666666666666667,0.4166666666666667,0.1922222222222222,0.7792792792792792,1.87027027027027,1.0,0.08944444444444442,2.6428571428571415,0.6176786536395723,0.40801886792452824,0.6216216216216215,0.6203063063063062
frozenset({'Question Complexity=High'}),"frozenset({'Presales Category=Security & Compliance', 'Business Capability=Risk, compliance and identity control'})",0.7666666666666667,0.1922222222222222,0.1922222222222222,0.2507246376811594,1.3043478260869563,1.0,0.04485185185185184,1.0780786589297227,1.0,0.2507246376811594,0.07242389809221933,0.6253623188405797
"frozenset({'Presales Category=Solution Architecture', 'Business Capability=Risk, compliance and identity control'})",frozenset({'Question Complexity=High'}),0.18444444444444444,0.7666666666666667,0.18444444444444444,1.0,1.3043478260869565,1.0,0.04303703703703701,inf,0.28610354223433226,0.24057971014492752,1.0,0.6202898550724638
"frozenset({'Presales Category=Solution Architecture', 'Question Complexity=High'})","frozenset({'Business Capability=Risk, compliance and identity control'})",0.3055555555555556,0.4166666666666667,0.18444444444444444,0.6036363636363635,1.4487272727272724,1.0,0.057129629629629614,1.471712538226299,0.4460240963855421,0.34297520661157016,0.3205194805194803,0.5231515151515151
"frozenset({'Question Complexity=High', 'Business Capability=Risk, compliance and identity control'})",frozenset({'Presales Category=Solution Architecture'}),0.4166666666666667,0.4588888888888889,0.18444444444444444,0.44266666666666665,0.9646489104116223,1.0,-0.00675925925925927,0.9708931419457735,-0.05910931174089078,0.2668810289389067,-0.02997946611909656,0.4223018563357546
frozenset({'Presales Category=Solution Architecture'}),"frozenset({'Question Complexity=High', 'Business Capability=Risk, compliance and identity control'})",0.4588888888888889,0.4166666666666667,0.18444444444444444,0.4019370460048426,0.9646489104116222,1.0,-0.00675925925925927,0.975371120107962,-0.06342898849589314,0.2668810289389067,-0.025250778277412737,0.4223018563357546
"frozenset({'Business Capability=Risk, compliance and identity control'})","frozenset({'Presales Category=Solution Architecture', 'Question Complexity=High'})",0.4166666666666667,0.3055555555555556,0.18444444444444444,0.44266666666666665,1.4487272727272726,1.0,0.057129629629629614,1.2460127591706538,0.5309810671256454,0.34297520661157016,0.19743999999999995,0.5231515151515151
frozenset({'Question Complexity=High'}),"frozenset({'Presales Category=Solution Architecture', 'Business Capability=Risk, compliance and identity control'})",0.7666666666666667,0.18444444444444444,0.18444444444444444,0.24057971014492752,1.3043478260869565,1.0,0.04303703703703701,1.0739185750636133,0.9999999999999997,0.24057971014492752,0.0688307072621727,0.6202898550724638
"frozenset({'Question Type=Architecture', 'Knowledge Gap=Public Documentation | Architecture Blueprint | Methodology | SME'})",frozenset({'Question Complexity=High'}),0.2811111111111111,0.7666666666666667,0.18444444444444444,0.6561264822134387,0.8558171507131809,1.0,-0.031074074074074087,0.6785440613026819,-0.18985909543493354,0.21364221364221364,-0.4737436476566915,0.4483530961791831
"frozenset({'Question Type=Architecture', 'Question Complexity=High'})",frozenset({'Knowledge Gap=Public Documentation | Architecture Blueprint | Methodology | SME'}),0.22444444444444445,0.45666666666666667,0.18444444444444444,0.8217821782178217,1.7995230179952302,1.0,0.08194814814814814,3.048703703703703,0.5728760313460144,0.3713646532438478,0.6719917390512057,0.6128375611283756
"frozenset({'Knowledge Gap=Public Documentation | Architecture Blueprint | Methodology | SME', 'Question Complexity=High'})",frozenset({'Question Type=Architecture'}),0.33,0.3522222222222222,0.18444444444444444,0.5589225589225589,1.5868463817990632,1.0,0.0682111111111111,1.4686259541984734,0.5519690703110951,0.3705357142857142,0.3190914288684443,0.5412909324581249
frozenset({'Question Type=Architecture'}),"frozenset({'Knowledge Gap=Public Documentation | Architecture Blueprint | Methodology | SME', 'Question Complexity=High'})",0.3522222222222222,0.33,0.18444444444444444,0.5236593059936908,1.586846381799063,1.0,0.0682111111111111,1.4065562913907281,0.5709045444212527,0.3705357142857142,0.2890437402890908,0.5412909324581249
frozenset({'Knowledge Gap=Public Documentation | Architecture Blueprint | Methodology | SME'}),"frozenset({'Question Type=Architecture', 'Question Complexity=High'})",0.45666666666666667,0.22444444444444445,0.18444444444444444,0.40389294403892945,1.7995230179952302,1.0,0.08194814814814814,1.3010340136054421,0.817724887279178,0.3713646532438478,0.2313805868696798,0.6128375611283756
frozenset({'Question Complexity=High'}),"frozenset({'Question Type=Architecture', 'Knowledge Gap=Public Documentation | Architecture Blueprint | Methodology | SME'})",0.7666666666666667,0.2811111111111111,0.18444444444444444,0.24057971014492752,0.855817150713181,1.0,-0.031074074074074087,0.9466284987277354,-0.419290354822589,0.21364221364221364,-0.05638061958201733,0.4483530961791831
"frozenset({'Knowledge Gap=Public Documentation | Architecture Blueprint | Methodology | SME', 'Business Capability=Risk, compliance and identity control'})",frozenset({'Question Complexity=High'}),0.1711111111111111,0.7666666666666667,0.1711111111111111,1.0,1.3043478260869565,1.0,0.03992592592592592,inf,0.2815013404825737,0.22318840579710142,1.0,0.6115942028985507
"frozenset({'Question Complexity=High', 'Business Capability=Risk, compliance and identity control'})",frozenset({'Knowledge Gap=Public Documentation | Architecture Blueprint | Methodology | SME'}),0.4166666666666667,0.45666666666666667,0.1711111111111111,0.4106666666666666,0.8992700729927007,1.0,-0.019166666666666693,0.921945701357466,-0.16108949416342433,0.24367088607594936,-0.08466257668711664,0.3926812652068126
"frozenset({'Knowledge Gap=Public Documentation | Architecture Blueprint | Methodology | SME', 'Question Complexity=High'})","frozenset({'Business Capability=Risk, compliance and identity control'})",0.33,0.4166666666666667,0.1711111111111111,0.5185185185185185,1.2444444444444442,1.0,0.03361111111111109,1.2115384615384612,0.2931769722814498,0.29729729729729726,0.17460317460317454,0.46459259259259256
"frozenset({'Business Capability=Risk, compliance and identity control'})","frozenset({'Knowledge Gap=Public Documentation | Architecture Blueprint | Methodology | SME', 'Question Complexity=High'})",0.4166666666666667,0.33,0.1711111111111111,0.4106666666666666,1.2444444444444442,1.0,0.03361111111111109,1.1368778280542984,0.3367346938775509,0.29729729729729726,0.12039800995024869,0.46459259259259256
frozenset({'Knowledge Gap=Public Documentation | Architecture Blueprint | Methodology | SME'}),"frozenset({'Question Complexity=High', 'Business Capability=Risk, compliance and identity control'})",0.45666666666666667,0.4166666666666667,0.1711111111111111,0.3746958637469586,0.8992700729927007,1.0,-0.019166666666666693,0.9328793774319065,-0.17092182184496504,0.24367088607594936,-0.07194994786235669,0.3926812652068126
frozenset({'Question Complexity=High'}),"frozenset({'Knowledge Gap=Public Documentation | Architecture Blueprint | Methodology | SME', 'Business Capability=Risk, compliance and identity control'})",0.7666666666666667,0.1711111111111111,0.1711111111111111,0.22318840579710142,1.3043478260869563,1.0,0.03992592592592592,1.0670398009950248,1.0000000000000002,0.22318840579710142,0.06282783541205265,0.6115942028985507
"frozenset({'Question Intent=Request presales guidance', 'Business Capability=Risk, compliance and identity control'})",frozenset({'Question Complexity=High'}),0.16555555555555557,0.7666666666666667,0.16555555555555557,1.0,1.3043478260869565,1.0,0.038629629629629625,inf,0.27962716378162444,0.21594202898550724,1.0,0.6079710144927536
"frozenset({'Question Intent=Request presales guidance', 'Question Complexity=High'})","frozenset({'Business Capability=Risk, compliance and identity control'})",0.3,0.4166666666666667,0.16555555555555557,0.5518518518518519,1.3244444444444445,1.0,0.04055555555555557,1.3016528925619835,0.34995206136145746,0.3004032258064516,0.23174603174603187,0.4745925925925926
"frozenset({'Question Complexity=High', 'Business Capability=Risk, compliance and identity control'})",frozenset({'Question Intent=Request presales guidance'}),0.4166666666666667,0.40444444444444444,0.16555555555555557,0.3973333333333333,0.9824175824175824,1.0,-0.002962962962962945,0.9882005899705015,-0.029767441860464938,0.25254237288135595,-0.011940298507462706,0.4033369963369964
frozenset({'Question Intent=Request presales guidance'}),"frozenset({'Question Complexity=High', 'Business Capability=Risk, compliance and identity control'})",0.40444444444444444,0.4166666666666667,0.16555555555555557,0.4093406593406594,0.9824175824175825,1.0,-0.002962962962962945,0.9875968992248062,-0.029174365457551123,0.25254237288135595,-0.012558869701726802,0.4033369963369964
"frozenset({'Business Capability=Risk, compliance and identity control'})","frozenset({'Question Intent=Request presales guidance', 'Question Complexity=High'})",0.4166666666666667,0.3,0.16555555555555557,0.3973333333333333,1.3244444444444445,1.0,0.04055555555555557,1.161504424778761,0.419942473633749,0.3004032258064516,0.13904761904761906,0.4745925925925926
frozenset({'Question Complexity=High'}),"frozenset({'Question Intent=Request presales guidance', 'Business Capability=Risk, compliance and identity control'})",0.7666666666666667,0.16555555555555557,0.16555555555555557,0.21594202898550724,1.3043478260869563,1.0,0.038629629629629625,1.0642637091805298,1.0,0.21594202898550724,0.06038325710646672,0.6079710144927536
"frozenset({'Presales Category=Security & Compliance', 'Knowledge Gap=Public Documentation | Governance Framework | Risk Register | SME'})",frozenset({'Question Complexity=High'}),0.15555555555555556,0.7666666666666667,0.15555555555555556,1.0,1.3043478260869565,1.0,0.036296296296296285,inf,0.2763157894736841,0.20289855072463767,1.0,0.6014492753623188
"frozenset({'Presales Category=Security & Compliance', 'Question Complexity=High'})",frozenset({'Knowledge Gap=Public Documentation | Governance Framework | Risk Register | SME'}),0.24666666666666667,0.2111111111111111,0.15555555555555556,0.6306306306306306,2.987197724039829,1.0,0.10348148148148148,2.135772357723577,0.8830594184576486,0.5147058823529411,0.5317853064331938,0.6837363679468942
"frozenset({'Knowledge Gap=Public Documentation | Governance Framework | Risk Register | SME', 'Question Complexity=High'})",frozenset({'Presales Category=Security & Compliance'}),0.20222222222222222,0.24666666666666667,0.15555555555555556,0.7692307692307693,3.1185031185031185,1.0,0.10567407407407407,3.264444444444445,0.8515320334261838,0.5303030303030303,0.6936691626957114,0.6999306999307
frozenset({'Presales Category=Security & Compliance'}),"frozenset({'Knowledge Gap=Public Documentation | Governance Framework | Risk Register | SME', 'Question Complexity=High'})",0.24666666666666667,0.20222222222222222,0.15555555555555556,0.6306306306306306,3.1185031185031185,1.0,0.10567407407407407,2.159837398373984,0.9017699115044248,0.5303030303030303,0.5370021832417375,0.6999306999307
frozenset({'Knowledge Gap=Public Documentation | Governance Framework | Risk Register | SME'}),"frozenset({'Presales Category=Security & Compliance', 'Question Complexity=High'})",0.2111111111111111,0.24666666666666667,0.15555555555555556,0.7368421052631579,2.987197724039829,1.0,0.10348148148148148,2.8626666666666662,0.8432595573440644,0.5147058823529411,0.6506753609687936,0.6837363679468942
frozenset({'Question Complexity=High'}),"frozenset({'Presales Category=Security & Compliance', 'Knowledge Gap=Public Documentation | Governance Framework | Risk Register | SME'})",0.7666666666666667,0.15555555555555556,0.15555555555555556,0.20289855072463767,1.3043478260869563,1.0,0.036296296296296285,1.0593939393939393,0.9999999999999998,0.20289855072463767,0.0560640732265446,0.6014492753623188
"frozenset({'Presales Category=Solution Architecture', 'Question Type=Architecture'})",frozenset({'Business Capability=Hybrid connectivity and network foundation'}),0.3111111111111111,0.23,0.15222222222222223,0.4892857142857143,2.127329192546584,1.0,0.08066666666666666,1.5076923076923079,0.7692488815634565,0.3914285714285715,0.33673469387755106,0.5755607315389925
"frozenset({'Presales Category=Solution Architecture', 'Business Capability=Hybrid connectivity and network foundation'})",frozenset({'Question Type=Architecture'}),0.19111111111111112,0.3522222222222222,0.15222222222222223,0.7965116279069767,2.261389479862079,1.0,0.08490864197530865,3.183365079365079,0.6895804925002005,0.3892045454545455,0.685867007060513,0.6143441420291982
"frozenset({'Question Type=Architecture', 'Business Capability=Hybrid connectivity and network foundation'})",frozenset({'Presales Category=Solution Architecture'}),0.17777777777777778,0.4588888888888889,0.15222222222222223,0.8562500000000001,1.8659200968523004,1.0,0.07064197530864198,3.7642512077294703,0.5644111264549222,0.31422018348623854,0.7343429158110885,0.593984564164649
frozenset({'Presales Category=Solution Architecture'}),"frozenset({'Question Type=Architecture', 'Business Capability=Hybrid connectivity and network foundation'})",0.4588888888888889,0.17777777777777778,0.15222222222222223,0.33171912832929784,1.8659200968523002,1.0,0.07064197530864198,1.230354267310789,0.857626762991052,0.31422018348623854,0.18722596688698387,0.593984564164649
frozenset({'Question Type=Architecture'}),"frozenset({'Presales Category=Solution Architecture', 'Business Capability=Hybrid connectivity and network foundation'})",0.3522222222222222,0.19111111111111112,0.15222222222222223,0.4321766561514196,2.2613894798620793,1.0,0.08490864197530865,1.4245432098765431,0.8610885052146586,0.3892045454545455,0.29802059139598575,0.6143441420291982
frozenset({'Business Capability=Hybrid connectivity and network foundation'}),"frozenset({'Presales Category=Solution Architecture', 'Question Type=Architecture'})",0.23,0.3111111111111111,0.15222222222222223,0.6618357487922706,2.127329192546584,1.0,0.08066666666666666,2.0371428571428574,0.6882168925964546,0.3914285714285715,0.509116409537167,0.5755607315389925
"frozenset({'Question Intent=Request presales guidance', 'Knowledge Gap=Public Documentation | Architecture Blueprint | Methodology | SME'})",frozenset({'Question Complexity=High'}),0.21333333333333335,0.7666666666666667,0.1511111111111111,0.7083333333333333,0.9239130434782608,1.0,-0.012444444444444452,0.7999999999999996,-0.09476534296028884,0.18230563002680963,-0.2500000000000006,0.4527173913043478
"frozenset({'Question Intent=Request presales guidance', 'Question Complexity=High'})",frozenset({'Knowledge Gap=Public Documentation | Architecture Blueprint | Methodology | SME'}),0.3,0.45666666666666667,0.1511111111111111,0.5037037037037038,1.1030008110300082,1.0,0.01411111111111113,1.0947761194029852,0.133403361344538,0.24954128440366974,0.08657123381049772,0.4173019735063531
"frozenset({'Knowledge Gap=Public Documentation | Architecture Blueprint | Methodology | SME', 'Question Complexity=High'})",frozenset({'Question Intent=Request presales guidance'}),0.33,0.40444444444444444,0.1511111111111111,0.4579124579124579,1.132201132201132,1.0,0.017644444444444435,1.0986335403726708,0.17427568042142222,0.259047619047619,0.0897783808231569,0.41576941576941573
frozenset({'Question Intent=Request presales guidance'}),"frozenset({'Knowledge Gap=Public Documentation | Architecture Blueprint | Methodology | SME', 'Question Complexity=High'})",0.40444444444444444,0.33,0.1511111111111111,0.37362637362637363,1.132201132201132,1.0,0.017644444444444435,1.0696491228070175,0.19606014047409998,0.259047619047619,0.06511399048712481,0.41576941576941573
frozenset({'Knowledge Gap=Public Documentation | Architecture Blueprint | Methodology | SME'}),"frozenset({'Question Intent=Request presales guidance', 'Question Complexity=High'})",0.45666666666666667,0.3,0.1511111111111111,0.3309002433090024,1.103000811030008,1.0,0.01411111111111113,1.046181818181818,0.17186936124142932,0.24954128440366974,0.04414320472714633,0.4173019735063531
frozenset({'Question Complexity=High'}),"frozenset({'Question Intent=Request presales guidance', 'Knowledge Gap=Public Documentation | Architecture Blueprint | Methodology | SME'})",0.7666666666666667,0.21333333333333335,0.1511111111111111,0.1971014492753623,0.9239130434782608,1.0,-0.012444444444444452,0.979783393501805,-0.2608695652173914,0.18230563002680963,-0.020633750921149635,0.4527173913043478
"frozenset({'Question Intent=Request presales guidance', 'Question Type=Architecture'})",frozenset({'Presales Category=Solution Architecture'}),0.17,0.4588888888888889,0.14444444444444443,0.849673202614379,1.851588092864264,1.0,0.06643333333333332,3.599565217391301,0.554124189063948,0.29816513761467883,0.7221886701292424,0.5822215892006519
"frozenset({'Question Intent=Request presales guidance', 'Presales Category=Solution Architecture'})",frozenset({'Question Type=Architecture'}),0.19111111111111112,0.3522222222222222,0.14444444444444443,0.755813953488372,2.1458440319859142,1.0,0.07713086419753085,2.6528042328042316,0.6601437024513948,0.362116991643454,0.6230404084726154,0.5829542953561734
"frozenset({'Presales Category=Solution Architecture', 'Question Type=Architecture'})",frozenset({'Question Intent=Request presales guidance'}),0.3111111111111111,0.40444444444444444,0.14444444444444443,0.46428571428571425,1.1479591836734693,1.0,0.018617283950617264,1.1117037037037036,0.1870967741935482,0.2529182879377432,0.10047974413646049,0.4107142857142857
frozenset({'Question Intent=Request presales guidance'}),"frozenset({'Presales Category=Solution Architecture', 'Question Type=Architecture'})",0.40444444444444444,0.3111111111111111,0.14444444444444443,0.3571428571428571,1.1479591836734693,1.0,0.018617283950617264,1.0716049382716049,0.21641791044776096,0.2529182879377432,0.06682027649769577,0.4107142857142857
frozenset({'Question Type=Architecture'}),"frozenset({'Question Intent=Request presales guidance', 'Presales Category=Solution Architecture'})",0.3522222222222222,0.19111111111111112,0.14444444444444443,0.4100946372239747,2.1458440319859142,1.0,0.07713086419753085,1.3712180629827686,0.8243303865945375,0.362116991643454,0.2707213921724962,0.5829542953561734
frozenset({'Presales Category=Solution Architecture'}),"frozenset({'Question Intent=Request presales guidance', 'Question Type=Architecture'})",0.4588888888888889,0.17,0.14444444444444443,0.3147699757869249,1.8515880928642638,1.0,0.06643333333333332,1.2112720848056535,0.8499605117674931,0.29816513761467883,0.1744216575746083,0.5822215892006519
"frozenset({'Question Type=Architecture', 'Knowledge Gap=Public Documentation | Architecture Blueprint | Methodology | SME'})",frozenset({'Business Capability=Hybrid connectivity and network foundation'}),0.2811111111111111,0.23,0.13777777777777778,0.49011857707509887,2.1309503351091252,1.0,0.07312222222222223,1.51015503875969,0.7382584633793688,0.36904761904761907,0.3378163338637648,0.5445761967501098
"frozenset({'Question Type=Architecture', 'Business Capability=Hybrid connectivity and network foundation'})",frozenset({'Knowledge Gap=Public Documentation | Architecture Blueprint | Methodology | SME'}),0.17777777777777778,0.45666666666666667,0.13777777777777778,0.7749999999999999,1.6970802919708028,1.0,0.05659259259259258,2.414814814814814,0.4995640802092415,0.2774049217002237,0.5858895705521471,0.5383515815085158
"frozenset({'Knowledge Gap=Public Documentation | Architecture Blueprint | Methodology | SME', 'Business Capability=Hybrid connectivity and network foundation'})",frozenset({'Question Type=Architecture'}),0.15888888888888889,0.3522222222222222,0.13777777777777778,0.8671328671328672,2.4618914208819573,1.0,0.08181358024691358,4.875380116959066,0.7059807389099587,0.36904761904761907,0.7948877880267247,0.6291500297809447
frozenset({'Question Type=Architecture'}),"frozenset({'Knowledge Gap=Public Documentation | Architecture Blueprint | Methodology | SME', 'Business Capability=Hybrid connectivity and network foundation'})",0.3522222222222222,0.15888888888888889,0.13777777777777778,0.3911671924290221,2.4618914208819573,1.0,0.08181358024691358,1.3815141047783535,0.9166851103856581,0.36904761904761907,0.276156503548375,0.6291500297809447
frozenset({'Knowledge Gap=Public Documentation | Architecture Blueprint | Methodology | SME'}),"frozenset({'Question Type=Architecture', 'Business Capability=Hybrid connectivity and network foundation'})",0.45666666666666667,0.17777777777777778,0.13777777777777778,0.30170316301703165,1.697080291970803,1.0,0.05659259259259258,1.1774680603948897,0.7559865426479317,0.2774049217002237,0.15072006312882227,0.5383515815085158
frozenset({'Business Capability=Hybrid connectivity and network foundation'}),"frozenset({'Question Type=Architecture', 'Knowledge Gap=Public Documentation | Architecture Blueprint | Methodology | SME'})",0.23,0.2811111111111111,0.13777777777777778,0.5990338164251208,2.1309503351091252,1.0,0.07312222222222223,1.7928915662650602,0.6892542940930039,0.36904761904761907,0.44224178482628856,0.5445761967501098
"frozenset({'Question Intent=Request presales guidance', 'Presales Category=Solution Architecture'})",frozenset({'Knowledge Gap=Public Documentation | Architecture Blueprint | Methodology | SME'}),0.19111111111111112,0.45666666666666667,0.13666666666666666,0.7151162790697674,1.5659480563571548,1.0,0.049392592592592585,1.907210884353741,0.44679710533369066,0.2673913043478261,0.47567413325724056,0.507193176031234
"frozenset({'Question Intent=Request presales guidance', 'Knowledge Gap=Public Documentation | Architecture Blueprint | Methodology | SME'})",frozenset({'Presales Category=Solution Architecture'}),0.21333333333333335,0.4588888888888889,0.13666666666666666,0.6406249999999999,1.3960351089588374,1.0,0.03877037037037036,1.5057004830917868,0.3606173349869091,0.2551867219917012,0.33585728952772054,0.469222911622276
"frozenset({'Presales Category=Solution Architecture', 'Knowledge Gap=Public Documentation | Architecture Blueprint | Methodology | SME'})",frozenset({'Question Intent=Request presales guidance'}),0.31,0.40444444444444444,0.13666666666666666,0.44086021505376344,1.0900389932647998,1.0,0.011288888888888876,1.0651282051282054,0.11971250147284071,0.23653846153846156,0.06114588348579682,0.38938615148292566
frozenset({'Question Intent=Request presales guidance'}),"frozenset({'Presales Category=Solution Architecture', 'Knowledge Gap=Public Documentation | Architecture Blueprint | Methodology | SME'})",0.40444444444444444,0.31,0.13666666666666666,0.3379120879120879,1.0900389932647996,1.0,0.011288888888888876,1.0421576763485474,0.13869676010192922,0.23653846153846156,0.040452301321866495,0.38938615148292566
frozenset({'Presales Category=Solution Architecture'}),"frozenset({'Question Intent=Request presales guidance', 'Knowledge Gap=Public Documentation | Architecture Blueprint | Methodology | SME'})",0.4588888888888889,0.21333333333333335,0.13666666666666666,0.29782082324455206,1.3960351089588376,1.0,0.03877037037037036,1.1203218390804597,0.5242650373115639,0.2551867219917012,0.10739935158205768,0.469222911622276
frozenset({'Knowledge Gap=Public Documentation | Architecture Blueprint | Methodology | SME'}),"frozenset({'Question Intent=Request presales guidance', 'Presales Category=Solution Architecture'})",0.45666666666666667,0.19111111111111112,0.13666666666666666,0.2992700729927007,1.5659480563571548,1.0,0.049392592592592585,1.1543518518518519,0.6651703326849219,0.2673913043478261,0.13371300232614097,0.507193176031234
"frozenset({'Question Intent=Request presales guidance', 'Question Type=Architecture'})",frozenset({'Knowledge Gap=Public Documentation | Architecture Blueprint | Methodology | SME'}),0.17,0.45666666666666667,0.1322222222222222,0.7777777777777777,1.7031630170316299,1.0,0.05458888888888888,2.444999999999999,0.4974182444061962,0.2674157303370786,0.5910020449897748,0.5336577453365774
"frozenset({'Question Intent=Request presales guidance', 'Knowledge Gap=Public Documentation | Architecture Blueprint | Methodology | SME'})",frozenset({'Question Type=Architecture'}),0.21333333333333335,0.3522222222222222,0.1322222222222222,0.6197916666666666,1.759660883280757,1.0,0.05708148148148147,1.7037442922374428,0.5487822247543085,0.3051282051282051,0.41305746140651795,0.49759299421661407
"frozenset({'Question Type=Architecture', 'Knowledge Gap=Public Documentation | Architecture Blueprint | Methodology | SME'})",frozenset({'Question Intent=Request presales guidance'}),0.2811111111111111,0.40444444444444444,0.1322222222222222,0.47035573122529645,1.1629674673152934,1.0,0.01852839506172839,1.1244444444444444,0.1949268115283207,0.23895582329317272,0.11067193675889328,0.3986394040741867
frozenset({'Question Intent=Request presales guidance'}),"frozenset({'Question Type=Architecture', 'Knowledge Gap=Public Documentation | Architecture Blueprint | Methodology | SME'})",0.40444444444444444,0.2811111111111111,0.1322222222222222,0.3269230769230769,1.1629674673152934,1.0,0.01852839506172839,1.068063492063492,0.23529411764705876,0.23895582329317272,0.06372607299964336,0.3986394040741867
frozenset({'Question Type=Architecture'}),"frozenset({'Question Intent=Request presales guidance', 'Knowledge Gap=Public Documentation | Architecture Blueprint | Methodology | SME'})",0.3522222222222222,0.21333333333333335,0.1322222222222222,0.3753943217665615,1.759660883280757,1.0,0.05708148148148147,1.2594612794612794,0.666445652017239,0.3051282051282051,0.20600973105918835,0.49759299421661407
frozenset({'Knowledge Gap=Public Documentation | Architecture Blueprint | Methodology | SME'}),"frozenset({'Question Intent=Request presales guidance', 'Question Type=Architecture'})",0.45666666666666667,0.17,0.1322222222222222,0.2895377128953771,1.7031630170316299,1.0,0.05458888888888888,1.1682534246575342,0.7598597721297108,0.2674157303370786,0.14402134083780374,0.5336577453365774
"frozenset({'Presales Category=Solution Architecture', 'Knowledge Gap=Public Documentation | Architecture Blueprint | Methodology | SME'})",frozenset({'Business Capability=Hybrid connectivity and network foundation'}),0.31,0.23,0.13111111111111112,0.4229390681003585,1.8388655134798193,1.0,0.05981111111111112,1.3343478260869566,0.6611397690985017,0.3206521739130435,0.25057021831215387,0.49649368863955123
"frozenset({'Presales Category=Solution Architecture', 'Business Capability=Hybrid connectivity and network foundation'})",frozenset({'Knowledge Gap=Public Documentation | Architecture Blueprint | Methodology | SME'}),0.19111111111111112,0.45666666666666667,0.13111111111111112,0.686046511627907,1.502291631301986,1.0,0.04383703703703705,1.7306172839506173,0.41334512944682444,0.25376344086021513,0.42217149379369384,0.4865755672494766
"frozenset({'Knowledge Gap=Public Documentation | Architecture Blueprint | Methodology | SME', 'Business Capability=Hybrid connectivity and network foundation'})",frozenset({'Presales Category=Solution Architecture'}),0.15888888888888889,0.4588888888888889,0.13111111111111112,0.8251748251748253,1.7982017982017984,1.0,0.05819876543209877,3.095155555555558,0.5277410832232496,0.26940639269406397,0.6769144613087121,0.5554445554445555
frozenset({'Presales Category=Solution Architecture'}),"frozenset({'Knowledge Gap=Public Documentation | Architecture Blueprint | Methodology | SME', 'Business Capability=Hybrid connectivity and network foundation'})",0.4588888888888889,0.15888888888888889,0.13111111111111112,0.28571428571428575,1.7982017982017986,1.0,0.05819876543209877,1.1775555555555557,0.8203285420944559,0.26940639269406397,0.15078316663521424,0.5554445554445555
frozenset({'Knowledge Gap=Public Documentation | Architecture Blueprint | Methodology | SME'}),"frozenset({'Presales Category=Solution Architecture', 'Business Capability=Hybrid connectivity and network foundation'})",0.45666666666666667,0.19111111111111112,0.13111111111111112,0.28710462287104627,1.5022916313019863,1.0,0.04383703703703705,1.1346530147895337,0.615368618072164,0.25376344086021513,0.11867329750541433,0.4865755672494766
frozenset({'Business Capability=Hybrid connectivity and network foundation'}),"frozenset({'Presales Category=Solution Architecture', 'Knowledge Gap=Public Documentation | Architecture Blueprint | Methodology | SME'})",0.23,0.31,0.13111111111111112,0.5700483091787439,1.838865513479819,1.0,0.05981111111111112,1.6048314606741572,0.5924499229583976,0.3206521739130435,0.37688160750542604,0.49649368863955123
"frozenset({'Question Type=Architecture', 'Business Capability=Risk, compliance and identity control'})",frozenset({'Question Complexity=High'}),0.1288888888888889,0.7666666666666667,0.1288888888888889,1.0,1.3043478260869565,1.0,0.030074074074074073,inf,0.2678571428571428,0.16811594202898547,1.0,0.5840579710144927
"frozenset({'Question Type=Architecture', 'Question Complexity=High'})","frozenset({'Business Capability=Risk, compliance and identity control'})",0.22444444444444445,0.4166666666666667,0.1288888888888889,0.5742574257425742,1.378217821782178,1.0,0.03537037037037036,1.3701550387596897,0.3538434937259163,0.25162689804772226,0.2701555869872701,0.4417953795379538
"frozenset({'Question Complexity=High', 'Business Capability=Risk, compliance and identity control'})",frozenset({'Question Type=Architecture'}),0.4166666666666667,0.3522222222222222,0.1288888888888889,0.3093333333333333,0.8782334384858044,1.0,-0.01787037037037037,0.9379021879021878,-0.19203980099502485,0.20138888888888884,-0.06620926243567758,0.33763196635120923
frozenset({'Question Type=Architecture'}),"frozenset({'Question Complexity=High', 'Business Capability=Risk, compliance and identity control'})",0.3522222222222222,0.4166666666666667,0.1288888888888889,0.3659305993690852,0.8782334384858044,1.0,-0.01787037037037037,0.9199834162520728,-0.17630293655530246,0.20138888888888884,-0.0869761153672826,0.33763196635120923
"frozenset({'Business Capability=Risk, compliance and identity control'})","frozenset({'Question Type=Architecture', 'Question Complexity=High'})",0.4166666666666667,0.22444444444444445,0.1288888888888889,0.3093333333333333,1.378217821782178,1.0,0.03537037037037036,1.1229086229086227,0.4704433497536945,0.25162689804772226,0.10945558739255008,0.4417953795379538
frozenset({'Question Complexity=High'}),"frozenset({'Question Type=Architecture', 'Business Capability=Risk, compliance and identity control'})",0.7666666666666667,0.1288888888888889,0.1288888888888889,0.1681159420289855,1.3043478260869565,1.0,0.030074074074074073,1.0471544715447154,1.0000000000000002,0.16811594202898547,0.045031055900621106,0.5840579710144927
"frozenset({'Presales Category=Solution Architecture', 'Knowledge Gap=Public Documentation | Architecture Blueprint | Methodology | SME'})","frozenset({'Business Capability=Risk, compliance and identity control'})",0.31,0.4166666666666667,0.12666666666666668,0.40860215053763443,0.9806451612903226,1.0,-0.0025000000000000022,0.9863636363636363,-0.02780867630700781,0.21111111111111114,-0.013824884792626717,0.3563010752688172
"frozenset({'Presales Category=Solution Architecture', 'Business Capability=Risk, compliance and identity control'})",frozenset({'Knowledge Gap=Public Documentation | Architecture Blueprint | Methodology | SME'}),0.18444444444444444,0.45666666666666667,0.12666666666666668,0.6867469879518073,1.503825521062352,1.0,0.04243703703703705,1.7344871794871801,0.41079879535350644,0.24622030237581,0.4234607140217313,0.48205962536276503
"frozenset({'Knowledge Gap=Public Documentation | Architecture Blueprint | Methodology | SME', 'Business Capability=Risk, compliance and identity control'})",frozenset({'Presales Category=Solution Architecture'}),0.1711111111111111,0.4588888888888889,0.12666666666666668,0.7402597402597404,1.6131568189679573,1.0,0.04814567901234569,2.083277777777779,0.45856262640515505,0.2516556291390729,0.5199871996586578,0.5081443979749065
frozenset({'Presales Category=Solution Architecture'}),"frozenset({'Knowledge Gap=Public Documentation | Architecture Blueprint | Methodology | SME', 'Business Capability=Risk, compliance and identity control'})",0.4588888888888889,0.1711111111111111,0.12666666666666668,0.27602905569007263,1.613156818967957,1.0,0.04814567901234569,1.1449201040505388,0.7024388486616954,0.2516556291390729,0.1265766087413745,0.5081443979749065
frozenset({'Knowledge Gap=Public Documentation | Architecture Blueprint | Methodology | SME'}),"frozenset({'Presales Category=Solution Architecture', 'Business Capability=Risk, compliance and identity control'})",0.45666666666666667,0.18444444444444444,0.12666666666666668,0.2773722627737227,1.503825521062352,1.0,0.04243703703703705,1.1285970819304154,0.6166182326983103,0.24622030237581,0.11394419141192154,0.48205962536276503
"frozenset({'Business Capability=Risk, compliance and identity control'})","frozenset({'Presales Category=Solution Architecture', 'Knowledge Gap=Public Documentation | Architecture Blueprint | Methodology | SME'})",0.4166666666666667,0.31,0.12666666666666668,0.304,0.9806451612903225,1.0,-0.0025000000000000022,0.9913793103448276,-0.03272727272727276,0.21111111111111114,-0.008695652173913052,0.3563010752688172
"frozenset({'Presales Category=Security & Compliance', 'Question Type=Governance / Security'})",frozenset({'Question Complexity=High'}),0.12666666666666668,0.7666666666666667,0.12666666666666668,1.0,1.3043478260869565,1.0,0.029555555555555557,inf,0.26717557251908397,0.16521739130434782,1.0,0.5826086956521739
"frozenset({'Question Complexity=High', 'Question Type=Governance / Security'})",frozenset({'Presales Category=Security & Compliance'}),0.13444444444444445,0.24666666666666667,0.12666666666666668,0.9421487603305786,3.8195220013401836,1.0,0.09350370370370371,13.02190476190478,0.8528477805553679,0.4978165938864629,0.923206319022892,0.727831136922046
"frozenset({'Presales Category=Security & Compliance', 'Question Complexity=High'})",frozenset({'Question Type=Governance / Security'}),0.24666666666666667,0.13666666666666666,0.12666666666666668,0.5135135135135136,3.7574159525379045,1.0,0.09295555555555557,1.7746296296296298,0.9741499767116908,0.49350649350649367,0.43650213920484204,0.7201713909030983
frozenset({'Question Type=Governance / Security'}),"frozenset({'Presales Category=Security & Compliance', 'Question Complexity=High'})",0.13666666666666666,0.24666666666666667,0.12666666666666668,0.9268292682926831,3.7574159525379045,1.0,0.09295555555555557,10.295555555555577,0.8500304816094291,0.49350649350649367,0.9028707101230307,0.7201713909030983
frozenset({'Presales Category=Security & Compliance'}),"frozenset({'Question Complexity=High', 'Question Type=Governance / Security'})",0.24666666666666667,0.13444444444444445,0.12666666666666668,0.5135135135135136,3.8195220013401836,1.0,0.09350370370370371,1.7791975308641979,0.9798944263313151,0.4978165938864629,0.437948860285189,0.727831136922046
frozenset({'Question Complexity=High'}),"frozenset({'Presales Category=Security & Compliance', 'Question Type=Governance / Security'})",0.7666666666666667,0.12666666666666668,0.12666666666666668,0.16521739130434782,1.3043478260869563,1.0,0.029555555555555557,1.0461805555555554,1.0000000000000002,0.16521739130434782,0.044142051111848636,0.5826086956521739
"frozenset({'Question Type=Commercial / Pricing', 'Knowledge Gap=Public Documentation | Commercial Model | Pricing Template | SME'})",frozenset({'Question Complexity=High'}),0.16666666666666666,0.7666666666666667,0.12333333333333334,0.7400000000000001,0.9652173913043479,1.0,-0.004444444444444431,0.8974358974358976,-0.041450777202072416,0.1522633744855967,-0.1142857142857141,0.4504347826086957
"frozenset({'Question Type=Commercial / Pricing', 'Question Complexity=High'})",frozenset({'Knowledge Gap=Public Documentation | Commercial Model | Pricing Template | SME'}),0.14666666666666667,0.17,0.12333333333333334,0.8409090909090909,4.946524064171123,1.0,0.0984,5.217142857142858,0.9349662162162162,0.6379310344827588,0.8083242059145674,0.7831996434937611
"frozenset({'Knowledge Gap=Public Documentation | Commercial Model | Pricing Template | SME', 'Question Complexity=High'})",frozenset({'Question Type=Commercial / Pricing'}),0.12333333333333334,0.19333333333333333,0.12333333333333334,1.0,5.172413793103448,1.0,0.09948888888888889,inf,0.9201520912547528,0.6379310344827588,1.0,0.8189655172413793
frozenset({'Question Type=Commercial / Pricing'}),"frozenset({'Knowledge Gap=Public Documentation | Commercial Model | Pricing Template | SME', 'Question Complexity=High'})",0.19333333333333333,0.12333333333333334,0.12333333333333334,0.6379310344827587,5.172413793103448,1.0,0.09948888888888889,2.421269841269842,1.0,0.6379310344827588,0.5869935754556183,0.8189655172413793
frozenset({'Knowledge Gap=Public Documentation | Commercial Model | Pricing Template | SME'}),"frozenset({'Question Type=Commercial / Pricing', 'Question Complexity=High'})",0.17,0.14666666666666667,0.12333333333333334,0.7254901960784313,4.946524064171123,1.0,0.0984,3.108571428571428,0.9612504070335396,0.6379310344827588,0.6783088235294118,0.7831996434937611
frozenset({'Question Complexity=High'}),"frozenset({'Question Type=Commercial / Pricing', 'Knowledge Gap=Public Documentation | Commercial Model | Pricing Template | SME'})",0.7666666666666667,0.16666666666666666,0.12333333333333334,0.1608695652173913,0.9652173913043478,1.0,-0.004444444444444431,0.9930915371329879,-0.13377926421404646,0.1522633744855967,-0.0069565217391304385,0.4504347826086957
"frozenset({'Question Intent=Request presales guidance', 'Presales Category=Solution Architecture'})",frozenset({'Question Complexity=High'}),0.19111111111111112,0.7666666666666667,0.12222222222222222,0.6395348837209301,0.8341759352881697,1.0,-0.02429629629629633,0.6473118279569889,-0.1972734562951085,0.14627659574468083,-0.5448504983388711,0.39947758678800127
"frozenset({'Question Intent=Request presales guidance', 'Question Complexity=High'})",frozenset({'Presales Category=Solution Architecture'}),0.3,0.4588888888888889,0.12222222222222222,0.4074074074074074,0.8878127522195318,1.0,-0.015444444444444441,0.9131250000000001,-0.1529152915291529,0.1919720767888307,-0.0951403148528406,0.33687561653663345
"frozenset({'Presales Category=Solution Architecture', 'Question Complexity=High'})",frozenset({'Question Intent=Request presales guidance'}),0.3055555555555556,0.40444444444444444,0.12222222222222222,0.39999999999999997,0.9890109890109889,1.0,-0.0013580246913580396,0.9925925925925926,-0.015748031496063165,0.20793950850661627,-0.007462686567164227,0.3510989010989011
frozenset({'Question Intent=Request presales guidance'}),"frozenset({'Presales Category=Solution Architecture', 'Question Complexity=High'})",0.40444444444444444,0.3055555555555556,0.12222222222222222,0.3021978021978022,0.9890109890109888,1.0,-0.0013580246913580396,0.9951881014873141,-0.018315018315018514,0.20793950850661627,-0.0048351648351648985,0.3510989010989011
frozenset({'Presales Category=Solution Architecture'}),"frozenset({'Question Intent=Request presales guidance', 'Question Complexity=High'})",0.4588888888888889,0.3,0.12222222222222222,0.26634382566585957,0.8878127522195319,1.0,-0.015444444444444441,0.954125412541254,-0.18931598062953994,0.1919720767888307,-0.048080249048772034,0.33687561653663345
frozenset({'Question Complexity=High'}),"frozenset({'Question Intent=Request presales guidance', 'Presales Category=Solution Architecture'})",0.7666666666666667,0.19111111111111112,0.12222222222222222,0.15942028985507245,0.8341759352881698,1.0,-0.02429629629629633,0.9622988505747126,-0.46002805049088413,0.14627659574468083,-0.039178213091256596,0.39947758678800127
"frozenset({'Knowledge Gap=Public Documentation | Governance Framework | Risk Register | SME', 'Business Capability=Risk, compliance and identity control'})",frozenset({'Question Complexity=High'}),0.12111111111111111,0.7666666666666667,0.12111111111111111,1.0,1.3043478260869565,1.0,0.028259259259259248,inf,0.2654867256637167,0.15797101449275364,1.0,0.5789855072463768
"frozenset({'Question Complexity=High', 'Business Capability=Risk, compliance and identity control'})",frozenset({'Knowledge Gap=Public Documentation | Governance Framework | Risk Register | SME'}),0.4166666666666667,0.2111111111111111,0.12111111111111111,0.2906666666666667,1.376842105263158,1.0,0.03314814814814815,1.112155388471178,0.46920052424639586,0.2390350877192983,0.10084507042253524,0.4321754385964912
"frozenset({'Knowledge Gap=Public Documentation | Governance Framework | Risk Register | SME', 'Question Complexity=High'})","frozenset({'Business Capability=Risk, compliance and identity control'})",0.20222222222222222,0.4166666666666667,0.12111111111111111,0.5989010989010989,1.4373626373626374,1.0,0.03685185185185186,1.4543378995433787,0.38141115739439324,0.24330357142857142,0.31240188383045525,0.4447838827838828
"frozenset({'Business Capability=Risk, compliance and identity control'})","frozenset({'Knowledge Gap=Public Documentation | Governance Framework | Risk Register | SME', 'Question Complexity=High'})",0.4166666666666667,0.20222222222222222,0.12111111111111111,0.2906666666666667,1.4373626373626374,1.0,0.03685185185185186,1.1246867167919798,0.5216251638269989,0.24330357142857142,0.11086350974930365,0.4447838827838828
frozenset({'Knowledge Gap=Public Documentation | Governance Framework | Risk Register | SME'}),"frozenset({'Question Complexity=High', 'Business Capability=Risk, compliance and identity control'})",0.2111111111111111,0.4166666666666667,0.12111111111111111,0.5736842105263158,1.3768421052631579,1.0,0.03314814814814815,1.368312757201646,0.3469440496188138,0.2390350877192983,0.26917293233082706,0.4321754385964912
frozenset({'Question Complexity=High'}),"frozenset({'Knowledge Gap=Public Documentation | Governance Framework | Risk Register | SME', 'Business Capability=Risk, compliance and identity control'})",0.7666666666666667,0.12111111111111111,0.12111111111111111,0.1579710144927536,1.3043478260869563,1.0,0.028259259259259248,1.0437751004016065,0.9999999999999998,0.15797101449275364,0.0419392073874567,0.5789855072463768
"frozenset({'Presales Category=Security & Compliance', 'Knowledge Gap=Public Documentation | Governance Framework | Risk Register | SME'})","frozenset({'Business Capability=Risk, compliance and identity control'})",0.15555555555555556,0.4166666666666667,0.11888888888888889,0.7642857142857142,1.834285714285714,1.0,0.054074074074074066,2.474747474747474,0.5386128873585833,0.2622549019607843,0.5959183673469387,0.5248095238095238
"frozenset({'Presales Category=Security & Compliance', 'Business Capability=Risk, compliance and identity control'})",frozenset({'Knowledge Gap=Public Documentation | Governance Framework | Risk Register | SME'}),0.1922222222222222,0.2111111111111111,0.11888888888888889,0.6184971098265897,2.9297231518101614,1.0,0.07830864197530865,2.0678451178451183,0.8154109192816466,0.41796875,0.5164047871041277,0.5908275022817159
"frozenset({'Knowledge Gap=Public Documentation | Governance Framework | Risk Register | SME', 'Business Capability=Risk, compliance and identity control'})",frozenset({'Presales Category=Security & Compliance'}),0.12111111111111111,0.24666666666666667,0.11888888888888889,0.981651376146789,3.979667741135631,1.0,0.08901481481481481,41.056666666666665,0.8518969245129199,0.47767857142857145,0.9756434196638792,0.7318166790643855
frozenset({'Presales Category=Security & Compliance'}),"frozenset({'Knowledge Gap=Public Documentation | Governance Framework | Risk Register | SME', 'Business Capability=Risk, compliance and identity control'})",0.24666666666666667,0.12111111111111111,0.11888888888888889,0.481981981981982,3.979667741135631,1.0,0.08901481481481481,1.6966376811594202,0.9938797452650733,0.47767857142857145,0.41059896812109203,0.7318166790643855
frozenset({'Knowledge Gap=Public Documentation | Governance Framework | Risk Register | SME'}),"frozenset({'Presales Category=Security & Compliance', 'Business Capability=Risk, compliance and identity control'})",0.2111111111111111,0.1922222222222222,0.11888888888888889,0.5631578947368421,2.9297231518101614,1.0,0.07830864197530865,1.8491298527443105,0.8349348427010663,0.41796875,0.4592050966480851,0.5908275022817159
"frozenset({'Business Capability=Risk, compliance and identity control'})","frozenset({'Presales Category=Security & Compliance', 'Knowledge Gap=Public Documentation | Governance Framework | Risk Register | SME'})",0.4166666666666667,0.15555555555555556,0.11888888888888889,0.2853333333333333,1.8342857142857143,1.0,0.054074074074074066,1.181592039800995,0.7797062750333777,0.2622549019607843,0.15368421052631578,0.5248095238095238
"frozenset({'Presales Category=Solution Architecture', 'Question Type=Architecture'})","frozenset({'Business Capability=Risk, compliance and identity control'})",0.3111111111111111,0.4166666666666667,0.11777777777777777,0.37857142857142856,0.9085714285714285,1.0,-0.011851851851851877,0.9386973180076627,-0.1274561869357411,0.19307832422586518,-0.06530612244897965,0.3306190476190476
"frozenset({'Presales Category=Solution Architecture', 'Business Capability=Risk, compliance and identity control'})",frozenset({'Question Type=Architecture'}),0.18444444444444444,0.3522222222222222,0.11777777777777777,0.6385542168674698,1.8129299532514918,1.0,0.05281234567901234,1.7921851851851849,0.5498174901033366,0.28116710875331563,0.44202194713674586,0.4864695374558169
"frozenset({'Question Type=Architecture', 'Business Capability=Risk, compliance and identity control'})",frozenset({'Presales Category=Solution Architecture'}),0.1288888888888889,0.4588888888888889,0.11777777777777777,0.9137931034482758,1.9913166903231192,1.0,0.05863209876543209,6.276888888888884,0.5714767038891028,0.2505910165484634,0.8406854067832612,0.5852258495449612
frozenset({'Presales Category=Solution Architecture'}),"frozenset({'Question Type=Architecture', 'Business Capability=Risk, compliance and identity control'})",0.4588888888888889,0.1288888888888889,0.11777777777777777,0.25665859564164645,1.991316690323119,1.0,0.05863209876543209,1.1718856315598987,0.919995350819418,0.2505910165484634,0.14667440826209413,0.5852258495449612
frozenset({'Question Type=Architecture'}),"frozenset({'Presales Category=Solution Architecture', 'Business Capability=Risk, compliance and identity control'})",0.3522222222222222,0.18444444444444444,0.11777777777777777,0.334384858044164,1.8129299532514918,1.0,0.05281234567901234,1.2252659294365456,0.6922230492896211,0.28116710875331563,0.18385064337840273,0.4864695374558169
"frozenset({'Business Capability=Risk, compliance and identity control'})","frozenset({'Presales Category=Solution Architecture', 'Question Type=Architecture'})",0.4166666666666667,0.3111111111111111,0.11777777777777777,0.2826666666666666,0.9085714285714284,1.0,-0.011851851851851877,0.9603469640644361,-0.14712643678160947,0.19307832422586518,-0.04129032258064523,0.3306190476190476
"frozenset({'Presales Category=Solution Architecture', 'Question Complexity=Medium'})",frozenset({'Business Capability=Hybrid connectivity and network foundation'}),0.12,0.23,0.10888888888888888,0.9074074074074074,3.9452495974235102,1.0,0.08128888888888888,8.316000000000003,0.8483302411873841,0.45161290322580644,0.8797498797498798,0.6904186795491143
"frozenset({'Presales Category=Solution Architecture', 'Business Capability=Hybrid connectivity and network foundation'})",frozenset({'Question Complexity=Medium'}),0.19111111111111112,0.1811111111111111,0.10888888888888888,0.569767441860465,3.145955200456555,1.0,0.07427654320987653,1.9033633633633629,0.8432944606413993,0.4135021097046413,0.47461424379161266,0.5854972178627478
"frozenset({'Question Complexity=Medium', 'Business Capability=Hybrid connectivity and network foundation'})",frozenset({'Presales Category=Solution Architecture'}),0.13444444444444445,0.4588888888888889,0.10888888888888888,0.8099173553719008,1.7649530746603164,1.0,0.04719382716049381,2.8467149758454102,0.500733541169998,0.22477064220183482,0.6487179052047448,0.5236027454825606
frozenset({'Presales Category=Solution Architecture'}),"frozenset({'Question Complexity=Medium', 'Business Capability=Hybrid connectivity and network foundation'})",0.4588888888888889,0.13444444444444445,0.10888888888888888,0.23728813559322032,1.7649530746603164,1.0,0.04719382716049381,1.1348395061728396,0.8009680258140216,0.22477064220183482,0.11881812841321988,0.5236027454825606
frozenset({'Question Complexity=Medium'}),"frozenset({'Presales Category=Solution Architecture', 'Business Capability=Hybrid connectivity and network foundation'})",0.1811111111111111,0.19111111111111112,0.10888888888888888,0.6012269938650306,3.1459552004565556,1.0,0.07427654320987653,2.0284444444444443,0.832996427879157,0.4135021097046413,0.507011393514461,0.5854972178627478
frozenset({'Business Capability=Hybrid connectivity and network foundation'}),"frozenset({'Presales Category=Solution Architecture', 'Question Complexity=Medium'})",0.23,0.12,0.10888888888888888,0.4734299516908212,3.9452495974235102,1.0,0.08128888888888888,1.6711926605504583,0.9695202756427246,0.45161290322580644,0.4016249451032059,0.6904186795491143
"frozenset({'Question Intent=Determine implementation approach', 'Business Capability=Risk, compliance and identity control'})",frozenset({'Question Complexity=High'}),0.10888888888888888,0.7666666666666667,0.10888888888888888,1.0,1.3043478260869565,1.0,0.025407407407407406,inf,0.26184538653366585,0.14202898550724635,1.0,0.5710144927536231
"frozenset({'Question Complexity=High', 'Business Capability=Risk, compliance and identity control'})",frozenset({'Question Intent=Determine implementation approach'}),0.4166666666666667,0.24444444444444444,0.10888888888888888,0.2613333333333333,1.069090909090909,1.0,0.007037037037037036,1.022864019253911,0.11078717201166183,0.1971830985915493,0.022352941176470565,0.35339393939393937
"frozenset({'Question Intent=Determine implementation approach', 'Question Complexity=High'})","frozenset({'Business Capability=Risk, compliance and identity control'})",0.1922222222222222,0.4166666666666667,0.10888888888888888,0.5664739884393064,1.3595375722543352,1.0,0.028796296296296292,1.3455555555555556,0.3273868006624933,0.21777777777777776,0.2568125516102396,0.41390366088631986
"frozenset({'Business Capability=Risk, compliance and identity control'})","frozenset({'Question Intent=Determine implementation approach', 'Question Complexity=High'})",0.4166666666666667,0.1922222222222222,0.10888888888888888,0.2613333333333333,1.3595375722543352,1.0,0.028796296296296292,1.0935619735258724,0.4533527696793003,0.21777777777777776,0.0855570839064649,0.41390366088631986
frozenset({'Question Intent=Determine implementation approach'}),"frozenset({'Question Complexity=High', 'Business Capability=Risk, compliance and identity control'})",0.24444444444444444,0.4166666666666667,0.10888888888888888,0.44545454545454544,1.069090909090909,1.0,0.007037037037037036,1.0519125683060107,0.08553421368547419,0.1971830985915493,0.04935064935064929,0.35339393939393937
frozenset({'Question Complexity=High'}),"frozenset({'Question Intent=Determine implementation approach', 'Business Capability=Risk, compliance and identity control'})",0.7666666666666667,0.10888888888888888,0.10888888888888888,0.14202898550724635,1.3043478260869563,1.0,0.025407407407407406,1.038626126126126,1.0000000000000002,0.14202898550724635,0.03718963460912933,0.5710144927536231
"frozenset({'Question Type=Architecture', 'Knowledge Gap=Public Documentation | Architecture Blueprint | Methodology | SME'})","frozenset({'Business Capability=Risk, compliance and identity control'})",0.2811111111111111,0.4166666666666667,0.10444444444444445,0.37154150197628466,0.8916996047430832,1.0,-0.012685185185185174,0.9281970649895178,-0.14452899722898163,0.17602996254681647,-0.07735742518351205,0.3111040843214756
"frozenset({'Question Type=Architecture', 'Business Capability=Risk, compliance and identity control'})",frozenset({'Knowledge Gap=Public Documentation | Architecture Blueprint | Methodology | SME'}),0.1288888888888889,0.45666666666666667,0.10444444444444445,0.810344827586207,1.774477724641329,1.0,0.045585185185185194,2.8648484848484856,0.5010312635692575,0.21709006928406466,0.6509414004654116,0.5195276449366558
"frozenset({'Knowledge Gap=Public Documentation | Architecture Blueprint | Methodology | SME', 'Business Capability=Risk, compliance and identity control'})",frozenset({'Question Type=Architecture'}),0.1711111111111111,0.3522222222222222,0.10444444444444445,0.6103896103896105,1.7329673481093042,1.0,0.04417530864197532,1.6626296296296301,0.5102675260966288,0.24933687002652521,0.3985431378227263,0.4534597894219346
frozenset({'Question Type=Architecture'}),"frozenset({'Knowledge Gap=Public Documentation | Architecture Blueprint | Methodology | SME', 'Business Capability=Risk, compliance and identity control'})",0.3522222222222222,0.1711111111111111,0.10444444444444445,0.2965299684542587,1.7329673481093042,1.0,0.04417530864197532,1.178285999003488,0.6529323747308493,0.24933687002652521,0.15130961341666602,0.4534597894219346
frozenset({'Knowledge Gap=Public Documentation | Architecture Blueprint | Methodology | SME'}),"frozenset({'Question Type=Architecture', 'Business Capability=Risk, compliance and identity control'})",0.45666666666666667,0.1288888888888889,0.10444444444444445,0.22871046228710465,1.7744777246413292,1.0,0.045585185185185194,1.1294216614090433,0.8032893878083802,0.21709006928406466,0.11459109191121707,0.5195276449366558
"frozenset({'Business Capability=Risk, compliance and identity control'})","frozenset({'Question Type=Architecture', 'Knowledge Gap=Public Documentation | Architecture Blueprint | Methodology | SME'})",0.4166666666666667,0.2811111111111111,0.10444444444444445,0.25066666666666665,0.891699604743083,1.0,-0.012685185185185174,0.9593712930011862,-0.1723270440251571,0.17602996254681647,-0.04234930448222565,0.3111040843214756
"frozenset({'Question Intent=Request presales guidance', 'Question Type=Architecture'})",frozenset({'Question Complexity=High'}),0.17,0.7666666666666667,0.10333333333333333,0.6078431372549019,0.7928388746803068,1.0,-0.027000000000000024,0.5949999999999998,-0.2394324563996455,0.12399999999999997,-0.6806722689075636,0.37131287297527704
"frozenset({'Question Intent=Request presales guidance', 'Question Complexity=High'})",frozenset({'Question Type=Architecture'}),0.3,0.3522222222222222,0.10333333333333333,0.34444444444444444,0.9779179810725552,1.0,-0.002333333333333326,0.988135593220339,-0.031249999999999906,0.18825910931174086,-0.012006861063464828,0.31890991938310553
"frozenset({'Question Type=Architecture', 'Question Complexity=High'})",frozenset({'Question Intent=Request presales guidance'}),0.22444444444444445,0.40444444444444444,0.10333333333333333,0.4603960396039604,1.1383418561636385,1.0,0.012558024691358027,1.1036901121304792,0.15669963336106238,0.19661733615221988,0.09394857396187384,0.3579452725492329
frozenset({'Question Intent=Request presales guidance'}),"frozenset({'Question Type=Architecture', 'Question Complexity=High'})",0.40444444444444444,0.22444444444444445,0.10333333333333333,0.2554945054945055,1.1383418561636383,1.0,0.012558024691358027,1.0417056170561705,0.20406034344407,0.19661733615221988,0.04003589533675491,0.3579452725492329
frozenset({'Question Type=Architecture'}),"frozenset({'Question Intent=Request presales guidance', 'Question Complexity=High'})",0.3522222222222222,0.3,0.10333333333333333,0.29337539432176657,0.9779179810725552,1.0,-0.002333333333333326,0.9906249999999999,-0.03368443565203433,0.18825910931174086,-0.009463722397476315,0.31890991938310553
frozenset({'Question Complexity=High'}),"frozenset({'Question Intent=Request presales guidance', 'Question Type=Architecture'})",0.7666666666666667,0.17,0.10333333333333333,0.13478260869565217,0.7928388746803069,1.0,-0.027000000000000024,0.9592964824120602,-0.5282608695652178,0.12399999999999997,-0.04243059193294921,0.37131287297527704
"frozenset({'Question Type=Architecture', 'Question Complexity=Medium'})",frozenset({'Business Capability=Hybrid connectivity and network foundation'}),0.10333333333333333,0.23,0.10222222222222223,0.989247311827957,4.301075268817204,1.0,0.07845555555555556,71.61000000000007,0.8559479553903344,0.44230769230769224,0.9860354699064376,0.7168458781362007
"frozenset({'Question Type=Architecture', 'Business Capability=Hybrid connectivity and network foundation'})",frozenset({'Question Complexity=Medium'}),0.17777777777777778,0.1811111111111111,0.10222222222222223,0.5750000000000001,3.1748466257668717,1.0,0.0700246913580247,1.9267973856209153,0.8331374853113984,0.3982683982683982,0.48100407055630945,0.5697085889570552
"frozenset({'Question Complexity=Medium', 'Business Capability=Hybrid connectivity and network foundation'})",frozenset({'Question Type=Architecture'}),0.13444444444444445,0.3522222222222222,0.10222222222222223,0.7603305785123967,2.1586672576061736,1.0,0.0548679012345679,2.7027969348659004,0.62012334654239,0.2658959537572254,0.6300128999333741,0.5252756993508356
frozenset({'Question Type=Architecture'}),"frozenset({'Question Complexity=Medium', 'Business Capability=Hybrid connectivity and network foundation'})",0.3522222222222222,0.13444444444444445,0.10222222222222223,0.2902208201892745,2.1586672576061736,1.0,0.0548679012345679,1.2194716049382714,0.8286039227384592,0.2658959537572254,0.1799727062520501,0.5252756993508356
frozenset({'Question Complexity=Medium'}),"frozenset({'Question Type=Architecture', 'Business Capability=Hybrid connectivity and network foundation'})",0.1811111111111111,0.17777777777777778,0.10222222222222223,0.5644171779141105,3.1748466257668713,1.0,0.0700246913580247,1.8876369327073554,0.8365288183587988,0.3982683982683982,0.4702371082739182,0.5697085889570552
frozenset({'Business Capability=Hybrid connectivity and network foundation'}),"frozenset({'Question Type=Architecture', 'Question Complexity=Medium'})",0.23,0.10333333333333333,0.10222222222222223,0.4444444444444445,4.301075268817205,1.0,0.07845555555555556,1.614,0.9967532467532466,0.44230769230769224,0.38042131350681535,0.7168458781362007
"frozenset({'Business Capability=Risk, compliance and identity control', 'Question Type=Governance / Security'})",frozenset({'Question Complexity=High'}),0.10222222222222223,0.7666666666666667,0.10222222222222223,1.0,1.3043478260869565,1.0,0.023851851851851846,inf,0.2599009900990098,0.13333333333333333,1.0,0.5666666666666667
"frozenset({'Question Complexity=High', 'Question Type=Governance / Security'})","frozenset({'Business Capability=Risk, compliance and identity control'})",0.13444444444444445,0.4166666666666667,0.10222222222222223,0.7603305785123967,1.824793388429752,1.0,0.046203703703703705,2.4339080459770113,0.5221995869844283,0.22772277227722773,0.5891381345926802,0.502831955922865
"frozenset({'Question Complexity=High', 'Business Capability=Risk, compliance and identity control'})",frozenset({'Question Type=Governance / Security'}),0.4166666666666667,0.13666666666666666,0.10222222222222223,0.24533333333333335,1.7951219512195125,1.0,0.045277777777777785,1.143992932862191,0.7593167701863356,0.22660098522167488,0.1258687258687259,0.4966504065040651
frozenset({'Question Type=Governance / Security'}),"frozenset({'Question Complexity=High', 'Business Capability=Risk, compliance and identity control'})",0.13666666666666666,0.4166666666666667,0.10222222222222223,0.7479674796747968,1.7951219512195122,1.0,0.045277777777777785,2.3145161290322585,0.513051871747524,0.22660098522167488,0.5679442508710804,0.4966504065040651
"frozenset({'Business Capability=Risk, compliance and identity control'})","frozenset({'Question Complexity=High', 'Question Type=Governance / Security'})",0.4166666666666667,0.13444444444444445,0.10222222222222223,0.24533333333333335,1.824793388429752,1.0,0.046203703703703705,1.146937573616019,0.7748447204968946,0.22772277227722773,0.12811296534017974,0.502831955922865
frozenset({'Question Complexity=High'}),"frozenset({'Business Capability=Risk, compliance and identity control', 'Question Type=Governance / Security'})",0.7666666666666667,0.10222222222222223,0.10222222222222223,0.13333333333333333,1.3043478260869563,1.0,0.023851851851851846,1.0358974358974358,1.0,0.13333333333333333,0.03465346534653464,0.5666666666666667
"frozenset({'Presales Category=Security & Compliance', 'Knowledge Gap=Public Documentation | Governance Framework | Risk Register | SME'})",frozenset({'Question Type=Governance / Security'}),0.15555555555555556,0.13666666666666666,0.1,0.6428571428571429,4.703832752613241,1.0,0.07874074074074075,2.4173333333333336,0.9324561403508773,0.5202312138728324,0.5863210148924436,0.6872822299651569
"frozenset({'Presales Category=Security & Compliance', 'Question Type=Governance / Security'})",frozenset({'Knowledge Gap=Public Documentation | Governance Framework | Risk Register | SME'}),0.12666666666666668,0.2111111111111111,0.1,0.7894736842105263,3.7396121883656512,1.0,0.07325925925925926,3.7472222222222222,0.8388464800678541,0.4205607476635514,0.7331356560415122,0.631578947368421
"frozenset({'Knowledge Gap=Public Documentation | Governance Framework | Risk Register | SME', 'Question Type=Governance / Security'})",frozenset({'Presales Category=Security & Compliance'}),0.1,0.24666666666666667,0.1,1.0,4.054054054054054,1.0,0.07533333333333334,inf,0.8370370370370369,0.40540540540540543,1.0,0.7027027027027027
frozenset({'Presales Category=Security & Compliance'}),"frozenset({'Knowledge Gap=Public Documentation | Governance Framework | Risk Register | SME', 'Question Type=Governance / Security'})",0.24666666666666667,0.1,0.1,0.40540540540540543,4.054054054054054,1.0,0.07533333333333334,1.513636363636364,1.0,0.40540540540540543,0.3393393393393393,0.7027027027027027
frozenset({'Knowledge Gap=Public Documentation | Governance Framework | Risk Register | SME'}),"frozenset({'Presales Category=Security & Compliance', 'Question Type=Governance / Security'})",0.2111111111111111,0.12666666666666668,0.1,0.4736842105263158,3.739612188365651,1.0,0.07325925925925926,1.6593333333333333,0.9286384976525821,0.4205607476635514,0.3973483326637204,0.631578947368421
frozenset({'Question Type=Governance / Security'}),"frozenset({'Presales Category=Security & Compliance', 'Knowledge Gap=Public Documentation | Governance Framework | Risk Register | SME'})",0.13666666666666666,0.15555555555555556,0.1,0.7317073170731708,4.703832752613241,1.0,0.07874074074074075,3.1474747474747486,0.9120549120549122,0.5202312138728324,0.6822849807445444,0.6872822299651569
"frozenset({'Knowledge Gap=Public Documentation | Governance Framework | Risk Register | SME', 'Question Type=Governance / Security'})",frozenset({'Question Complexity=High'}),0.1,0.7666666666666667,0.1,1.0,1.3043478260869565,1.0,0.02333333333333333,inf,0.2592592592592592,0.13043478260869565,1.0,0.5652173913043478
"frozenset({'Question Complexity=High', 'Question Type=Governance / Security'})",frozenset({'Knowledge Gap=Public Documentation | Governance Framework | Risk Register | SME'}),0.13444444444444445,0.2111111111111111,0.1,0.743801652892562,3.52327098738582,1.0,0.07161728395061728,3.07921146953405,0.8274140636143203,0.4072398190045249,0.675241531835642,0.6087429317094388
"frozenset({'Knowledge Gap=Public Documentation | Governance Framework | Risk Register | SME', 'Question Complexity=High'})",frozenset({'Question Type=Governance / Security'}),0.20222222222222222,0.13666666666666666,0.1,0.4945054945054945,3.61833288662557,1.0,0.07236296296296296,1.7078985507246376,0.9070566388115134,0.4186046511627907,0.4144851287708431,0.6131064057893327
frozenset({'Question Type=Governance / Security'}),"frozenset({'Knowledge Gap=Public Documentation | Governance Framework | Risk Register | SME', 'Question Complexity=High'})",0.13666666666666666,0.20222222222222222,0.1,0.7317073170731708,3.61833288662557,1.0,0.07236296296296296,2.973535353535355,0.8381810381810382,0.4186046511627907,0.6636999796181807,0.6131064057893327
frozenset({'Knowledge Gap=Public Documentation | Governance Framework | Risk Register | SME'}),"frozenset({'Question Complexity=High', 'Question Type=Governance / Security'})",0.2111111111111111,0.13444444444444445,0.1,0.4736842105263158,3.52327098738582,1.0,0.07161728395061728,1.6445555555555555,0.9078247261345852,0.4072398190045249,0.3919329775015202,0.6087429317094388
frozenset({'Question Complexity=High'}),"frozenset({'Knowledge Gap=Public Documentation | Governance Framework | Risk Register | SME', 'Question Type=Governance / Security'})",0.7666666666666667,0.1,0.1,0.13043478260869565,1.3043478260869563,1.0,0.02333333333333333,1.0350000000000001,1.0,0.13043478260869565,0.03381642512077294,0.5652173913043478
"frozenset({'Presales Category=Security & Compliance', 'Question Type=Governance / Security'})","frozenset({'Business Capability=Risk, compliance and identity control'})",0.12666666666666668,0.4166666666666667,0.09888888888888889,0.7807017543859648,1.8736842105263154,1.0,0.0461111111111111,2.659999999999998,0.5339222917917488,0.2225,0.6240601503759396,0.509017543859649
"frozenset({'Business Capability=Risk, compliance and identity control', 'Question Type=Governance / Security'})",frozenset({'Presales Category=Security & Compliance'}),0.10222222222222223,0.24666666666666667,0.09888888888888889,0.967391304347826,3.9218566392479435,1.0,0.07367407407407407,23.102222222222196,0.8298475915007231,0.39555555555555555,0.9567141208156983,0.6841461026243635
"frozenset({'Presales Category=Security & Compliance', 'Business Capability=Risk, compliance and identity control'})",frozenset({'Question Type=Governance / Security'}),0.1922222222222222,0.13666666666666666,0.09888888888888889,0.5144508670520231,3.7642746369660234,1.0,0.07261851851851853,1.7780555555555555,0.9090923141121741,0.429951690821256,0.43758787689423534,0.6190140514121905
frozenset({'Question Type=Governance / Security'}),"frozenset({'Presales Category=Security & Compliance', 'Business Capability=Risk, compliance and identity control'})",0.13666666666666666,0.1922222222222222,0.09888888888888889,0.7235772357723578,3.7642746369660234,1.0,0.07261851851851853,2.922254901960785,0.8505921651989069,0.429951690821256,0.657798503707183,0.6190140514121905
frozenset({'Presales Category=Security & Compliance'}),"frozenset({'Business Capability=Risk, compliance and identity control', 'Question Type=Governance / Security'})",0.24666666666666667,0.10222222222222223,0.09888888888888889,0.40090090090090086,3.921856639247943,1.0,0.07367407407407407,1.4985463659147866,0.9889629114049915,0.39555555555555555,0.33268664704308265,0.6841461026243635
"frozenset({'Business Capability=Risk, compliance and identity control'})","frozenset({'Presales Category=Security & Compliance', 'Question Type=Governance / Security'})",0.4166666666666667,0.12666666666666668,0.09888888888888889,0.2373333333333333,1.8736842105263154,1.0,0.0461111111111111,1.145104895104895,0.7993579454253611,0.2225,0.12671755725190836,0.509017543859649
"frozenset({'Question Intent=Request presales guidance', 'Presales Category=Security & Compliance'})",frozenset({'Question Complexity=High'}),0.09666666666666666,0.7666666666666667,0.09666666666666666,1.0,1.3043478260869565,1.0,0.02255555555555555,inf,0.2583025830258302,0.12608695652173912,1.0,0.5630434782608695
"frozenset({'Question Intent=Request presales guidance', 'Question Complexity=High'})",frozenset({'Presales Category=Security & Compliance'}),0.3,0.24666666666666667,0.09666666666666666,0.32222222222222224,1.3063063063063063,1.0,0.02266666666666667,1.1114754098360655,0.3349753694581281,0.21481481481481482,0.10029498525073749,0.35705705705705704
"frozenset({'Presales Category=Security & Compliance', 'Question Complexity=High'})",frozenset({'Question Intent=Request presales guidance'}),0.24666666666666667,0.40444444444444444,0.09666666666666666,0.3918918918918919,0.968963468963469,1.0,-0.0030962962962963053,0.9793580246913581,-0.04078446677724668,0.1743486973947896,-0.02107704719645018,0.31545144045144047
frozenset({'Question Intent=Request presales guidance'}),"frozenset({'Presales Category=Security & Compliance', 'Question Complexity=High'})",0.40444444444444444,0.24666666666666667,0.09666666666666666,0.23901098901098902,0.968963468963469,1.0,-0.0030962962962963053,0.9899398315282791,-0.05103785103785118,0.1743486973947896,-0.010162403967713696,0.31545144045144047
frozenset({'Presales Category=Security & Compliance'}),"frozenset({'Question Intent=Request presales guidance', 'Question Complexity=High'})",0.24666666666666667,0.3,0.09666666666666666,0.3918918918918919,1.3063063063063063,1.0,0.02266666666666667,1.151111111111111,0.31126029905401287,0.21481481481481482,0.1312741312741313,0.35705705705705704
frozenset({'Question Complexity=High'}),"frozenset({'Question Intent=Request presales guidance', 'Presales Category=Security & Compliance'})",0.7666666666666667,0.09666666666666666,0.09666666666666666,0.12608695652173912,1.3043478260869565,1.0,0.02255555555555555,1.033665008291874,1.0,0.12608695652173912,0.03256858655543077,0.5630434782608695
"frozenset({'Question Complexity=Medium', 'Knowledge Gap=Public Documentation | Architecture Blueprint | Methodology | SME'})",frozenset({'Business Capability=Hybrid connectivity and network foundation'}),0.10666666666666667,0.23,0.09555555555555556,0.8958333333333334,3.8949275362318843,1.0,0.07102222222222222,7.392000000000003,0.8320027768136065,0.39631336405529954,0.8647186147186148,0.6556461352657005
"frozenset({'Knowledge Gap=Public Documentation | Architecture Blueprint | Methodology | SME', 'Business Capability=Hybrid connectivity and network foundation'})",frozenset({'Question Complexity=Medium'}),0.15888888888888889,0.1811111111111111,0.09555555555555556,0.6013986013986015,3.320605774593505,1.0,0.06677901234567901,2.054405458089669,0.8308654112008848,0.390909090909091,0.5132411686007344,0.5645029816808959
"frozenset({'Question Complexity=Medium', 'Business Capability=Hybrid connectivity and network foundation'})",frozenset({'Knowledge Gap=Public Documentation | Architecture Blueprint | Methodology | SME'}),0.13444444444444445,0.45666666666666667,0.09555555555555556,0.7107438016528925,1.5563732882910055,1.0,0.034159259259259264,1.8783809523809523,0.41300713496731056,0.19282511210762332,0.46762662880900463,0.459994771872675
frozenset({'Knowledge Gap=Public Documentation | Architecture Blueprint | Methodology | SME'}),"frozenset({'Question Complexity=Medium', 'Business Capability=Hybrid connectivity and network foundation'})",0.45666666666666667,0.13444444444444445,0.09555555555555556,0.20924574209245744,1.5563732882910057,1.0,0.034159259259259264,1.0945948717948717,0.6579397916963904,0.19282511210762332,0.08641998444571462,0.459994771872675
frozenset({'Question Complexity=Medium'}),"frozenset({'Knowledge Gap=Public Documentation | Architecture Blueprint | Methodology | SME', 'Business Capability=Hybrid connectivity and network foundation'})",0.1811111111111111,0.15888888888888889,0.09555555555555556,0.5276073619631902,3.320605774593505,1.0,0.06677901234567901,1.7805339105339109,0.853412640812849,0.390909090909091,0.4383707077501602,0.5645029816808959
frozenset({'Business Capability=Hybrid connectivity and network foundation'}),"frozenset({'Question Complexity=Medium', 'Knowledge Gap=Public Documentation | Architecture Blueprint | Methodology | SME'})",0.23,0.10666666666666667,0.09555555555555556,0.41545893719806765,3.894927536231884,1.0,0.07102222222222222,1.5282644628099176,0.9652672908486861,0.39631336405529954,0.34566298940082196,0.6556461352657005
"frozenset({'Question Intent=Determine implementation approach', 'Knowledge Gap=Public Documentation | Architecture Blueprint | Methodology | SME'})",frozenset({'Question Complexity=High'}),0.13,0.7666666666666667,0.09555555555555556,0.7350427350427351,0.9587513935340022,1.0,-0.004111111111111121,0.8806451612903226,-0.04712175241976577,0.11927877947295423,-0.13553113553113555,0.4298402081010777
"frozenset({'Question Intent=Determine implementation approach', 'Question Complexity=High'})",frozenset({'Knowledge Gap=Public Documentation | Architecture Blueprint | Methodology | SME'}),0.1922222222222222,0.45666666666666667,0.09555555555555556,0.4971098265895954,1.0885616640648075,1.0,0.007774074074074086,1.0804214559386975,0.10071654777518328,0.17269076305220887,0.07443526366183204,0.3531777843410264
"frozenset({'Knowledge Gap=Public Documentation | Architecture Blueprint | Methodology | SME', 'Question Complexity=High'})",frozenset({'Question Intent=Determine implementation approach'}),0.33,0.24444444444444444,0.09555555555555556,0.2895622895622896,1.1845730027548211,1.0,0.014888888888888896,1.0635071090047394,0.23255813953488386,0.19953596287703018,0.059714795008912684,0.3402356902356902
frozenset({'Question Intent=Determine implementation approach'}),"frozenset({'Knowledge Gap=Public Documentation | Architecture Blueprint | Methodology | SME', 'Question Complexity=High'})",0.24444444444444444,0.33,0.09555555555555556,0.39090909090909093,1.184573002754821,1.0,0.014888888888888896,1.0999999999999999,0.20622435020519847,0.19953596287703018,0.09090909090909093,0.3402356902356902
frozenset({'Knowledge Gap=Public Documentation | Architecture Blueprint | Methodology | SME'}),"frozenset({'Question Intent=Determine implementation approach', 'Question Complexity=High'})",0.45666666666666667,0.1922222222222222,0.09555555555555556,0.20924574209245744,1.0885616640648075,1.0,0.007774074074074086,1.021528205128205,0.1497360536453134,0.17269076305220887,0.021074508780208678,0.3531777843410264
frozenset({'Question Complexity=High'}),"frozenset({'Question Intent=Determine implementation approach', 'Knowledge Gap=Public Documentation | Architecture Blueprint | Methodology | SME'})",0.7666666666666667,0.13,0.09555555555555556,0.12463768115942028,0.9587513935340022,1.0,-0.004111111111111121,0.9938741721854305,-0.15568022440392743,0.11927877947295423,-0.006163584874229565,0.4298402081010777
"frozenset({'Question Intent=Request presales guidance', 'Presales Category=Solution Architecture'})",frozenset({'Business Capability=Hybrid connectivity and network foundation'}),0.19111111111111112,0.23,0.09444444444444444,0.4941860465116279,2.1486349848331647,1.0,0.05048888888888888,1.5222988505747126,0.6608920491273432,0.2891156462585034,0.34309876170341286,0.4524070329176497
"frozenset({'Question Intent=Request presales guidance', 'Business Capability=Hybrid connectivity and network foundation'})",frozenset({'Presales Category=Solution Architecture'}),0.11666666666666667,0.4588888888888889,0.09444444444444444,0.8095238095238095,1.764095468695953,1.0,0.0409074074074074,2.8408333333333333,0.4903440621531631,0.19630484988452654,0.6479906130830155,0.5076674737691687
"frozenset({'Presales Category=Solution Architecture', 'Business Capability=Hybrid connectivity and network foundation'})",frozenset({'Question Intent=Request presales guidance'}),0.19111111111111112,0.40444444444444444,0.09444444444444444,0.4941860465116279,1.2218885765397394,1.0,0.017150617283950606,1.1774201787994893,0.2244990303813832,0.18847006651884698,0.15068552585907669,0.36385126501405574
frozenset({'Question Intent=Request presales guidance'}),"frozenset({'Presales Category=Solution Architecture', 'Business Capability=Hybrid connectivity and network foundation'})",0.40444444444444444,0.19111111111111112,0.09444444444444444,0.23351648351648352,1.2218885765397394,1.0,0.017150617283950606,1.0553245718837116,0.30491659350307265,0.18847006651884698,0.052424224127520826,0.36385126501405574
frozenset({'Presales Category=Solution Architecture'}),"frozenset({'Question Intent=Request presales guidance', 'Business Capability=Hybrid connectivity and network foundation'})",0.4588888888888889,0.11666666666666667,0.09444444444444444,0.20581113801452783,1.7640954686959527,1.0,0.0409074074074074,1.1122459349593494,0.8004589926319603,0.19630484988452654,0.10091826945040887,0.5076674737691687
frozenset({'Business Capability=Hybrid connectivity and network foundation'}),"frozenset({'Question Intent=Request presales guidance', 'Presales Category=Solution Architecture'})",0.23,0.19111111111111112,0.09444444444444444,0.4106280193236715,2.1486349848331647,1.0,0.05048888888888888,1.3724590163934427,0.694270435446906,0.2891156462585034,0.2713807931199235,0.4524070329176497
"frozenset({'Question Intent=Request presales guidance', 'Question Type=Architecture'})",frozenset({'Business Capability=Hybrid connectivity and network foundation'}),0.17,0.23,0.09333333333333334,0.5490196078431372,2.387041773231031,1.0,0.054233333333333335,1.707391304347826,0.7000860585197934,0.3043478260869565,0.4143111790170613,0.4774083546462063
"frozenset({'Question Intent=Request presales guidance', 'Business Capability=Hybrid connectivity and network foundation'})",frozenset({'Question Type=Architecture'}),0.11666666666666667,0.3522222222222222,0.09333333333333334,0.8,2.271293375394322,1.0,0.05224074074074075,3.23888888888889,0.6336477987421384,0.2485207100591716,0.6912521440823328,0.5324921135646687
"frozenset({'Question Type=Architecture', 'Business Capability=Hybrid connectivity and network foundation'})",frozenset({'Question Intent=Request presales guidance'}),0.17777777777777778,0.40444444444444444,0.09333333333333334,0.525,1.2980769230769231,1.0,0.021432098765432103,1.2538011695906435,0.27927927927927937,0.19090909090909092,0.20242537313432837,0.3778846153846154
frozenset({'Question Intent=Request presales guidance'}),"frozenset({'Question Type=Architecture', 'Business Capability=Hybrid connectivity and network foundation'})",0.40444444444444444,0.17777777777777778,0.09333333333333334,0.23076923076923078,1.2980769230769231,1.0,0.021432098765432103,1.068888888888889,0.3855721393034826,0.19090909090909092,0.06444906444906445,0.3778846153846154
frozenset({'Question Type=Architecture'}),"frozenset({'Question Intent=Request presales guidance', 'Business Capability=Hybrid connectivity and network foundation'})",0.3522222222222222,0.11666666666666667,0.09333333333333334,0.26498422712933756,2.271293375394322,1.0,0.05224074074074075,1.201788268955651,0.864065180102916,0.2485207100591716,0.16790667222189157,0.5324921135646687
frozenset({'Business Capability=Hybrid connectivity and network foundation'}),"frozenset({'Question Intent=Request presales guidance', 'Question Type=Architecture'})",0.23,0.17,0.09333333333333334,0.4057971014492754,2.3870417732310316,1.0,0.054233333333333335,1.3968292682926828,0.7546382189239331,0.3043478260869565,0.28409289331237997,0.4774083546462063
"frozenset({'Question Type=Architecture', 'Question Intent=Determine implementation approach'})",frozenset({'Knowledge Gap=Public Documentation | Architecture Blueprint | Methodology | SME'}),0.09,0.45666666666666667,0.08888888888888889,0.9876543209876544,2.1627466882941335,1.0,0.047788888888888895,44.0100000000002,0.5907967032967033,0.19417475728155342,0.9772778913883209,0.5911507614670632
"frozenset({'Question Type=Architecture', 'Knowledge Gap=Public Documentation | Architecture Blueprint | Methodology | SME'})",frozenset({'Question Intent=Determine implementation approach'}),0.2811111111111111,0.24444444444444444,0.08888888888888889,0.316205533596838,1.2935680919870647,1.0,0.02017283950617285,1.1049454078355814,0.3156877897990728,0.20356234096692113,0.09497791211346208,0.3399209486166008
"frozenset({'Question Intent=Determine implementation approach', 'Knowledge Gap=Public Documentation | Architecture Blueprint | Methodology | SME'})",frozenset({'Question Type=Architecture'}),0.13,0.3522222222222222,0.08888888888888889,0.6837606837606838,1.9412763892259162,1.0,0.0431,2.0483783783783784,0.5573275862068965,0.22598870056497178,0.5118089457712099,0.4680633071800264
frozenset({'Question Type=Architecture'}),"frozenset({'Question Intent=Determine implementation approach', 'Knowledge Gap=Public Documentation | Architecture Blueprint | Methodology | SME'})",0.3522222222222222,0.13,0.08888888888888889,0.2523659305993691,1.9412763892259164,1.0,0.0431,1.1636708860759493,0.7485205831903945,0.22598870056497178,0.1406504949418036,0.4680633071800264
frozenset({'Question Intent=Determine implementation approach'}),"frozenset({'Question Type=Architecture', 'Knowledge Gap=Public Documentation | Architecture Blueprint | Methodology | SME'})",0.24444444444444444,0.2811111111111111,0.08888888888888889,0.36363636363636365,1.2935680919870645,1.0,0.02017283950617285,1.1296825396825398,0.3003676470588237,0.20356234096692113,0.11479555992693555,0.3399209486166008
frozenset({'Knowledge Gap=Public Documentation | Architecture Blueprint | Methodology | SME'}),"frozenset({'Question Type=Architecture', 'Question Intent=Determine implementation approach'})",0.45666666666666667,0.09,0.08888888888888889,0.19464720194647203,2.162746688294134,1.0,0.047788888888888895,1.1299395770392748,0.9894938650306749,0.19417475728155342,0.11499692521590334,0.5911507614670632
"frozenset({'Presales Category=Solution Architecture', 'Question Intent=Determine implementation approach'})",frozenset({'Knowledge Gap=Public Documentation | Architecture Blueprint | Methodology | SME'}),0.09666666666666666,0.45666666666666667,0.08777777777777777,0.9080459770114943,1.9884218474704254,1.0,0.04363333333333333,5.90875,0.5502825914335092,0.18854415274463007,0.8307594668923207,0.5501300444668177
"frozenset({'Presales Category=Solution Architecture', 'Knowledge Gap=Public Documentation | Architecture Blueprint | Methodology | SME'})",frozenset({'Question Intent=Determine implementation approach'}),0.31,0.24444444444444444,0.08777777777777777,0.2831541218637993,1.1583577712609971,1.0,0.011999999999999997,1.054,0.1981287837094111,0.1880952380952381,0.05123339658444025,0.32112251547735415
"frozenset({'Question Intent=Determine implementation approach', 'Knowledge Gap=Public Documentation | Architecture Blueprint | Methodology | SME'})",frozenset({'Presales Category=Solution Architecture'}),0.13,0.4588888888888889,0.08777777777777777,0.6752136752136751,1.4714099459862169,1.0,0.028122222222222215,1.666052631578947,0.3682525825694747,0.1751662971175166,0.39977886589796224,0.4332484840959417
frozenset({'Presales Category=Solution Architecture'}),"frozenset({'Question Intent=Determine implementation approach', 'Knowledge Gap=Public Documentation | Architecture Blueprint | Methodology | SME'})",0.4588888888888889,0.13,0.08777777777777777,0.19128329297820823,1.471409945986217,1.0,0.028122222222222215,1.0757784431137725,0.5920775608868556,0.1751662971175166,0.07044056664161866,0.4332484840959417
frozenset({'Question Intent=Determine implementation approach'}),"frozenset({'Presales Category=Solution Architecture', 'Knowledge Gap=Public Documentation | Architecture Blueprint | Methodology | SME'})",0.24444444444444444,0.31,0.08777777777777777,0.35909090909090907,1.158357771260997,1.0,0.011999999999999997,1.076595744680851,0.1809381980640357,0.1880952380952381,0.07114624505928852,0.32112251547735415
frozenset({'Knowledge Gap=Public Documentation | Architecture Blueprint | Methodology | SME'}),"frozenset({'Presales Category=Solution Architecture', 'Question Intent=Determine implementation approach'})",0.45666666666666667,0.09666666666666666,0.08777777777777777,0.1922141119221411,1.9884218474704254,1.0,0.04363333333333333,1.1182831325301203,0.9148870078434417,0.18854415274463007,0.1057720796186064,0.5501300444668177
"frozenset({'Presales Category=Solution Architecture', 'Question Type=Architecture'})",frozenset({'Question Complexity=Medium'}),0.3111111111111111,0.1811111111111111,0.08777777777777777,0.28214285714285714,1.5578439964943032,1.0,0.03143209876543209,1.1407407407407408,0.5198040016333196,0.21703296703296704,0.12337662337662338,0.38340271691498684
"frozenset({'Presales Category=Solution Architecture', 'Question Complexity=Medium'})",frozenset({'Question Type=Architecture'}),0.12,0.3522222222222222,0.08777777777777777,0.7314814814814815,2.0767613038906414,1.0,0.04551111111111111,2.4124137931034486,0.5891829689298045,0.22832369942196531,0.585477415666095,0.49034641897417924
"frozenset({'Question Type=Architecture', 'Question Complexity=Medium'})",frozenset({'Presales Category=Solution Architecture'}),0.10333333333333333,0.4588888888888889,0.08777777777777777,0.8494623655913979,1.8511286417245958,1.0,0.040359259259259254,3.59452380952381,0.5127758693708531,0.18501170960187355,0.7217990329204478,0.5203728292848031
frozenset({'Presales Category=Solution Architecture'}),"frozenset({'Question Type=Architecture', 'Question Complexity=Medium'})",0.4588888888888889,0.10333333333333333,0.08777777777777777,0.19128329297820823,1.8511286417245958,1.0,0.040359259259259254,1.10875249500998,0.8497127855898942,0.18501170960187355,0.09808545685302032,0.5203728292848031
frozenset({'Question Type=Architecture'}),"frozenset({'Presales Category=Solution Architecture', 'Question Complexity=Medium'})",0.3522222222222222,0.12,0.08777777777777777,0.24921135646687698,2.0767613038906414,1.0,0.04551111111111111,1.1721008403361344,0.8003995049612438,0.22832369942196531,0.1468310868941784,0.49034641897417924
frozenset({'Question Complexity=Medium'}),"frozenset({'Presales Category=Solution Architecture', 'Question Type=Architecture'})",0.1811111111111111,0.3111111111111111,0.08777777777777777,0.48466257668711654,1.5578439964943032,1.0,0.03143209876543209,1.3367724867724866,0.4372842347525891,0.21703296703296704,0.25192954680387886,0.38340271691498684
"frozenset({'Presales Category=Solution Architecture', 'Knowledge Gap=Public Documentation | Architecture Blueprint | Methodology | SME'})",frozenset({'Question Complexity=Medium'}),0.31,0.1811111111111111,0.08444444444444445,0.2724014336917563,1.504056995844053,1.0,0.028300000000000006,1.1254679802955665,0.4856979405034326,0.20765027322404372,0.1114807195693089,0.3693295512017064
"frozenset({'Question Complexity=Medium', 'Knowledge Gap=Public Documentation | Architecture Blueprint | Methodology | SME'})",frozenset({'Presales Category=Solution Architecture'}),0.10666666666666667,0.4588888888888889,0.08444444444444445,0.7916666666666666,1.725181598062954,1.0,0.0354962962962963,2.597333333333333,0.47054202670856243,0.17551963048498845,0.6149897330595482,0.48784301856335754
"frozenset({'Presales Category=Solution Architecture', 'Question Complexity=Medium'})",frozenset({'Knowledge Gap=Public Documentation | Architecture Blueprint | Methodology | SME'}),0.12,0.45666666666666667,0.08444444444444445,0.7037037037037037,1.5409570154095702,1.0,0.029644444444444452,1.8337500000000002,0.3989234449760766,0.17155756207674944,0.4546693933197001,0.44430927277642607
frozenset({'Knowledge Gap=Public Documentation | Architecture Blueprint | Methodology | SME'}),"frozenset({'Presales Category=Solution Architecture', 'Question Complexity=Medium'})",0.45666666666666667,0.12,0.08444444444444445,0.18491484184914841,1.5409570154095702,1.0,0.029644444444444452,1.0796417910447762,0.6461091378753634,0.17155756207674944,0.07376686573766866,0.44430927277642607
frozenset({'Presales Category=Solution Architecture'}),"frozenset({'Question Complexity=Medium', 'Knowledge Gap=Public Documentation | Architecture Blueprint | Methodology | SME'})",0.4588888888888889,0.10666666666666667,0.08444444444444445,0.18401937046004843,1.725181598062954,1.0,0.0354962962962963,1.0947972304648863,0.7768291364962715,0.17551963048498845,0.08658884752990495,0.48784301856335754
frozenset({'Question Complexity=Medium'}),"frozenset({'Presales Category=Solution Architecture', 'Knowledge Gap=Public Documentation | Architecture Blueprint | Methodology | SME'})",0.1811111111111111,0.31,0.08444444444444445,0.46625766871165647,1.504056995844053,1.0,0.028300000000000006,1.292758620689655,0.40925158894522606,0.20765027322404372,0.2264603894371833,0.3693295512017064
"frozenset({'Question Intent=Request presales guidance', 'Presales Category=Security & Compliance'})","frozenset({'Business Capability=Risk, compliance and identity control'})",0.09666666666666666,0.4166666666666667,0.08222222222222222,0.8505747126436782,2.0413793103448277,1.0,0.041944444444444444,3.903846153846155,0.564725241847013,0.1907216494845361,0.7438423645320199,0.5239540229885058
"frozenset({'Question Intent=Request presales guidance', 'Business Capability=Risk, compliance and identity control'})",frozenset({'Presales Category=Security & Compliance'}),0.16555555555555557,0.24666666666666667,0.08222222222222222,0.4966442953020134,2.013422818791946,1.0,0.041385185185185185,1.496622222222222,0.6031957390146471,0.2491582491582491,0.3318287105778939,0.41498881431767337
"frozenset({'Presales Category=Security & Compliance', 'Business Capability=Risk, compliance and identity control'})",frozenset({'Question Intent=Request presales guidance'}),0.1922222222222222,0.40444444444444444,0.08222222222222222,0.4277456647398844,1.05761290732389,1.0,0.004479012345679018,1.0407182940516275,0.06743745120636463,0.15982721382289417,0.039125183331895456,0.3155211840182939
frozenset({'Question Intent=Request presales guidance'}),"frozenset({'Presales Category=Security & Compliance', 'Business Capability=Risk, compliance and identity control'})",0.40444444444444444,0.1922222222222222,0.08222222222222222,0.2032967032967033,1.05761290732389,1.0,0.004479012345679018,1.0139003831417623,0.09146833400564754,0.15982721382289417,0.013709811508986211,0.3155211840182939
frozenset({'Presales Category=Security & Compliance'}),"frozenset({'Question Intent=Request presales guidance', 'Business Capability=Risk, compliance and identity control'})",0.24666666666666667,0.16555555555555557,0.08222222222222222,0.3333333333333333,2.013422818791946,1.0,0.041385185185185185,1.2516666666666665,0.668141592920354,0.2491582491582491,0.20106524633821568,0.41498881431767337
"frozenset({'Business Capability=Risk, compliance and identity control'})","frozenset({'Question Intent=Request presales guidance', 'Presales Category=Security & Compliance'})",0.4166666666666667,0.09666666666666666,0.08222222222222222,0.19733333333333333,2.0413793103448277,1.0,0.041944444444444444,1.1254152823920267,0.8745173745173747,0.1907216494845361,0.11143911439114391,0.5239540229885058
"frozenset({'Question Type=Architecture', 'Knowledge Gap=Public Documentation | Architecture Blueprint | Methodology | SME'})",frozenset({'Question Complexity=Medium'}),0.2811111111111111,0.1811111111111111,0.08222222222222222,0.29249011857707513,1.6149761148427462,1.0,0.03130987654320988,1.1574239602731224,0.5297004887422199,0.21637426900584797,0.13601235647132648,0.3732389243192124
"frozenset({'Question Complexity=Medium', 'Knowledge Gap=Public Documentation | Architecture Blueprint | Methodology | SME'})",frozenset({'Question Type=Architecture'}),0.10666666666666667,0.3522222222222222,0.08222222222222222,0.7708333333333333,2.1884858044164037,1.0,0.04465185185185185,2.8266666666666658,0.6079064138765632,0.2182890855457227,0.6462264150943395,0.5021359095688749
"frozenset({'Question Type=Architecture', 'Question Complexity=Medium'})",frozenset({'Knowledge Gap=Public Documentation | Architecture Blueprint | Methodology | SME'}),0.10333333333333333,0.45666666666666667,0.08222222222222222,0.7956989247311829,1.7424064045208385,1.0,0.03503333333333333,2.659473684210527,0.4751833618004621,0.17209302325581394,0.6239857510389869,0.48787379326583474
frozenset({'Knowledge Gap=Public Documentation | Architecture Blueprint | Methodology | SME'}),"frozenset({'Question Type=Architecture', 'Question Complexity=Medium'})",0.45666666666666667,0.10333333333333333,0.08222222222222222,0.18004866180048662,1.7424064045208383,1.0,0.03503333333333333,1.0935608308605342,0.7841983087381861,0.17209302325581394,0.08555612840202968,0.48787379326583474
frozenset({'Question Type=Architecture'}),"frozenset({'Question Complexity=Medium', 'Knowledge Gap=Public Documentation | Architecture Blueprint | Methodology | SME'})",0.3522222222222222,0.10666666666666667,0.08222222222222222,0.23343848580441642,2.1884858044164037,1.0,0.04465185185185185,1.1653772290809328,0.8383477817440081,0.2182890855457227,0.1419087527661378,0.5021359095688749
frozenset({'Question Complexity=Medium'}),"frozenset({'Question Type=Architecture', 'Knowledge Gap=Public Documentation | Architecture Blueprint | Methodology | SME'})",0.1811111111111111,0.2811111111111111,0.08222222222222222,0.4539877300613497,1.614976114842746,1.0,0.03130987654320988,1.3166167290886392,0.46501521874656204,0.21637426900584797,0.2404775224964679,0.3732389243192124
"frozenset({'Question Intent=Request presales guidance', 'Knowledge Gap=Public Documentation | Architecture Blueprint | Methodology | SME'})",frozenset({'Business Capability=Hybrid connectivity and network foundation'}),0.21333333333333335,0.23,0.0811111111111111,0.38020833333333326,1.653079710144927,1.0,0.03204444444444443,1.2423529411764704,0.5022057116322265,0.22392638036809814,0.19507575757575746,0.3664326690821256
"frozenset({'Question Intent=Request presales guidance', 'Business Capability=Hybrid connectivity and network foundation'})",frozenset({'Knowledge Gap=Public Documentation | Architecture Blueprint | Methodology | SME'}),0.11666666666666667,0.45666666666666667,0.0811111111111111,0.6952380952380952,1.5224191866527632,1.0,0.027833333333333328,1.7828125,0.3884724735073662,0.16478555304740405,0.43908851884312,0.43642683350712547
"frozenset({'Knowledge Gap=Public Documentation | Architecture Blueprint | Methodology | SME', 'Business Capability=Hybrid connectivity and network foundation'})",frozenset({'Question Intent=Request presales guidance'}),0.15888888888888889,0.40444444444444444,0.0811111111111111,0.5104895104895105,1.2621993391224162,1.0,0.016849382716049383,1.2166349206349207,0.24697345324912687,0.16820276497695852,0.17806074522492438,0.3555194805194805
frozenset({'Question Intent=Request presales guidance'}),"frozenset({'Knowledge Gap=Public Documentation | Architecture Blueprint | Methodology | SME', 'Business Capability=Hybrid connectivity and network foundation'})",0.40444444444444444,0.15888888888888889,0.0811111111111111,0.20054945054945053,1.262199339122416,1.0,0.016849382716049383,1.0521114929362352,0.3488039255775915,0.16820276497695852,0.049530390349412784,0.3555194805194805
frozenset({'Knowledge Gap=Public Documentation | Architecture Blueprint | Methodology | SME'}),"frozenset({'Question Intent=Request presales guidance', 'Business Capability=Hybrid connectivity and network foundation'})",0.45666666666666667,0.11666666666666667,0.0811111111111111,0.1776155717761557,1.522419186652763,1.0,0.027833333333333328,1.0741124260355028,0.6315656777880493,0.16478555304740405,0.06899876050130833,0.43642683350712547
frozenset({'Business Capability=Hybrid connectivity and network foundation'}),"frozenset({'Question Intent=Request presales guidance', 'Knowledge Gap=Public Documentation | Architecture Blueprint | Methodology | SME'})",0.23,0.21333333333333335,0.0811111111111111,0.35265700483091783,1.6530797101449273,1.0,0.03204444444444443,1.2152238805970148,0.5130759651307595,0.22392638036809814,0.17710636207320063,0.3664326690821256
"frozenset({'Presales Category=Solution Architecture', 'Question Type=Architecture'})",frozenset({'Question Intent=Determine implementation approach'}),0.3111111111111111,0.24444444444444444,0.0811111111111111,0.2607142857142857,1.0665584415584415,1.0,0.005061728395061721,1.0220075147611378,0.09058771542200605,0.17096018735362997,0.021533613445378113,0.29626623376623373
"frozenset({'Presales Category=Solution Architecture', 'Question Intent=Determine implementation approach'})",frozenset({'Question Type=Architecture'}),0.09666666666666666,0.3522222222222222,0.0811111111111111,0.8390804597701149,2.382247362123355,1.0,0.04706296296296296,4.02547619047619,0.6423191629176566,0.22054380664652568,0.7515821848938309,0.5346821857210196
"frozenset({'Question Type=Architecture', 'Question Intent=Determine implementation approach'})",frozenset({'Presales Category=Solution Architecture'}),0.09,0.4588888888888889,0.0811111111111111,0.9012345679012346,1.9639494215765403,1.0,0.03981111111111111,5.47875,0.5393647448441969,0.17339667458432304,0.8174766141911932,0.5389950079215616
frozenset({'Presales Category=Solution Architecture'}),"frozenset({'Question Type=Architecture', 'Question Intent=Determine implementation approach'})",0.4588888888888889,0.09,0.0811111111111111,0.1767554479418886,1.96394942157654,1.0,0.03981111111111111,1.1053823529411764,0.9070630924587213,0.17339667458432304,0.09533565707899846,0.5389950079215616
frozenset({'Question Type=Architecture'}),"frozenset({'Presales Category=Solution Architecture', 'Question Intent=Determine implementation approach'})",0.3522222222222222,0.09666666666666666,0.0811111111111111,0.23028391167192427,2.3822473621233544,1.0,0.04706296296296296,1.1735928961748634,0.895721234051552,0.22054380664652568,0.14791576937851397,0.5346821857210196
frozenset({'Question Intent=Determine implementation approach'}),"frozenset({'Presales Category=Solution Architecture', 'Question Type=Architecture'})",0.24444444444444444,0.3111111111111111,0.0811111111111111,0.3318181818181818,1.0665584415584415,1.0,0.005061728395061721,1.0309901738473166,0.08259468170829964,0.17096018735362997,0.030058651026392914,0.29626623376623373
"frozenset({'Question Intent=Understand capability / terminology', 'Business Capability=Risk, compliance and identity control'})",frozenset({'Question Complexity=High'}),0.08,0.7666666666666667,0.08,1.0,1.3043478260869565,1.0,0.018666666666666665,inf,0.25362318840579706,0.10434782608695652,1.0,0.5521739130434783
"frozenset({'Question Complexity=High', 'Business Capability=Risk, compliance and identity control'})",frozenset({'Question Intent=Understand capability / terminology'}),0.4166666666666667,0.20555555555555555,0.08,0.192,0.9340540540540541,1.0,-0.005648148148148152,0.9832233223322332,-0.1079646017699116,0.14754098360655737,-0.017062937062937045,0.2905945945945946
"frozenset({'Question Intent=Understand capability / terminology', 'Question Complexity=High'})","frozenset({'Business Capability=Risk, compliance and identity control'})",0.16111111111111112,0.4166666666666667,0.08,0.496551724137931,1.1917241379310344,1.0,0.012870370370370365,1.1586757990867578,0.19177704194260478,0.1607142857142857,0.13694581280788173,0.34427586206896554
"frozenset({'Business Capability=Risk, compliance and identity control'})","frozenset({'Question Intent=Understand capability / terminology', 'Question Complexity=High'})",0.4166666666666667,0.16111111111111112,0.08,0.192,1.1917241379310344,1.0,0.012870370370370365,1.0382288228822882,0.2757936507936507,0.1607142857142857,0.03682119205298012,0.34427586206896554
frozenset({'Question Intent=Understand capability / terminology'}),"frozenset({'Question Complexity=High', 'Business Capability=Risk, compliance and identity control'})",0.20555555555555555,0.4166666666666667,0.08,0.3891891891891892,0.9340540540540541,1.0,-0.005648148148148152,0.9550147492625368,-0.08161626973508168,0.14754098360655737,-0.047104247104247106,0.2905945945945946
frozenset({'Question Complexity=High'}),"frozenset({'Question Intent=Understand capability / terminology', 'Business Capability=Risk, compliance and identity control'})",0.7666666666666667,0.08,0.08,0.10434782608695652,1.3043478260869563,1.0,0.018666666666666665,1.0271844660194174,1.0000000000000002,0.10434782608695652,0.026465028355387516,0.5521739130434783
"frozenset({'Question Intent=Request presales guidance', 'Knowledge Gap=Public Documentation | Governance Framework | Risk Register | SME'})",frozenset({'Question Complexity=High'}),0.08333333333333333,0.7666666666666667,0.08,0.9600000000000001,1.2521739130434784,1.0,0.016111111111111118,5.833333333333343,0.21969696969696978,0.10389610389610388,0.8285714285714288,0.5321739130434783
"frozenset({'Question Intent=Request presales guidance', 'Question Complexity=High'})",frozenset({'Knowledge Gap=Public Documentation | Governance Framework | Risk Register | SME'}),0.3,0.2111111111111111,0.08,0.26666666666666666,1.263157894736842,1.0,0.016666666666666677,1.0757575757575757,0.29761904761904784,0.18556701030927839,0.07042253521126761,0.32280701754385965
"frozenset({'Knowledge Gap=Public Documentation | Governance Framework | Risk Register | SME', 'Question Complexity=High'})",frozenset({'Question Intent=Request presales guidance'}),0.20222222222222222,0.40444444444444444,0.08,0.39560439560439564,0.9781427363844948,1.0,-0.0017876543209876528,0.9853737373737376,-0.02724672587686284,0.15189873417721517,-0.014843365589634174,0.29670329670329676
frozenset({'Question Intent=Request presales guidance'}),"frozenset({'Knowledge Gap=Public Documentation | Governance Framework | Risk Register | SME', 'Question Complexity=High'})",0.40444444444444444,0.20222222222222222,0.08,0.19780219780219782,0.9781427363844948,1.0,-0.0017876543209876528,0.9944901065449011,-0.03616383616383614,0.15189873417721517,-0.0055404205822032855,0.29670329670329676
frozenset({'Knowledge Gap=Public Documentation | Governance Framework | Risk Register | SME'}),"frozenset({'Question Intent=Request presales guidance', 'Question Complexity=High'})",0.2111111111111111,0.3,0.08,0.37894736842105264,1.2631578947368423,1.0,0.016666666666666677,1.1271186440677967,0.2640845070422537,0.18556701030927839,0.11278195488721808,0.32280701754385965
frozenset({'Question Complexity=High'}),"frozenset({'Question Intent=Request presales guidance', 'Knowledge Gap=Public Documentation | Governance Framework | Risk Register | SME'})",0.7666666666666667,0.08333333333333333,0.08,0.10434782608695652,1.2521739130434784,1.0,0.016111111111111118,1.0234627831715208,0.8630952380952387,0.10389610389610388,0.02292490118577075,0.5321739130434783
"frozenset({'Knowledge Gap=Public Documentation | Governance Framework | Risk Register | SME', 'Question Type=Governance / Security'})","frozenset({'Business Capability=Risk, compliance and identity control'})",0.1,0.4166666666666667,0.07777777777777778,0.7777777777777778,1.8666666666666667,1.0,0.03611111111111111,2.625,0.5158730158730158,0.1772151898734177,0.6190476190476191,0.4822222222222222
"frozenset({'Business Capability=Risk, compliance and identity control', 'Question Type=Governance / Security'})",frozenset({'Knowledge Gap=Public Documentation | Governance Framework | Risk Register | SME'}),0.10222222222222223,0.2111111111111111,0.07777777777777778,0.7608695652173912,3.6041189931350113,1.0,0.05619753086419753,3.298989898989898,0.8048090523338048,0.330188679245283,0.696876913655848,0.5646453089244851
"frozenset({'Knowledge Gap=Public Documentation | Governance Framework | Risk Register | SME', 'Business Capability=Risk, compliance and identity control'})",frozenset({'Question Type=Governance / Security'}),0.12111111111111111,0.13666666666666666,0.07777777777777778,0.6422018348623854,4.699037816066235,1.0,0.06122592592592593,2.412905982905983,0.8956655228463067,0.4320987654320988,0.5855619708830719,0.605653762959648
frozenset({'Question Type=Governance / Security'}),"frozenset({'Knowledge Gap=Public Documentation | Governance Framework | Risk Register | SME', 'Business Capability=Risk, compliance and identity control'})",0.13666666666666666,0.12111111111111111,0.07777777777777778,0.5691056910569107,4.699037816066235,1.0,0.06122592592592593,2.0396855345911953,0.9118036403750689,0.4320987654320988,0.5097283463352966,0.605653762959648
frozenset({'Knowledge Gap=Public Documentation | Governance Framework | Risk Register | SME'}),"frozenset({'Business Capability=Risk, compliance and identity control', 'Question Type=Governance / Security'})",0.2111111111111111,0.10222222222222223,0.07777777777777778,0.3684210526315789,3.604118993135011,1.0,0.05619753086419753,1.4214814814814816,0.9158953722334003,0.330188679245283,0.2965085982282439,0.5646453089244851
"frozenset({'Business Capability=Risk, compliance and identity control'})","frozenset({'Knowledge Gap=Public Documentation | Governance Framework | Risk Register | SME', 'Question Type=Governance / Security'})",0.4166666666666667,0.1,0.07777777777777778,0.18666666666666668,1.8666666666666667,1.0,0.03611111111111111,1.1065573770491803,0.7959183673469388,0.1772151898734177,0.0962962962962963,0.4822222222222222
"frozenset({'Question Type=Best Practice', 'Business Capability=Risk, compliance and identity control'})",frozenset({'Question Complexity=High'}),0.07777777777777778,0.7666666666666667,0.07777777777777778,1.0,1.3043478260869565,1.0,0.018148148148148142,inf,0.253012048192771,0.10144927536231882,1.0,0.5507246376811594
"frozenset({'Question Type=Best Practice', 'Question Complexity=High'})","frozenset({'Business Capability=Risk, compliance and identity control'})",0.12,0.4166666666666667,0.07777777777777778,0.6481481481481481,1.5555555555555554,1.0,0.027777777777777776,1.657894736842105,0.4058441558441558,0.16949152542372883,0.3968253968253968,0.4174074074074074
"frozenset({'Question Complexity=High', 'Business Capability=Risk, compliance and identity control'})",frozenset({'Question Type=Best Practice'}),0.4166666666666667,0.15,0.07777777777777778,0.18666666666666668,1.2444444444444445,1.0,0.015277777777777779,1.0450819672131146,0.33673469387755106,0.1590909090909091,0.043137254901960805,0.3525925925925926
frozenset({'Question Type=Best Practice'}),"frozenset({'Question Complexity=High', 'Business Capability=Risk, compliance and identity control'})",0.15,0.4166666666666667,0.07777777777777778,0.5185185185185186,1.2444444444444447,1.0,0.015277777777777779,1.2115384615384617,0.23109243697478996,0.1590909090909091,0.17460317460317473,0.3525925925925926
"frozenset({'Business Capability=Risk, compliance and identity control'})","frozenset({'Question Type=Best Practice', 'Question Complexity=High'})",0.4166666666666667,0.12,0.07777777777777778,0.18666666666666668,1.5555555555555556,1.0,0.027777777777777776,1.081967213114754,0.6122448979591837,0.16949152542372883,0.07575757575757577,0.4174074074074074
frozenset({'Question Complexity=High'}),"frozenset({'Question Type=Best Practice', 'Business Capability=Risk, compliance and identity control'})",0.7666666666666667,0.07777777777777778,0.07777777777777778,0.10144927536231883,1.3043478260869563,1.0,0.018148148148148142,1.0263440860215054,0.9999999999999998,0.10144927536231882,0.025667888947092706,0.5507246376811594
"frozenset({'Question Type=Commercial / Pricing', 'Business Capability=Risk, compliance and identity control'})",frozenset({'Question Complexity=High'}),0.07444444444444444,0.7666666666666667,0.07444444444444444,1.0,1.3043478260869565,1.0,0.017370370370370362,inf,0.2521008403361344,0.09710144927536231,1.0,0.5485507246376812
"frozenset({'Question Type=Commercial / Pricing', 'Question Complexity=High'})","frozenset({'Business Capability=Risk, compliance and identity control'})",0.14666666666666667,0.4166666666666667,0.07444444444444444,0.5075757575757576,1.218181818181818,1.0,0.013333333333333322,1.1846153846153844,0.20988805970149238,0.15227272727272725,0.1558441558441558,0.3431212121212121
"frozenset({'Question Complexity=High', 'Business Capability=Risk, compliance and identity control'})",frozenset({'Question Type=Commercial / Pricing'}),0.4166666666666667,0.19333333333333333,0.07444444444444444,0.17866666666666664,0.9241379310344826,1.0,-0.006111111111111123,0.9821428571428571,-0.12336448598130864,0.13900414937759334,-0.01818181818181821,0.28186206896551724
frozenset({'Question Type=Commercial / Pricing'}),"frozenset({'Question Complexity=High', 'Business Capability=Risk, compliance and identity control'})",0.19333333333333333,0.4166666666666667,0.07444444444444444,0.3850574712643678,0.9241379310344826,1.0,-0.006111111111111123,0.9485981308411212,-0.09236453201970461,0.13900414937759334,-0.05418719211822669,0.28186206896551724
"frozenset({'Business Capability=Risk, compliance and identity control'})","frozenset({'Question Type=Commercial / Pricing', 'Question Complexity=High'})",0.4166666666666667,0.14666666666666667,0.07444444444444444,0.17866666666666664,1.218181818181818,1.0,0.013333333333333322,1.0389610389610389,0.3070362473347546,0.15227272727272725,0.03749999999999997,0.3431212121212121
frozenset({'Question Complexity=High'}),"frozenset({'Question Type=Commercial / Pricing', 'Business Capability=Risk, compliance and identity control'})",0.7666666666666667,0.07444444444444444,0.07444444444444444,0.09710144927536231,1.3043478260869565,1.0,0.017370370370370362,1.0250936329588016,0.9999999999999998,0.09710144927536231,0.02447935696017537,0.5485507246376812
"frozenset({'Presales Category=Solution Architecture', 'Question Intent=Understand capability / terminology'})",frozenset({'Question Complexity=High'}),0.1111111111111111,0.7666666666666667,0.07444444444444444,0.6699999999999999,0.8739130434782607,1.0,-0.010740740740740745,0.7070707070707067,-0.13964686998394868,0.09266943291839556,-0.4142857142857149,0.38355072463768114
"frozenset({'Presales Category=Solution Architecture', 'Question Complexity=High'})",frozenset({'Question Intent=Understand capability / terminology'}),0.3055555555555556,0.20555555555555555,0.07444444444444444,0.2436363636363636,1.1852579852579852,1.0,0.0116358024691358,1.0503472222222223,0.22507462686567162,0.17048346055979643,0.047933884297520615,0.30289926289926283
"frozenset({'Question Intent=Understand capability / terminology', 'Question Complexity=High'})",frozenset({'Presales Category=Solution Architecture'}),0.16111111111111112,0.4588888888888889,0.07444444444444444,0.4620689655172413,1.0069299490690489,1.0,0.0005123456790123299,1.0059116809116808,0.008204013047345799,0.13645621181262726,0.00587693832755064,0.31214828421140517
frozenset({'Presales Category=Solution Architecture'}),"frozenset({'Question Intent=Understand capability / terminology', 'Question Complexity=High'})",0.4588888888888889,0.16111111111111112,0.07444444444444444,0.16222760290556898,1.0069299490690489,1.0,0.0005123456790123299,1.0013326910725753,0.012718747126788662,0.13645621181262726,0.0013309173708769167,0.31214828421140517
frozenset({'Question Intent=Understand capability / terminology'}),"frozenset({'Presales Category=Solution Architecture', 'Question Complexity=High'})",0.20555555555555555,0.3055555555555556,0.07444444444444444,0.3621621621621621,1.185257985257985,1.0,0.0116358024691358,1.0887476459510357,0.19674355495251014,0.17048346055979643,0.08151351351351344,0.30289926289926283
frozenset({'Question Complexity=High'}),"frozenset({'Presales Category=Solution Architecture', 'Question Intent=Understand capability / terminology'})",0.7666666666666667,0.1111111111111111,0.07444444444444444,0.09710144927536231,0.8739130434782608,1.0,-0.010740740740740745,0.9844836811128945,-0.3820816864295126,0.09266943291839556,-0.015760869565217397,0.38355072463768114
"frozenset({'Question Type=Best Practice', 'Knowledge Gap=Public Documentation | Architecture Blueprint | Methodology | SME'})",frozenset({'Question Complexity=High'}),0.09555555555555556,0.7666666666666667,0.07333333333333333,0.7674418604651162,1.0010111223458036,1.0,7.407407407405975e-05,1.0033333333333327,0.0011168192986372645,0.09295774647887324,0.0033222591362120604,0.43154701718907984
"frozenset({'Question Type=Best Practice', 'Question Complexity=High'})",frozenset({'Knowledge Gap=Public Documentation | Architecture Blueprint | Methodology | SME'}),0.12,0.45666666666666667,0.07333333333333333,0.6111111111111112,1.3381995133819953,1.0,0.01853333333333334,1.3971428571428572,0.2871900826446282,0.14569536423841062,0.28425357873210644,0.3858475263584753
"frozenset({'Knowledge Gap=Public Documentation | Architecture Blueprint | Methodology | SME', 'Question Complexity=High'})",frozenset({'Question Type=Best Practice'}),0.33,0.15,0.07333333333333333,0.2222222222222222,1.4814814814814814,1.0,0.02383333333333333,1.0928571428571427,0.48507462686567165,0.18032786885245905,0.0849673202614379,0.35555555555555557
frozenset({'Question Type=Best Practice'}),"frozenset({'Knowledge Gap=Public Documentation | Architecture Blueprint | Methodology | SME', 'Question Complexity=High'})",0.15,0.33,0.07333333333333333,0.48888888888888893,1.4814814814814816,1.0,0.02383333333333333,1.3108695652173912,0.38235294117647056,0.18032786885245905,0.23714759535655064,0.35555555555555557
frozenset({'Knowledge Gap=Public Documentation | Architecture Blueprint | Methodology | SME'}),"frozenset({'Question Type=Best Practice', 'Question Complexity=High'})",0.45666666666666667,0.12,0.07333333333333333,0.16058394160583941,1.3381995133819953,1.0,0.01853333333333334,1.0483478260869565,0.4651422197434469,0.14569536423841062,0.04611811546118116,0.3858475263584753
frozenset({'Question Complexity=High'}),"frozenset({'Question Type=Best Practice', 'Knowledge Gap=Public Documentation | Architecture Blueprint | Methodology | SME'})",0.7666666666666667,0.09555555555555556,0.07333333333333333,0.09565217391304347,1.0010111223458036,1.0,7.407407407405975e-05,1.0001068376068376,0.004329004329003493,0.09295774647887324,0.0001068261937826982,0.43154701718907984
"frozenset({'Presales Category=Migration Assessment', 'Knowledge Gap=Public Documentation | Architecture Blueprint | Methodology | SME'})",frozenset({'Question Complexity=High'}),0.09222222222222222,0.7666666666666667,0.07222222222222222,0.7831325301204819,1.0214772132006285,1.0,0.0015185185185185024,1.0759259259259255,0.023161660860559027,0.09180790960451976,0.0705679862306365,0.43866771433560325
"frozenset({'Knowledge Gap=Public Documentation | Architecture Blueprint | Methodology | SME', 'Question Complexity=High'})",frozenset({'Presales Category=Migration Assessment'}),0.33,0.11888888888888889,0.07222222222222222,0.21885521885521883,1.8408382894364201,1.0,0.03298888888888888,1.1279741379310344,0.6817451205510907,0.191740412979351,0.11345485115976917,0.41316592718461875
"frozenset({'Presales Category=Migration Assessment', 'Question Complexity=High'})",frozenset({'Knowledge Gap=Public Documentation | Architecture Blueprint | Methodology | SME'}),0.09555555555555556,0.45666666666666667,0.07222222222222222,0.755813953488372,1.6550670514343913,1.0,0.02858518518518518,2.225079365079364,0.43761103761103753,0.15046296296296297,0.5505778285062061,0.45698240253494027
frozenset({'Knowledge Gap=Public Documentation | Architecture Blueprint | Methodology | SME'}),"frozenset({'Presales Category=Migration Assessment', 'Question Complexity=High'})",0.45666666666666667,0.09555555555555556,0.07222222222222222,0.1581508515815085,1.655067051434391,1.0,0.02858518518518518,1.0743545279383429,0.7284568192543652,0.15046296296296297,0.06920855825965312,0.45698240253494027
frozenset({'Presales Category=Migration Assessment'}),"frozenset({'Knowledge Gap=Public Documentation | Architecture Blueprint | Methodology | SME', 'Question Complexity=High'})",0.11888888888888889,0.33,0.07222222222222222,0.6074766355140186,1.8408382894364201,1.0,0.03298888888888888,1.7069047619047615,0.5184013968377146,0.191740412979351,0.41414423211047563,0.41316592718461875
frozenset({'Question Complexity=High'}),"frozenset({'Presales Category=Migration Assessment', 'Knowledge Gap=Public Documentation | Architecture Blueprint | Methodology | SME'})",0.7666666666666667,0.09222222222222222,0.07222222222222222,0.09420289855072463,1.0214772132006285,1.0,0.0015185185185185024,1.0021866666666666,0.09010989010988918,0.09180790960451976,0.0021818955883135443,0.43866771433560325
"frozenset({'Question Intent=Determine implementation approach', 'Presales Category=Security & Compliance'})",frozenset({'Question Complexity=High'}),0.07222222222222222,0.7666666666666667,0.07222222222222222,1.0,1.3043478260869565,1.0,0.016851851851851847,inf,0.2514970059880239,0.09420289855072463,1.0,0.5471014492753623
"frozenset({'Question Intent=Determine implementation approach', 'Question Complexity=High'})",frozenset({'Presales Category=Security & Compliance'}),0.1922222222222222,0.24666666666666667,0.07222222222222222,0.37572254335260113,1.5231995000781127,1.0,0.024807407407407403,1.2067283950617282,0.425224843931859,0.19696969696969693,0.17131311064504576,0.33425766807269697
"frozenset({'Presales Category=Security & Compliance', 'Question Complexity=High'})",frozenset({'Question Intent=Determine implementation approach'}),0.24666666666666667,0.24444444444444444,0.07222222222222222,0.29279279279279274,1.1977886977886976,1.0,0.011925925925925916,1.068365180467091,0.2191967324710686,0.17241379310344826,0.06399046104928453,0.29412366912366905
frozenset({'Question Intent=Determine implementation approach'}),"frozenset({'Presales Category=Security & Compliance', 'Question Complexity=High'})",0.24444444444444444,0.24666666666666667,0.07222222222222222,0.2954545454545454,1.1977886977886976,1.0,0.011925925925925916,1.0692473118279568,0.21855203619909486,0.17241379310344826,0.06476267095736116,0.29412366912366905
frozenset({'Presales Category=Security & Compliance'}),"frozenset({'Question Intent=Determine implementation approach', 'Question Complexity=High'})",0.24666666666666667,0.1922222222222222,0.07222222222222222,0.29279279279279274,1.5231995000781127,1.0,0.024807407407407403,1.142208067940552,0.45595643294758337,0.19696969696969693,0.12450276961968841,0.33425766807269697
frozenset({'Question Complexity=High'}),"frozenset({'Question Intent=Determine implementation approach', 'Presales Category=Security & Compliance'})",0.7666666666666667,0.07222222222222222,0.07222222222222222,0.09420289855072463,1.3043478260869565,1.0,0.016851851851851847,1.0242666666666667,1.0,0.09420289855072463,0.0236917469409008,0.5471014492753623
"frozenset({'Question Intent=Request presales guidance', 'Knowledge Gap=Public Documentation | Architecture Blueprint | Methodology | SME'})","frozenset({'Business Capability=Risk, compliance and identity control'})",0.21333333333333335,0.4166666666666667,0.07,0.328125,0.7875,1.0,-0.018888888888888886,0.8682170542635658,-0.25540865384615374,0.125,-0.15178571428571433,0.24806250000000002
"frozenset({'Question Intent=Request presales guidance', 'Business Capability=Risk, compliance and identity control'})",frozenset({'Knowledge Gap=Public Documentation | Architecture Blueprint | Methodology | SME'}),0.16555555555555557,0.45666666666666667,0.07,0.4228187919463087,0.9258805663057855,1.0,-0.005603703703703708,0.9413565891472867,-0.08753760703540854,0.12676056338028172,-0.06229670193930909,0.2880517317395777
"frozenset({'Knowledge Gap=Public Documentation | Architecture Blueprint | Methodology | SME', 'Business Capability=Risk, compliance and identity control'})",frozenset({'Question Intent=Request presales guidance'}),0.1711111111111111,0.40444444444444444,0.07,0.40909090909090917,1.0114885114885117,1.0,0.0007950617283950662,1.007863247863248,0.013702710753649167,0.13846153846153847,0.007801899592944511,0.29108391608391615
frozenset({'Question Intent=Request presales guidance'}),"frozenset({'Knowledge Gap=Public Documentation | Architecture Blueprint | Methodology | SME', 'Business Capability=Risk, compliance and identity control'})",0.40444444444444444,0.1711111111111111,0.07,0.1730769230769231,1.0114885114885117,1.0,0.0007950617283950662,1.0023772609819122,0.019071310116086336,0.13846153846153847,0.002371623015054689,0.29108391608391615
frozenset({'Knowledge Gap=Public Documentation | Architecture Blueprint | Methodology | SME'}),"frozenset({'Question Intent=Request presales guidance', 'Business Capability=Risk, compliance and identity control'})",0.45666666666666667,0.16555555555555557,0.07,0.15328467153284672,0.9258805663057855,1.0,-0.005603703703703708,0.985507662835249,-0.1284162281446275,0.12676056338028172,-0.014705453555842823,0.2880517317395777
"frozenset({'Business Capability=Risk, compliance and identity control'})","frozenset({'Question Intent=Request presales guidance', 'Knowledge Gap=Public Documentation | Architecture Blueprint | Methodology | SME'})",0.4166666666666667,0.21333333333333335,0.07,0.168,0.7875,1.0,-0.018888888888888886,0.9455128205128205,-0.3162790697674418,0.125,-0.057627118644067804,0.24806250000000002
"frozenset({'Question Intent=Determine implementation approach', 'Knowledge Gap=Public Documentation | Governance Framework | Risk Register | SME'})",frozenset({'Question Complexity=High'}),0.07333333333333333,0.7666666666666667,0.06888888888888889,0.9393939393939393,1.2252964426877468,1.0,0.01266666666666666,3.8499999999999956,0.19842190763518205,0.08933717579250719,0.74025974025974,0.5146245059288537
"frozenset({'Question Intent=Determine implementation approach', 'Question Complexity=High'})",frozenset({'Knowledge Gap=Public Documentation | Governance Framework | Risk Register | SME'}),0.1922222222222222,0.2111111111111111,0.06888888888888889,0.35838150289017345,1.6975965926376637,1.0,0.028308641975308642,1.2295295295295297,0.5087189954297378,0.20598006644518274,0.1866807783114875,0.34234864618192884
"frozenset({'Knowledge Gap=Public Documentation | Governance Framework | Risk Register | SME', 'Question Complexity=High'})",frozenset({'Question Intent=Determine implementation approach'}),0.20222222222222222,0.24444444444444444,0.06888888888888889,0.34065934065934067,1.3936063936063936,1.0,0.019456790123456795,1.145925925925926,0.35403001168119336,0.18235294117647058,0.12734324499030383,0.31123876123876126
frozenset({'Question Intent=Determine implementation approach'}),"frozenset({'Knowledge Gap=Public Documentation | Governance Framework | Risk Register | SME', 'Question Complexity=High'})",0.24444444444444444,0.20222222222222222,0.06888888888888889,0.2818181818181818,1.3936063936063936,1.0,0.019456790123456795,1.110829817158931,0.3738140417457307,0.18235294117647058,0.09977209420106353,0.31123876123876126
frozenset({'Knowledge Gap=Public Documentation | Governance Framework | Risk Register | SME'}),"frozenset({'Question Intent=Determine implementation approach', 'Question Complexity=High'})",0.2111111111111111,0.1922222222222222,0.06888888888888889,0.3263157894736842,1.6975965926376637,1.0,0.028308641975308642,1.199045138888889,0.5208995910949569,0.20598006644518274,0.16600304061391447,0.34234864618192884
frozenset({'Question Complexity=High'}),"frozenset({'Question Intent=Determine implementation approach', 'Knowledge Gap=Public Documentation | Governance Framework | Risk Register | SME'})",0.7666666666666667,0.07333333333333333,0.06888888888888889,0.08985507246376812,1.225296442687747,1.0,0.01266666666666666,1.0181528662420383,0.7880184331797232,0.08933717579250719,0.0178292148889584,0.5146245059288537
"frozenset({'Presales Category=Solution Architecture', 'Question Type=Architecture'})",frozenset({'Question Intent=Understand capability / terminology'}),0.3111111111111111,0.20555555555555555,0.06888888888888889,0.22142857142857142,1.0772200772200773,1.0,0.004938271604938274,1.020387359836901,0.10405827263267435,0.15384615384615385,0.019980019980019977,0.2782818532818533
"frozenset({'Presales Category=Solution Architecture', 'Question Intent=Understand capability / terminology'})",frozenset({'Question Type=Architecture'}),0.1111111111111111,0.3522222222222222,0.06888888888888889,0.62,1.7602523659305993,1.0,0.02975308641975309,1.7046783625730995,0.48588709677419367,0.17464788732394368,0.41337907375643224,0.4077917981072555
"frozenset({'Question Type=Architecture', 'Question Intent=Understand capability / terminology'})",frozenset({'Presales Category=Solution Architecture'}),0.07111111111111111,0.4588888888888889,0.06888888888888889,0.96875,2.111077481840194,1.0,0.03625679012345679,17.315555555555555,0.5665997839172713,0.1493975903614458,0.9422484599589322,0.5594355326876513
frozenset({'Presales Category=Solution Architecture'}),"frozenset({'Question Type=Architecture', 'Question Intent=Understand capability / terminology'})",0.4588888888888889,0.07111111111111111,0.06888888888888889,0.15012106537530265,2.1110774818401934,1.0,0.03625679012345679,1.092966128521684,0.9726435715705107,0.1493975903614458,0.08505856320307702,0.5594355326876513
frozenset({'Question Type=Architecture'}),"frozenset({'Presales Category=Solution Architecture', 'Question Intent=Understand capability / terminology'})",0.3522222222222222,0.1111111111111111,0.06888888888888889,0.19558359621451105,1.7602523659305995,1.0,0.02975308641975309,1.1050108932461873,0.6667404415426327,0.17464788732394368,0.09503154574132494,0.4077917981072555
frozenset({'Question Intent=Understand capability / terminology'}),"frozenset({'Presales Category=Solution Architecture', 'Question Type=Architecture'})",0.20555555555555555,0.3111111111111111,0.06888888888888889,0.33513513513513515,1.0772200772200773,1.0,0.004938271604938274,1.0361336946702802,0.09023234829686447,0.15384615384615385,0.034873583260680054,0.2782818532818533
"frozenset({'Knowledge Gap=Public Documentation | Commercial Model | Pricing Template | SME', 'Business Capability=Risk, compliance and identity control'})",frozenset({'Question Complexity=High'}),0.06777777777777778,0.7666666666666667,0.06777777777777778,1.0,1.3043478260869565,1.0,0.01581481481481481,inf,0.2502979737783074,0.08840579710144927,1.0,0.5442028985507247
"frozenset({'Question Complexity=High', 'Business Capability=Risk, compliance and identity control'})",frozenset({'Knowledge Gap=Public Documentation | Commercial Model | Pricing Template | SME'}),0.4166666666666667,0.17,0.06777777777777778,0.16266666666666668,0.9568627450980393,1.0,-0.0030555555555555614,0.9912420382165605,-0.07173913043478274,0.13062098501070665,-0.008835341365461845,0.2806797385620915
"frozenset({'Knowledge Gap=Public Documentation | Commercial Model | Pricing Template | SME', 'Question Complexity=High'})","frozenset({'Business Capability=Risk, compliance and identity control'})",0.12333333333333334,0.4166666666666667,0.06777777777777778,0.5495495495495496,1.318918918918919,1.0,0.01638888888888889,1.295,0.27582123044318396,0.14352941176470588,0.22779922779922787,0.3561081081081081
"frozenset({'Business Capability=Risk, compliance and identity control'})","frozenset({'Knowledge Gap=Public Documentation | Commercial Model | Pricing Template | SME', 'Question Complexity=High'})",0.4166666666666667,0.12333333333333334,0.06777777777777778,0.16266666666666668,1.318918918918919,1.0,0.01638888888888889,1.0469745222929938,0.41451990632318503,0.14352941176470588,0.04486692015209127,0.3561081081081081
frozenset({'Knowledge Gap=Public Documentation | Commercial Model | Pricing Template | SME'}),"frozenset({'Question Complexity=High', 'Business Capability=Risk, compliance and identity control'})",0.17,0.4166666666666667,0.06777777777777778,0.39869281045751637,0.9568627450980393,1.0,-0.0030555555555555614,0.9701086956521738,-0.0515174222555265,0.13062098501070665,-0.03081232492997198,0.2806797385620915
frozenset({'Question Complexity=High'}),"frozenset({'Knowledge Gap=Public Documentation | Commercial Model | Pricing Template | SME', 'Business Capability=Risk, compliance and identity control'})",0.7666666666666667,0.06777777777777778,0.06777777777777778,0.08840579710144927,1.3043478260869563,1.0,0.01581481481481481,1.022628510863805,0.9999999999999998,0.08840579710144927,0.022127791884748917,0.5442028985507247
"frozenset({'Question Type=Commercial / Pricing', 'Knowledge Gap=Public Documentation | Commercial Model | Pricing Template | SME'})","frozenset({'Business Capability=Risk, compliance and identity control'})",0.16666666666666666,0.4166666666666667,0.06777777777777778,0.40666666666666673,0.9760000000000001,1.0,-0.0016666666666666635,0.9831460674157303,-0.02866242038216555,0.13146551724137934,-0.017142857142857064,0.28466666666666673
"frozenset({'Question Type=Commercial / Pricing', 'Business Capability=Risk, compliance and identity control'})",frozenset({'Knowledge Gap=Public Documentation | Commercial Model | Pricing Template | SME'}),0.07444444444444444,0.17,0.06777777777777778,0.91044776119403,5.355575065847235,1.0,0.055122222222222225,9.268333333333352,0.8786924605907936,0.38364779874213834,0.8921057363783494,0.6545702858257731
"frozenset({'Knowledge Gap=Public Documentation | Commercial Model | Pricing Template | SME', 'Business Capability=Risk, compliance and identity control'})",frozenset({'Question Type=Commercial / Pricing'}),0.06777777777777778,0.19333333333333333,0.06777777777777778,1.0,5.172413793103448,1.0,0.05467407407407408,inf,0.8653158522050062,0.3505747126436782,1.0,0.6752873563218391
frozenset({'Question Type=Commercial / Pricing'}),"frozenset({'Knowledge Gap=Public Documentation | Commercial Model | Pricing Template | SME', 'Business Capability=Risk, compliance and identity control'})",0.19333333333333333,0.06777777777777778,0.06777777777777778,0.3505747126436782,5.172413793103448,1.0,0.05467407407407408,1.4354572271386432,1.0000000000000002,0.3505747126436782,0.3033578562327895,0.6752873563218391
frozenset({'Knowledge Gap=Public Documentation | Commercial Model | Pricing Template | SME'}),"frozenset({'Question Type=Commercial / Pricing', 'Business Capability=Risk, compliance and identity control'})",0.17,0.07444444444444444,0.06777777777777778,0.39869281045751637,5.355575065847235,1.0,0.055122222222222225,1.5392391304347828,0.9798538415958917,0.38364779874213834,0.350328366640774,0.6545702858257731
"frozenset({'Business Capability=Risk, compliance and identity control'})","frozenset({'Question Type=Commercial / Pricing', 'Knowledge Gap=Public Documentation | Commercial Model | Pricing Template | SME'})",0.4166666666666667,0.16666666666666666,0.06777777777777778,0.16266666666666668,0.9760000000000001,1.0,-0.0016666666666666635,0.9952229299363059,-0.04044943820224712,0.13146551724137934,-0.004799999999999971,0.28466666666666673
"frozenset({'Question Intent=Request presales guidance', 'Question Complexity=Medium'})",frozenset({'Business Capability=Hybrid connectivity and network foundation'}),0.07777777777777778,0.23,0.06444444444444444,0.8285714285714285,3.602484472049689,1.0,0.04655555555555555,4.491666666666665,0.7833402575820523,0.26484018264840176,0.7773654916512058,0.5543823326432021
"frozenset({'Question Intent=Request presales guidance', 'Business Capability=Hybrid connectivity and network foundation'})",frozenset({'Question Complexity=Medium'}),0.11666666666666667,0.1811111111111111,0.06444444444444444,0.5523809523809523,3.0499561787905343,1.0,0.04331481481481481,1.8294326241134748,0.7608978529603123,0.27619047619047615,0.4533824384570652,0.45410458661992403
"frozenset({'Question Complexity=Medium', 'Business Capability=Hybrid connectivity and network foundation'})",frozenset({'Question Intent=Request presales guidance'}),0.13444444444444445,0.40444444444444444,0.06444444444444444,0.47933884297520657,1.1851784579057305,1.0,0.010069135802469133,1.1438447971781305,0.1805143641273073,0.13583138173302106,0.1257555199210558,0.31933975115793295
frozenset({'Question Intent=Request presales guidance'}),"frozenset({'Question Complexity=Medium', 'Business Capability=Hybrid connectivity and network foundation'})",0.40444444444444444,0.13444444444444445,0.06444444444444444,0.15934065934065933,1.1851784579057305,1.0,0.010069135802469133,1.0296151053013798,0.26235203293875436,0.13583138173302106,0.028763277800504996,0.31933975115793295
frozenset({'Question Complexity=Medium'}),"frozenset({'Question Intent=Request presales guidance', 'Business Capability=Hybrid connectivity and network foundation'})",0.1811111111111111,0.11666666666666667,0.06444444444444444,0.3558282208588957,3.0499561787905347,1.0,0.04331481481481481,1.3712698412698412,0.8207785523791699,0.27619047619047615,0.27074892927422156,0.45410458661992403
frozenset({'Business Capability=Hybrid connectivity and network foundation'}),"frozenset({'Question Intent=Request presales guidance', 'Question Complexity=Medium'})",0.23,0.07777777777777778,0.06444444444444444,0.2801932367149758,3.602484472049689,1.0,0.04655555555555555,1.281208053691275,0.9381997313031796,0.26484018264840176,0.2194866422210581,0.5543823326432021
"frozenset({'Question Intent=Request presales guidance', 'Presales Category=Solution Architecture'})","frozenset({'Business Capability=Risk, compliance and identity control'})",0.19111111111111112,0.4166666666666667,0.06444444444444444,0.3372093023255814,0.8093023255813953,1.0,-0.01518518518518519,0.8801169590643273,-0.22558873156775006,0.11860940695296524,-0.13621262458471767,0.24593798449612403
"frozenset({'Question Intent=Request presales guidance', 'Business Capability=Risk, compliance and identity control'})",frozenset({'Presales Category=Solution Architecture'}),0.16555555555555557,0.4588888888888889,0.06444444444444444,0.3892617449664429,0.8482701464159772,1.0,-0.011527160493827168,0.8859951159951158,-0.17651951980338415,0.11507936507936506,-0.12867439328583452,0.2648487901587662
"frozenset({'Presales Category=Solution Architecture', 'Business Capability=Risk, compliance and identity control'})",frozenset({'Question Intent=Request presales guidance'}),0.18444444444444444,0.40444444444444444,0.06444444444444444,0.3493975903614458,0.8638951410035748,1.0,-0.010153086419753085,0.9153909465020578,-0.16190251200881958,0.12288135593220338,-0.09242941916921413,0.25436912485105256
frozenset({'Question Intent=Request presales guidance'}),"frozenset({'Presales Category=Solution Architecture', 'Business Capability=Risk, compliance and identity control'})",0.40444444444444444,0.18444444444444444,0.06444444444444444,0.15934065934065933,0.8638951410035747,1.0,-0.010153086419753085,0.9701379811183733,-0.20919820919820917,0.12288135593220338,-0.03078120789292452,0.25436912485105256
frozenset({'Presales Category=Solution Architecture'}),"frozenset({'Question Intent=Request presales guidance', 'Business Capability=Risk, compliance and identity control'})",0.4588888888888889,0.16555555555555557,0.06444444444444444,0.14043583535108958,0.8482701464159773,1.0,-0.011527160493827168,0.9707762128325509,-0.24843679323098222,0.11507936507936506,-0.030103526210411964,0.2648487901587662
"frozenset({'Business Capability=Risk, compliance and identity control'})","frozenset({'Question Intent=Request presales guidance', 'Presales Category=Solution Architecture'})",0.4166666666666667,0.19111111111111112,0.06444444444444444,0.15466666666666665,0.8093023255813953,1.0,-0.01518518518518519,0.956887486855941,-0.2877192982456141,0.11860940695296524,-0.04505494505494509,0.24593798449612403
"frozenset({'Presales Category=Solution Architecture', 'Question Type=Best Practice'})",frozenset({'Knowledge Gap=Public Documentation | Architecture Blueprint | Methodology | SME'}),0.07777777777777778,0.45666666666666667,0.06444444444444444,0.8285714285714285,1.814389989572471,1.0,0.028925925925925924,3.1694444444444434,0.4867054424594931,0.1371158392434988,0.6844872918492549,0.4848453249913104
"frozenset({'Presales Category=Solution Architecture', 'Knowledge Gap=Public Documentation | Architecture Blueprint | Methodology | SME'})",frozenset({'Question Type=Best Practice'}),0.31,0.15,0.06444444444444444,0.2078853046594982,1.3859020310633214,1.0,0.017944444444444443,1.073076923076923,0.4035482258870565,0.16292134831460675,0.06810035842293907,0.31875746714456393
"frozenset({'Question Type=Best Practice', 'Knowledge Gap=Public Documentation | Architecture Blueprint | Methodology | SME'})",frozenset({'Presales Category=Solution Architecture'}),0.09555555555555556,0.4588888888888889,0.06444444444444444,0.6744186046511628,1.469677346697449,1.0,0.020595061728395057,1.661984126984127,0.35334237058374984,0.1315192743764172,0.3983095363163172,0.4074272200011262
frozenset({'Presales Category=Solution Architecture'}),"frozenset({'Question Type=Best Practice', 'Knowledge Gap=Public Documentation | Architecture Blueprint | Methodology | SME'})",0.4588888888888889,0.09555555555555556,0.06444444444444444,0.14043583535108958,1.469677346697449,1.0,0.020595061728395057,1.0522128325508606,0.5905968986759186,0.1315192743764172,0.049621930977863174,0.4074272200011262
frozenset({'Question Type=Best Practice'}),"frozenset({'Presales Category=Solution Architecture', 'Knowledge Gap=Public Documentation | Architecture Blueprint | Methodology | SME'})",0.15,0.31,0.06444444444444444,0.42962962962962964,1.3859020310633214,1.0,0.017944444444444443,1.2097402597402596,0.3275862068965517,0.16292134831460675,0.1733762748255502,0.31875746714456393
frozenset({'Knowledge Gap=Public Documentation | Architecture Blueprint | Methodology | SME'}),"frozenset({'Presales Category=Solution Architecture', 'Question Type=Best Practice'})",0.45666666666666667,0.07777777777777778,0.06444444444444444,0.1411192214111922,1.8143899895724713,1.0,0.028925925925925924,1.073748819641171,0.8261053522318595,0.1371158392434988,0.06868349309647348,0.4848453249913104
"frozenset({'Question Intent=Request presales guidance', 'Presales Category=Security & Compliance'})",frozenset({'Knowledge Gap=Public Documentation | Governance Framework | Risk Register | SME'}),0.09666666666666666,0.2111111111111111,0.06444444444444444,0.6666666666666666,3.1578947368421053,1.0,0.04403703703703704,2.3666666666666663,0.756457564575646,0.2648401826484018,0.5774647887323943,0.4859649122807017
"frozenset({'Question Intent=Request presales guidance', 'Knowledge Gap=Public Documentation | Governance Framework | Risk Register | SME'})",frozenset({'Presales Category=Security & Compliance'}),0.08333333333333333,0.24666666666666667,0.06444444444444444,0.7733333333333333,3.135135135135135,1.0,0.04388888888888889,3.3235294117647056,0.7429467084639498,0.24267782426778242,0.6991150442477876,0.5172972972972973
"frozenset({'Presales Category=Security & Compliance', 'Knowledge Gap=Public Documentation | Governance Framework | Risk Register | SME'})",frozenset({'Question Intent=Request presales guidance'}),0.15555555555555556,0.40444444444444444,0.06444444444444444,0.41428571428571426,1.0243328100470956,1.0,0.0015308641975308596,1.0168021680216803,0.028130671506352,0.13004484304932734,0.016524520255863498,0.2868131868131868
frozenset({'Question Intent=Request presales guidance'}),"frozenset({'Presales Category=Security & Compliance', 'Knowledge Gap=Public Documentation | Governance Framework | Risk Register | SME'})",0.40444444444444444,0.15555555555555556,0.06444444444444444,0.15934065934065933,1.0243328100470956,1.0,0.0015308641975308596,1.0045025417574438,0.03988677303139462,0.13004484304932734,0.004482359745517624,0.2868131868131868
frozenset({'Presales Category=Security & Compliance'}),"frozenset({'Question Intent=Request presales guidance', 'Knowledge Gap=Public Documentation | Governance Framework | Risk Register | SME'})",0.24666666666666667,0.08333333333333333,0.06444444444444444,0.26126126126126126,3.135135135135135,1.0,0.04388888888888889,1.2408536585365852,0.9040280744583461,0.24267782426778242,0.19410319410319413,0.5172972972972973
frozenset({'Knowledge Gap=Public Documentation | Governance Framework | Risk Register | SME'}),"frozenset({'Question Intent=Request presales guidance', 'Presales Category=Security & Compliance'})",0.2111111111111111,0.09666666666666666,0.06444444444444444,0.30526315789473685,3.1578947368421053,1.0,0.04403703703703704,1.3002525252525254,0.8661971830985916,0.2648401826484018,0.23091862497572344,0.4859649122807017
"frozenset({'Presales Category=Solution Architecture', 'Question Intent=Determine implementation approach'})",frozenset({'Question Complexity=High'}),0.09666666666666666,0.7666666666666667,0.06444444444444444,0.6666666666666666,0.8695652173913042,1.0,-0.00966666666666667,0.6999999999999997,-0.14240506329113928,0.08066759388038942,-0.42857142857142905,0.3753623188405797
"frozenset({'Presales Category=Solution Architecture', 'Question Complexity=High'})",frozenset({'Question Intent=Determine implementation approach'}),0.3055555555555556,0.24444444444444444,0.06444444444444444,0.21090909090909088,0.8628099173553718,1.0,-0.010246913580246916,0.9575012800819253,-0.18630751964085301,0.13272311212814644,-0.044385026737967945,0.23727272727272725
"frozenset({'Question Intent=Determine implementation approach', 'Question Complexity=High'})",frozenset({'Presales Category=Solution Architecture'}),0.1922222222222222,0.4588888888888889,0.06444444444444444,0.3352601156069364,0.7305910509594256,1.0,-0.0237641975308642,0.8140193236714975,-0.3134250590246683,0.10984848484848485,-0.22847206561346456,0.23784797547901299
frozenset({'Presales Category=Solution Architecture'}),"frozenset({'Question Intent=Determine implementation approach', 'Question Complexity=High'})",0.4588888888888889,0.1922222222222222,0.06444444444444444,0.14043583535108958,0.7305910509594257,1.0,-0.0237641975308642,0.9397527386541472,-0.4052847668175598,0.10984848484848485,-0.06410969488860985,0.23784797547901299
frozenset({'Question Intent=Determine implementation approach'}),"frozenset({'Presales Category=Solution Architecture', 'Question Complexity=High'})",0.24444444444444444,0.3055555555555556,0.06444444444444444,0.2636363636363636,0.8628099173553717,1.0,-0.010246913580246916,0.9430727023319616,-0.1738583996648513,0.13272311212814644,-0.06036363636363643,0.23727272727272725
frozenset({'Question Complexity=High'}),"frozenset({'Presales Category=Solution Architecture', 'Question Intent=Determine implementation approach'})",0.7666666666666667,0.09666666666666666,0.06444444444444444,0.08405797101449275,0.8695652173913043,1.0,-0.00966666666666667,0.9862341772151899,-0.39130434782608714,0.08066759388038942,-0.013957965666613191,0.3753623188405797
"frozenset({'Presales Category=Solution Architecture', 'Knowledge Gap=Public Documentation'})",frozenset({'Question Type=Architecture'}),0.08555555555555555,0.3522222222222222,0.06333333333333334,0.7402597402597404,2.1016838051538373,1.0,0.03319876543209877,2.4939444444444456,0.5732344226300868,0.16913946587537096,0.5990287585484844,0.46003523290589543
"frozenset({'Presales Category=Solution Architecture', 'Question Type=Architecture'})",frozenset({'Knowledge Gap=Public Documentation'}),0.3111111111111111,0.1622222222222222,0.06333333333333334,0.2035714285714286,1.2548923679060668,1.0,0.012864197530864208,1.0519182859990035,0.294850028296548,0.1544715447154472,0.049355816597195956,0.2969911937377691
"frozenset({'Knowledge Gap=Public Documentation', 'Question Type=Architecture'})",frozenset({'Presales Category=Solution Architecture'}),0.06888888888888889,0.4588888888888889,0.06333333333333334,0.9193548387096775,2.003436694524721,1.0,0.03172098765432099,6.709777777777783,0.5379139974040112,0.13636363636363638,0.8509637676359543,0.5286846832773568
frozenset({'Presales Category=Solution Architecture'}),"frozenset({'Knowledge Gap=Public Documentation', 'Question Type=Architecture'})",0.4588888888888889,0.06888888888888889,0.06333333333333334,0.13801452784503632,2.0034366945247206,1.0,0.03172098765432099,1.0801935081148564,0.9256097121654239,0.13636363636363638,0.0742399463729507,0.5286846832773568
frozenset({'Knowledge Gap=Public Documentation'}),"frozenset({'Presales Category=Solution Architecture', 'Question Type=Architecture'})",0.1622222222222222,0.3111111111111111,0.06333333333333334,0.39041095890410965,1.2548923679060666,1.0,0.012864197530864208,1.130087390761548,0.24244962538973444,0.1544715447154472,0.11511268228015917,0.2969911937377691
frozenset({'Question Type=Architecture'}),"frozenset({'Presales Category=Solution Architecture', 'Knowledge Gap=Public Documentation'})",0.3522222222222222,0.08555555555555555,0.06333333333333334,0.1798107255520505,2.101683805153837,1.0,0.03319876543209877,1.1149188034188033,0.8092142878637417,0.16913946587537096,0.10307369744452667,0.46003523290589543
"frozenset({'Knowledge Gap=Public Documentation', 'Question Intent=Understand capability / terminology'})",frozenset({'Question Complexity=High'}),0.08333333333333333,0.7666666666666667,0.06222222222222222,0.7466666666666667,0.9739130434782608,1.0,-0.0016666666666666635,0.9210526315789472,-0.028391167192428967,0.07898448519040902,-0.08571428571428581,0.41391304347826086
"frozenset({'Knowledge Gap=Public Documentation', 'Question Complexity=High'})",frozenset({'Question Intent=Understand capability / terminology'}),0.1111111111111111,0.20555555555555555,0.06222222222222222,0.56,2.724324324324325,1.0,0.03938271604938272,1.805555555555556,0.7120535714285715,0.24454148471615722,0.4461538461538462,0.4313513513513514
"frozenset({'Question Intent=Understand capability / terminology', 'Question Complexity=High'})",frozenset({'Knowledge Gap=Public Documentation'}),0.16111111111111112,0.1622222222222222,0.06222222222222222,0.3862068965517241,2.3807274444969293,1.0,0.03608641975308642,1.3649188514357051,0.6913434247871334,0.23829787234042552,0.2673557120643922,0.3848842701936703
frozenset({'Knowledge Gap=Public Documentation'}),"frozenset({'Question Intent=Understand capability / terminology', 'Question Complexity=High'})",0.1622222222222222,0.16111111111111112,0.06222222222222222,0.3835616438356165,2.3807274444969297,1.0,0.03608641975308642,1.3608641975308642,0.6922603258810157,0.23829787234042552,0.26517282046629775,0.3848842701936703
frozenset({'Question Intent=Understand capability / terminology'}),"frozenset({'Knowledge Gap=Public Documentation', 'Question Complexity=High'})",0.20555555555555555,0.1111111111111111,0.06222222222222222,0.3027027027027027,2.7243243243243245,1.0,0.03938271604938272,1.2747631352282516,0.7967032967032968,0.24454148471615722,0.2155405405405406,0.4313513513513514
frozenset({'Question Complexity=High'}),"frozenset({'Knowledge Gap=Public Documentation', 'Question Intent=Understand capability / terminology'})",0.7666666666666667,0.08333333333333333,0.06222222222222222,0.08115942028985507,0.9739130434782608,1.0,-0.0016666666666666635,0.9976340694006309,-0.10297482837528585,0.07898448519040902,-0.002371541501976286,0.41391304347826086
"frozenset({'Question Type=Architecture', 'Question Intent=Determine implementation approach'})",frozenset({'Question Complexity=High'}),0.09,0.7666666666666667,0.06222222222222222,0.691358024691358,0.9017713365539451,1.0,-0.006777777777777785,0.7559999999999998,-0.1069050122677884,0.07832167832167831,-0.32275132275132323,0.38625872249060655
"frozenset({'Question Type=Architecture', 'Question Complexity=High'})",frozenset({'Question Intent=Determine implementation approach'}),0.22444444444444445,0.24444444444444444,0.06222222222222222,0.2772277227722772,1.134113411341134,1.0,0.007358024691358024,1.045357686453577,0.15247646336471551,0.15300546448087432,0.04338963308095512,0.26588658865886583
"frozenset({'Question Intent=Determine implementation approach', 'Question Complexity=High'})",frozenset({'Question Type=Architecture'}),0.1922222222222222,0.3522222222222222,0.06222222222222222,0.3236994219653179,0.9190204409109973,1.0,-0.005482716049382719,0.9578252611585946,-0.09835448364449766,0.12903225806451615,-0.04403176712043544,0.2501777866924382
frozenset({'Question Type=Architecture'}),"frozenset({'Question Intent=Determine implementation approach', 'Question Complexity=High'})",0.3522222222222222,0.1922222222222222,0.06222222222222222,0.17665615141955837,0.9190204409109973,1.0,-0.005482716049382719,0.9810940825883355,-0.11973900617433746,0.12903225806451615,-0.019270238957905715,0.2501777866924382
frozenset({'Question Intent=Determine implementation approach'}),"frozenset({'Question Type=Architecture', 'Question Complexity=High'})",0.24444444444444444,0.22444444444444445,0.06222222222222222,0.2545454545454545,1.134113411341134,1.0,0.007358024691358024,1.040379403794038,0.1565126050420168,0.15300546448087432,0.03881219067465482,0.26588658865886583
frozenset({'Question Complexity=High'}),"frozenset({'Question Type=Architecture', 'Question Intent=Determine implementation approach'})",0.7666666666666667,0.09,0.06222222222222222,0.08115942028985507,0.9017713365539453,1.0,-0.006777777777777785,0.9903785488958992,-0.31826086956521776,0.07832167832167831,-0.009714922758401022,0.38625872249060655
"frozenset({'Presales Category=Solution Architecture', 'Knowledge Gap=Public Documentation | Commercial Model | Pricing Template | SME'})",frozenset({'Question Type=Commercial / Pricing'}),0.06333333333333334,0.19333333333333333,0.06,0.9473684210526314,4.900181488203266,1.0,0.04775555555555555,15.326666666666618,0.8497429814155792,0.3050847457627119,0.9347542409743365,0.6288566243194191
"frozenset({'Presales Category=Solution Architecture', 'Question Type=Commercial / Pricing'})",frozenset({'Knowledge Gap=Public Documentation | Commercial Model | Pricing Template | SME'}),0.07,0.17,0.06,0.857142857142857,5.042016806722688,1.0,0.0481,5.809999999999993,0.8620071684587813,0.33333333333333326,0.8278829604130807,0.6050420168067225
"frozenset({'Question Type=Commercial / Pricing', 'Knowledge Gap=Public Documentation | Commercial Model | Pricing Template | SME'})",frozenset({'Presales Category=Solution Architecture'}),0.16666666666666666,0.4588888888888889,0.06,0.36,0.784503631961259,1.0,-0.016481481481481486,0.845486111111111,-0.2479108635097494,0.10609037328094302,-0.1827515400410678,0.24537530266343827
frozenset({'Presales Category=Solution Architecture'}),"frozenset({'Question Type=Commercial / Pricing', 'Knowledge Gap=Public Documentation | Commercial Model | Pricing Template | SME'})",0.4588888888888889,0.16666666666666666,0.06,0.13075060532687652,0.7845036319612592,1.0,-0.016481481481481486,0.9586815227483751,-0.33671307506053283,0.10609037328094302,-0.043099273607748165,0.24537530266343827
frozenset({'Knowledge Gap=Public Documentation | Commercial Model | Pricing Template | SME'}),"frozenset({'Presales Category=Solution Architecture', 'Question Type=Commercial / Pricing'})",0.17,0.07,0.06,0.3529411764705882,5.042016806722688,1.0,0.0481,1.437272727272727,0.9658634538152611,0.33333333333333326,0.3042378241619228,0.6050420168067225
frozenset({'Question Type=Commercial / Pricing'}),"frozenset({'Presales Category=Solution Architecture', 'Knowledge Gap=Public Documentation | Commercial Model | Pricing Template | SME'})",0.19333333333333333,0.06333333333333334,0.06,0.3103448275862069,4.900181488203266,1.0,0.04775555555555555,1.3581666666666665,0.9866850321395775,0.3050847457627119,0.2637133390600074,0.6288566243194191
"frozenset({'Question Intent=Request presales guidance', 'Question Type=Governance / Security'})",frozenset({'Question Complexity=High'}),0.058888888888888886,0.7666666666666667,0.058888888888888886,1.0,1.3043478260869565,1.0,0.013740740740740734,inf,0.24793388429752056,0.07681159420289854,1.0,0.5384057971014493
"frozenset({'Question Intent=Request presales guidance', 'Question Complexity=High'})",frozenset({'Question Type=Governance / Security'}),0.3,0.13666666666666666,0.058888888888888886,0.1962962962962963,1.4363143631436315,1.0,0.01788888888888889,1.0741935483870968,0.4339622641509435,0.15588235294117647,0.0690690690690691,0.3135953026196929
"frozenset({'Question Complexity=High', 'Question Type=Governance / Security'})",frozenset({'Question Intent=Request presales guidance'}),0.13444444444444445,0.40444444444444444,0.058888888888888886,0.4380165289256198,1.0830079011897193,1.0,0.004513580246913576,1.0597385620915034,0.08855087557826911,0.12268518518518519,0.05637103737510791,0.29181046226500773
frozenset({'Question Intent=Request presales guidance'}),"frozenset({'Question Complexity=High', 'Question Type=Governance / Security'})",0.40444444444444444,0.13444444444444445,0.058888888888888886,0.1456043956043956,1.0830079011897191,1.0,0.004513580246913576,1.0130618077884959,0.12869614193185006,0.12268518518518519,0.012893396718813894,0.29181046226500773
frozenset({'Question Type=Governance / Security'}),"frozenset({'Question Intent=Request presales guidance', 'Question Complexity=High'})",0.13666666666666666,0.3,0.058888888888888886,0.43089430894308944,1.4363143631436315,1.0,0.01788888888888889,1.23,0.35186129525752174,0.15588235294117647,0.18699186991869923,0.3135953026196929
frozenset({'Question Complexity=High'}),"frozenset({'Question Intent=Request presales guidance', 'Question Type=Governance / Security'})",0.7666666666666667,0.058888888888888886,0.058888888888888886,0.07681159420289854,1.3043478260869563,1.0,0.013740740740740734,1.0194139194139193,0.9999999999999998,0.07681159420289854,0.01904419690980955,0.5384057971014493
"frozenset({'Question Intent=Request presales guidance', 'Presales Category=Security & Compliance'})",frozenset({'Question Type=Governance / Security'}),0.09666666666666666,0.13666666666666666,0.057777777777777775,0.5977011494252873,4.373423044575273,1.0,0.044566666666666664,2.1459999999999995,0.8538887311950043,0.32911392405063283,0.5340167753960857,0.5102326885337819
"frozenset({'Question Intent=Request presales guidance', 'Question Type=Governance / Security'})",frozenset({'Presales Category=Security & Compliance'}),0.058888888888888886,0.24666666666666667,0.057777777777777775,0.9811320754716981,3.977562468128506,1.0,0.04325185185185185,39.92666666666668,0.7954318408863863,0.2331838565022421,0.9749540824845551,0.6076831548529662
"frozenset({'Presales Category=Security & Compliance', 'Question Type=Governance / Security'})",frozenset({'Question Intent=Request presales guidance'}),0.12666666666666668,0.40444444444444444,0.057777777777777775,0.4561403508771929,1.1278195488721803,1.0,0.006548148148148143,1.0950537634408601,0.12977099236641212,0.12206572769953052,0.08680282796543584,0.2994987468671679
frozenset({'Question Intent=Request presales guidance'}),"frozenset({'Presales Category=Security & Compliance', 'Question Type=Governance / Security'})",0.40444444444444444,0.12666666666666668,0.057777777777777775,0.14285714285714285,1.1278195488721803,1.0,0.006548148148148143,1.0188888888888887,0.19029850746268642,0.12206572769953052,0.018538713195201725,0.2994987468671679
frozenset({'Presales Category=Security & Compliance'}),"frozenset({'Question Intent=Request presales guidance', 'Question Type=Governance / Security'})",0.24666666666666667,0.058888888888888886,0.057777777777777775,0.23423423423423423,3.977562468128506,1.0,0.04325185185185185,1.228980392156863,0.9937031994554119,0.2331838565022421,0.18631736813554994,0.6076831548529662
frozenset({'Question Type=Governance / Security'}),"frozenset({'Question Intent=Request presales guidance', 'Presales Category=Security & Compliance'})",0.13666666666666666,0.09666666666666666,0.057777777777777775,0.42276422764227645,4.373423044575274,1.0,0.044566666666666664,1.564929577464789,0.8934511434511435,0.32911392405063283,0.36099360993609936,0.5102326885337819
"frozenset({'Knowledge Gap=Public Documentation', 'Business Capability=Risk, compliance and identity control'})",frozenset({'Question Complexity=High'}),0.056666666666666664,0.7666666666666667,0.056666666666666664,1.0,1.3043478260869565,1.0,0.013222222222222219,inf,0.2473498233215547,0.07391304347826086,1.0,0.5369565217391304
"frozenset({'Knowledge Gap=Public Documentation', 'Question Complexity=High'})","frozenset({'Business Capability=Risk, compliance and identity control'})",0.1111111111111111,0.4166666666666667,0.056666666666666664,0.51,1.224,1.0,0.01037037037037037,1.1904761904761902,0.2058823529411765,0.12028301886792452,0.16,0.323
"frozenset({'Question Complexity=High', 'Business Capability=Risk, compliance and identity control'})",frozenset({'Knowledge Gap=Public Documentation'}),0.4166666666666667,0.1622222222222222,0.056666666666666664,0.13599999999999998,0.8383561643835615,1.0,-0.01092592592592593,0.9696502057613169,-0.24842105263157904,0.10851063829787233,-0.03129973474801062,0.24265753424657532
frozenset({'Knowledge Gap=Public Documentation'}),"frozenset({'Question Complexity=High', 'Business Capability=Risk, compliance and identity control'})",0.1622222222222222,0.4166666666666667,0.056666666666666664,0.3493150684931507,0.8383561643835616,1.0,-0.01092592592592593,0.8964912280701754,-0.18708777270421112,0.10851063829787233,-0.11545988258317029,0.24265753424657532
"frozenset({'Business Capability=Risk, compliance and identity control'})","frozenset({'Knowledge Gap=Public Documentation', 'Question Complexity=High'})",0.4166666666666667,0.1111111111111111,0.056666666666666664,0.13599999999999998,1.224,1.0,0.01037037037037037,1.02880658436214,0.3137254901960785,0.12028301886792452,0.027999999999999987,0.323
frozenset({'Question Complexity=High'}),"frozenset({'Knowledge Gap=Public Documentation', 'Business Capability=Risk, compliance and identity control'})",0.7666666666666667,0.056666666666666664,0.056666666666666664,0.07391304347826086,1.3043478260869563,1.0,0.013222222222222219,1.018622848200313,1.0,0.07391304347826086,0.018282378245506214,0.5369565217391304
"frozenset({'Question Intent=Determine implementation approach', 'Knowledge Gap=Public Documentation | Architecture Blueprint | Methodology | SME'})","frozenset({'Business Capability=Risk, compliance and identity control'})",0.13,0.4166666666666667,0.056666666666666664,0.43589743589743585,1.046153846153846,1.0,0.0024999999999999953,1.034090909090909,0.05070993914807293,0.11564625850340135,0.03296703296703286,0.2859487179487179
"frozenset({'Question Intent=Determine implementation approach', 'Business Capability=Risk, compliance and identity control'})",frozenset({'Knowledge Gap=Public Documentation | Architecture Blueprint | Methodology | SME'}),0.10888888888888888,0.45666666666666667,0.056666666666666664,0.5204081632653061,1.1395799195590646,1.0,0.00694074074074074,1.1329078014184397,0.13745049141851257,0.111353711790393,0.1173156379116064,0.322247877253091
"frozenset({'Knowledge Gap=Public Documentation | Architecture Blueprint | Methodology | SME', 'Business Capability=Risk, compliance and identity control'})",frozenset({'Question Intent=Determine implementation approach'}),0.1711111111111111,0.24444444444444444,0.056666666666666664,0.33116883116883117,1.3547815820543094,1.0,0.014839506172839509,1.129665587918015,0.3159333438469222,0.15789473684210523,0.11478227654698245,0.28149350649350646
frozenset({'Question Intent=Determine implementation approach'}),"frozenset({'Knowledge Gap=Public Documentation | Architecture Blueprint | Methodology | SME', 'Business Capability=Risk, compliance and identity control'})",0.24444444444444444,0.1711111111111111,0.056666666666666664,0.2318181818181818,1.3547815820543094,1.0,0.014839506172839509,1.079026955950033,0.3465974625144176,0.15789473684210523,0.07323909334633195,0.28149350649350646
frozenset({'Knowledge Gap=Public Documentation | Architecture Blueprint | Methodology | SME'}),"frozenset({'Question Intent=Determine implementation approach', 'Business Capability=Risk, compliance and identity control'})",0.45666666666666667,0.10888888888888888,0.056666666666666664,0.1240875912408759,1.1395799195590643,1.0,0.00694074074074074,1.0173518518518518,0.22543004932034164,0.111353711790393,0.0170559003949979,0.322247877253091
"frozenset({'Business Capability=Risk, compliance and identity control'})","frozenset({'Question Intent=Determine implementation approach', 'Knowledge Gap=Public Documentation | Architecture Blueprint | Methodology | SME'})",0.4166666666666667,0.13,0.056666666666666664,0.13599999999999998,1.046153846153846,1.0,0.0024999999999999953,1.0069444444444444,0.07563025210084022,0.11564625850340135,0.006896551724137905,0.2859487179487179
"frozenset({'Presales Category=Solution Architecture', 'Business Capability=Hybrid connectivity and network foundation'})",frozenset({'Question Complexity=High'}),0.19111111111111112,0.7666666666666667,0.05555555555555555,0.2906976744186046,0.37917087967644075,1.0,-0.090962962962963,0.32896174863387967,-0.6693313953488375,0.06157635467980295,-2.039867109634552,0.18158072126727332
"frozenset({'Presales Category=Solution Architecture', 'Question Complexity=High'})",frozenset({'Business Capability=Hybrid connectivity and network foundation'}),0.3055555555555556,0.23,0.05555555555555555,0.1818181818181818,0.7905138339920947,1.0,-0.014722222222222234,0.9411111111111111,-0.27620150550086875,0.11574074074074074,-0.06257378984651717,0.21168203776899425
"frozenset({'Question Complexity=High', 'Business Capability=Hybrid connectivity and network foundation'})",frozenset({'Presales Category=Solution Architecture'}),0.06333333333333334,0.4588888888888889,0.05555555555555555,0.8771929824561402,1.911558557410475,1.0,0.026492592592592585,4.406190476190471,0.5091103202846974,0.11904761904761904,0.7730465794877334,0.4991291788794018
frozenset({'Presales Category=Solution Architecture'}),"frozenset({'Question Complexity=High', 'Business Capability=Hybrid connectivity and network foundation'})",0.4588888888888889,0.06333333333333334,0.05555555555555555,0.12106537530266342,1.911558557410475,1.0,0.026492592592592585,1.0656841138659319,0.8812731006160163,0.11904761904761904,0.061635631995726074,0.4991291788794018
frozenset({'Business Capability=Hybrid connectivity and network foundation'}),"frozenset({'Presales Category=Solution Architecture', 'Question Complexity=High'})",0.23,0.3055555555555556,0.05555555555555555,0.24154589371980673,0.7905138339920946,1.0,-0.014722222222222234,0.9156050955414012,-0.25603864734299536,0.11574074074074074,-0.09217391304347836,0.21168203776899425
frozenset({'Question Complexity=High'}),"frozenset({'Presales Category=Solution Architecture', 'Business Capability=Hybrid connectivity and network foundation'})",0.7666666666666667,0.19111111111111112,0.05555555555555555,0.07246376811594202,0.37917087967644075,1.0,-0.090962962962963,0.8720833333333333,-0.8752672843905918,0.06157635467980295,-0.1466794075489728,0.18158072126727332
"frozenset({'Question Intent=Request presales guidance', 'Knowledge Gap=Public Documentation | Governance Framework | Risk Register | SME'})","frozenset({'Business Capability=Risk, compliance and identity control'})",0.08333333333333333,0.4166666666666667,0.05555555555555555,0.6666666666666666,1.5999999999999999,1.0,0.02083333333333333,1.7499999999999996,0.409090909090909,0.125,0.42857142857142855,0.39999999999999997
"frozenset({'Question Intent=Request presales guidance', 'Business Capability=Risk, compliance and identity control'})",frozenset({'Knowledge Gap=Public Documentation | Governance Framework | Risk Register | SME'}),0.16555555555555557,0.2111111111111111,0.05555555555555555,0.3355704697986577,1.5895443306252206,1.0,0.020604938271604936,1.187317620650954,0.44447403462050594,0.17301038062283736,0.1577653842518196,0.29936418226774986
"frozenset({'Knowledge Gap=Public Documentation | Governance Framework | Risk Register | SME', 'Business Capability=Risk, compliance and identity control'})",frozenset({'Question Intent=Request presales guidance'}),0.12111111111111111,0.40444444444444444,0.05555555555555555,0.4587155963302752,1.1341869140034277,1.0,0.006572839506172837,1.1002636534839925,0.134614412136536,0.1182033096926714,0.09112693413665612,0.2980391168464563
frozenset({'Question Intent=Request presales guidance'}),"frozenset({'Knowledge Gap=Public Documentation | Governance Framework | Risk Register | SME', 'Business Capability=Risk, compliance and identity control'})",0.40444444444444444,0.12111111111111111,0.05555555555555555,0.13736263736263735,1.1341869140034275,1.0,0.006572839506172837,1.018839348903043,0.19865671641791038,0.1182033096926714,0.01849099067809559,0.2980391168464563
frozenset({'Knowledge Gap=Public Documentation | Governance Framework | Risk Register | SME'}),"frozenset({'Question Intent=Request presales guidance', 'Business Capability=Risk, compliance and identity control'})",0.2111111111111111,0.16555555555555557,0.05555555555555555,0.2631578947368421,1.5895443306252206,1.0,0.020604938271604936,1.1324603174603174,0.47014084507042253,0.17301038062283736,0.1169668512159226,0.29936418226774986
"frozenset({'Business Capability=Risk, compliance and identity control'})","frozenset({'Question Intent=Request presales guidance', 'Knowledge Gap=Public Documentation | Governance Framework | Risk Register | SME'})",0.4166666666666667,0.08333333333333333,0.05555555555555555,0.13333333333333333,1.6,1.0,0.02083333333333333,1.0576923076923077,0.6428571428571429,0.125,0.05454545454545455,0.39999999999999997
"frozenset({'Question Intent=Determine implementation approach', 'Presales Category=Security & Compliance'})","frozenset({'Business Capability=Risk, compliance and identity control'})",0.07222222222222222,0.4166666666666667,0.05555555555555555,0.7692307692307693,1.8461538461538463,1.0,0.02546296296296296,2.527777777777778,0.4940119760479042,0.1282051282051282,0.6043956043956045,0.4512820512820513
"frozenset({'Question Intent=Determine implementation approach', 'Business Capability=Risk, compliance and identity control'})",frozenset({'Presales Category=Security & Compliance'}),0.10888888888888888,0.24666666666666667,0.05555555555555555,0.5102040816326531,2.0683949255377825,1.0,0.028696296296296293,1.5380555555555555,0.5796508728179551,0.18518518518518515,0.34982842694599964,0.36771465342893916
"frozenset({'Presales Category=Security & Compliance', 'Business Capability=Risk, compliance and identity control'})",frozenset({'Question Intent=Determine implementation approach'}),0.1922222222222222,0.24444444444444444,0.05555555555555555,0.28901734104046245,1.182343667892801,1.0,0.008567901234567903,1.0626919602529359,0.1909215955983494,0.1457725947521866,0.058993539612376786,0.25814503415659484
frozenset({'Question Intent=Determine implementation approach'}),"frozenset({'Presales Category=Security & Compliance', 'Business Capability=Risk, compliance and identity control'})",0.24444444444444444,0.1922222222222222,0.05555555555555555,0.22727272727272727,1.1823436678928008,1.0,0.008567901234567903,1.045359477124183,0.2041176470588236,0.1457725947521866,0.043391271726897586,0.25814503415659484
frozenset({'Presales Category=Security & Compliance'}),"frozenset({'Question Intent=Determine implementation approach', 'Business Capability=Risk, compliance and identity control'})",0.24666666666666667,0.10888888888888888,0.05555555555555555,0.2252252252252252,2.0683949255377825,1.0,0.028696296296296293,1.1501550387596897,0.6856637168141593,0.18518518518518515,0.13055199838242232,0.36771465342893916
"frozenset({'Business Capability=Risk, compliance and identity control'})","frozenset({'Question Intent=Determine implementation approach', 'Presales Category=Security & Compliance'})",0.4166666666666667,0.07222222222222222,0.05555555555555555,0.13333333333333333,1.8461538461538463,1.0,0.02546296296296296,1.0705128205128205,0.7857142857142859,0.1282051282051282,0.0658682634730539,0.4512820512820513
"frozenset({'Question Type=Architecture', 'Business Capability=Hybrid connectivity and network foundation'})",frozenset({'Question Complexity=High'}),0.17777777777777778,0.7666666666666667,0.05333333333333334,0.3,0.3913043478260869,1.0,-0.08296296296296296,0.33333333333333326,-0.6542056074766355,0.059850374064837904,-2.000000000000001,0.18478260869565216
"frozenset({'Question Type=Architecture', 'Question Complexity=High'})",frozenset({'Business Capability=Hybrid connectivity and network foundation'}),0.22444444444444445,0.23,0.05333333333333334,0.23762376237623764,1.0331467929401636,1.0,0.0017111111111111146,1.01,0.04136819484240696,0.1329639889196676,0.00990099009900991,0.23475391017362607
"frozenset({'Question Complexity=High', 'Business Capability=Hybrid connectivity and network foundation'})",frozenset({'Question Type=Architecture'}),0.06333333333333334,0.3522222222222222,0.05333333333333334,0.8421052631578947,2.390835131994023,1.0,0.03102592592592593,4.1025925925925915,0.621070581257414,0.147239263803681,0.7562516926965784,0.49676241075875804
frozenset({'Question Type=Architecture'}),"frozenset({'Question Complexity=High', 'Business Capability=Hybrid connectivity and network foundation'})",0.3522222222222222,0.06333333333333334,0.05333333333333334,0.15141955835962145,2.390835131994023,1.0,0.03102592592592593,1.103804213135068,0.8980488850771869,0.147239263803681,0.09404223312415101,0.49676241075875804
frozenset({'Business Capability=Hybrid connectivity and network foundation'}),"frozenset({'Question Type=Architecture', 'Question Complexity=High'})",0.23,0.22444444444444445,0.05333333333333334,0.2318840579710145,1.0331467929401636,1.0,0.0017111111111111146,1.009685534591195,0.041666666666666755,0.1329639889196676,0.0095926248909929,0.23475391017362607
frozenset({'Question Complexity=High'}),"frozenset({'Question Type=Architecture', 'Business Capability=Hybrid connectivity and network foundation'})",0.7666666666666667,0.17777777777777778,0.05333333333333334,0.06956521739130435,0.391304347826087,1.0,-0.08296296296296296,0.8836967808930426,-0.8695652173913043,0.059850374064837904,-0.13160987074030553,0.18478260869565216
"frozenset({'Question Intent=Request presales guidance', 'Question Type=Architecture'})","frozenset({'Business Capability=Risk, compliance and identity control'})",0.17,0.4166666666666667,0.05333333333333334,0.3137254901960784,0.7529411764705882,1.0,-0.01750000000000001,0.8499999999999999,-0.283324338909876,0.1,-0.17647058823529418,0.22086274509803921
"frozenset({'Question Intent=Request presales guidance', 'Business Capability=Risk, compliance and identity control'})",frozenset({'Question Type=Architecture'}),0.16555555555555557,0.3522222222222222,0.05333333333333334,0.3221476510067114,0.9146147820379819,1.0,-0.004979012345679011,0.9556325632563256,-0.10062124198498039,0.11483253588516747,-0.0464272969021608,0.23678360468316642
"frozenset({'Question Type=Architecture', 'Business Capability=Risk, compliance and identity control'})",frozenset({'Question Intent=Request presales guidance'}),0.1288888888888889,0.40444444444444444,0.05333333333333334,0.4137931034482759,1.0231148162182646,1.0,0.0012049382716049425,1.015947712418301,0.025935374149659955,0.11111111111111112,0.015697375193000605,0.2728306176582039
frozenset({'Question Intent=Request presales guidance'}),"frozenset({'Question Type=Architecture', 'Business Capability=Risk, compliance and identity control'})",0.40444444444444444,0.1288888888888889,0.05333333333333334,0.13186813186813187,1.0231148162182646,1.0,0.0012049382716049425,1.0034317862165965,0.03793532338308471,0.11111111111111112,0.003420049338416692,0.2728306176582039
frozenset({'Question Type=Architecture'}),"frozenset({'Question Intent=Request presales guidance', 'Business Capability=Risk, compliance and identity control'})",0.3522222222222222,0.16555555555555557,0.05333333333333334,0.15141955835962145,0.9146147820379819,1.0,-0.004979012345679011,0.9833415943824865,-0.12596433144891775,0.11483253588516747,-0.016940609156245942,0.23678360468316642
"frozenset({'Business Capability=Risk, compliance and identity control'})","frozenset({'Question Intent=Request presales guidance', 'Question Type=Architecture'})",0.4166666666666667,0.17,0.05333333333333334,0.128,0.7529411764705882,1.0,-0.01750000000000001,0.9518348623853211,-0.36000000000000015,0.1,-0.05060240963855423,0.22086274509803921
"frozenset({'Presales Category=Solution Architecture', 'Knowledge Gap=Public Documentation | Architecture Blueprint | Methodology | SME'})",frozenset({'Question Intent=Understand capability / terminology'}),0.31,0.20555555555555555,0.05333333333333334,0.17204301075268819,0.8369659982563209,1.0,-0.010388888888888885,0.9595238095238097,-0.2201554038144572,0.11538461538461539,-0.04218362282878409,0.21575123510607383
"frozenset({'Question Intent=Understand capability / terminology', 'Knowledge Gap=Public Documentation | Architecture Blueprint | Methodology | SME'})",frozenset({'Presales Category=Solution Architecture'}),0.057777777777777775,0.4588888888888889,0.05333333333333334,0.9230769230769231,2.011547774259639,1.0,0.02681975308641976,7.034444444444449,0.5337067610062894,0.11510791366906474,0.8578423629758333,0.5196498416837401
"frozenset({'Presales Category=Solution Architecture', 'Question Intent=Understand capability / terminology'})",frozenset({'Knowledge Gap=Public Documentation | Architecture Blueprint | Methodology | SME'}),0.1111111111111111,0.45666666666666667,0.05333333333333334,0.48000000000000004,1.051094890510949,1.0,0.0025925925925925977,1.044871794871795,0.05468750000000011,0.10367170626349895,0.04294478527607369,0.29839416058394164
frozenset({'Knowledge Gap=Public Documentation | Architecture Blueprint | Methodology | SME'}),"frozenset({'Presales Category=Solution Architecture', 'Question Intent=Understand capability / terminology'})",0.45666666666666667,0.1111111111111111,0.05333333333333334,0.11678832116788322,1.051094890510949,1.0,0.0025925925925925977,1.0064279155188245,0.08946830265848688,0.10367170626349895,0.006386861313868631,0.29839416058394164
frozenset({'Presales Category=Solution Architecture'}),"frozenset({'Question Intent=Understand capability / terminology', 'Knowledge Gap=Public Documentation | Architecture Blueprint | Methodology | SME'})",0.4588888888888889,0.057777777777777775,0.05333333333333334,0.1162227602905569,2.011547774259639,1.0,0.02681975308641976,1.066130898021309,0.9293292265571528,0.11510791366906474,0.06202887294988352,0.5196498416837401
frozenset({'Question Intent=Understand capability / terminology'}),"frozenset({'Presales Category=Solution Architecture', 'Knowledge Gap=Public Documentation | Architecture Blueprint | Methodology | SME'})",0.20555555555555555,0.31,0.05333333333333334,0.2594594594594595,0.8369659982563209,1.0,-0.010388888888888885,0.9317518248175182,-0.19691119691119685,0.11538461538461539,-0.07324716020368192,0.21575123510607383
"frozenset({'Presales Category=Solution Architecture', 'Question Type=Best Practice'})",frozenset({'Question Complexity=High'}),0.07777777777777778,0.7666666666666667,0.05333333333333334,0.6857142857142857,0.8944099378881987,1.0,-0.0062962962962963,0.7424242424242423,-0.11348464619492662,0.06741573033707865,-0.34693877551020436,0.37763975155279506
"frozenset({'Presales Category=Solution Architecture', 'Question Complexity=High'})",frozenset({'Question Type=Best Practice'}),0.3055555555555556,0.15,0.05333333333333334,0.17454545454545453,1.1636363636363636,1.0,0.0075,1.0297356828193833,0.2025,0.13259668508287292,0.028877005347593573,0.26505050505050504
"frozenset({'Question Type=Best Practice', 'Question Complexity=High'})",frozenset({'Presales Category=Solution Architecture'}),0.12,0.4588888888888889,0.05333333333333334,0.4444444444444445,0.9685230024213075,1.0,-0.0017333333333333298,0.974,-0.035616438356164314,0.10147991543340382,-0.026694045174537957,0.2803336023675007
frozenset({'Presales Category=Solution Architecture'}),"frozenset({'Question Type=Best Practice', 'Question Complexity=High'})",0.4588888888888889,0.12,0.05333333333333334,0.1162227602905569,0.9685230024213076,1.0,-0.0017333333333333298,0.9957260273972602,-0.05665859564164638,0.10147991543340382,-0.004292317851639874,0.2803336023675007
frozenset({'Question Type=Best Practice'}),"frozenset({'Presales Category=Solution Architecture', 'Question Complexity=High'})",0.15,0.3055555555555556,0.05333333333333334,0.35555555555555557,1.1636363636363636,1.0,0.0075,1.0775862068965518,0.16544117647058823,0.13259668508287292,0.07199999999999998,0.26505050505050504
frozenset({'Question Complexity=High'}),"frozenset({'Presales Category=Solution Architecture', 'Question Type=Best Practice'})",0.7666666666666667,0.07777777777777778,0.05333333333333334,0.06956521739130435,0.8944099378881988,1.0,-0.0062962962962963,0.9911734164070614,-0.3359683794466405,0.06741573033707865,-0.00890518596123625,0.37763975155279506
"frozenset({'Presales Category=Solution Architecture', 'Knowledge Gap=Public Documentation'})",frozenset({'Question Complexity=High'}),0.08555555555555555,0.7666666666666667,0.052222222222222225,0.6103896103896105,0.7961603613777527,1.0,-0.013370370370370366,0.5988888888888889,-0.21873927006119845,0.06527777777777778,-0.6697588126159555,0.339252776209298
"frozenset({'Presales Category=Solution Architecture', 'Question Complexity=High'})",frozenset({'Knowledge Gap=Public Documentation'}),0.3055555555555556,0.1622222222222222,0.052222222222222225,0.1709090909090909,1.053549190535492,1.0,0.002654320987654321,1.0104775828460038,0.07319148936170213,0.12566844919786097,0.010368941403424163,0.24641344956413452
"frozenset({'Knowledge Gap=Public Documentation', 'Question Complexity=High'})",frozenset({'Presales Category=Solution Architecture'}),0.1111111111111111,0.4588888888888889,0.052222222222222225,0.47000000000000003,1.0242130750605327,1.0,0.001234567901234572,1.020964360587002,0.02659574468085115,0.10085836909871243,0.02053388090349079,0.29190072639225184
frozenset({'Presales Category=Solution Architecture'}),"frozenset({'Knowledge Gap=Public Documentation', 'Question Complexity=High'})",0.4588888888888889,0.1111111111111111,0.052222222222222225,0.11380145278450364,1.0242130750605327,1.0,0.001234567901234572,1.0030358227079537,0.04368910830529963,0.10085836909871243,0.003026634382566602,0.29190072639225184
frozenset({'Knowledge Gap=Public Documentation'}),"frozenset({'Presales Category=Solution Architecture', 'Question Complexity=High'})",0.1622222222222222,0.3055555555555556,0.052222222222222225,0.32191780821917815,1.0535491905354921,1.0,0.002654320987654321,1.0241301907968576,0.0606693379987584,0.12566844919786097,0.023561643835616496,0.24641344956413452
frozenset({'Question Complexity=High'}),"frozenset({'Presales Category=Solution Architecture', 'Knowledge Gap=Public Documentation'})",0.7666666666666667,0.08555555555555555,0.052222222222222225,0.06811594202898551,0.7961603613777527,1.0,-0.013370370370370366,0.9812856402280974,-0.5231884057971014,0.06527777777777778,-0.019071266310951445,0.339252776209298
"frozenset({'Question Intent=Determine implementation approach', 'Presales Category=Security & Compliance'})",frozenset({'Knowledge Gap=Public Documentation | Governance Framework | Risk Register | SME'}),0.07222222222222222,0.2111111111111111,0.052222222222222225,0.7230769230769232,3.4251012145748994,1.0,0.03697530864197531,2.8487654320987663,0.7631545419798701,0.2259615384615385,0.648970747562297,0.48522267206477737
"frozenset({'Question Intent=Determine implementation approach', 'Knowledge Gap=Public Documentation | Governance Framework | Risk Register | SME'})",frozenset({'Presales Category=Security & Compliance'}),0.07333333333333333,0.24666666666666667,0.052222222222222225,0.7121212121212122,2.886977886977887,1.0,0.034133333333333335,2.6168421052631583,0.7053421092912904,0.1950207468879668,0.6178600160901047,0.46191646191646196
"frozenset({'Presales Category=Security & Compliance', 'Knowledge Gap=Public Documentation | Governance Framework | Risk Register | SME'})",frozenset({'Question Intent=Determine implementation approach'}),0.15555555555555556,0.24444444444444444,0.052222222222222225,0.33571428571428574,1.3733766233766236,1.0,0.014197530864197533,1.1373954599761051,0.3219484882418813,0.1501597444089457,0.12079831932773115,0.2746753246753247
frozenset({'Question Intent=Determine implementation approach'}),"frozenset({'Presales Category=Security & Compliance', 'Knowledge Gap=Public Documentation | Governance Framework | Risk Register | SME'})",0.24444444444444444,0.15555555555555556,0.052222222222222225,0.21363636363636365,1.3733766233766234,1.0,0.014197530864197533,1.073859987154785,0.3598247809762203,0.1501597444089457,0.06877990430622011,0.2746753246753247
frozenset({'Presales Category=Security & Compliance'}),"frozenset({'Question Intent=Determine implementation approach', 'Knowledge Gap=Public Documentation | Governance Framework | Risk Register | SME'})",0.24666666666666667,0.07333333333333333,0.052222222222222225,0.21171171171171171,2.886977886977887,1.0,0.034133333333333335,1.1755428571428572,0.8676332140839768,0.1950207468879668,0.14932918530040834,0.46191646191646196
frozenset({'Knowledge Gap=Public Documentation | Governance Framework | Risk Register | SME'}),"frozenset({'Question Intent=Determine implementation approach', 'Presales Category=Security & Compliance'})",0.2111111111111111,0.07222222222222222,0.052222222222222225,0.2473684210526316,3.4251012145748994,1.0,0.03697530864197531,1.2327117327117327,0.8975127359904107,0.2259615384615385,0.18878033406870473,0.48522267206477737
"frozenset({'Presales Category=Security & Compliance', 'Question Intent=Understand capability / terminology'})",frozenset({'Question Complexity=High'}),0.051111111111111114,0.7666666666666667,0.051111111111111114,1.0,1.3043478260869565,1.0,0.011925925925925923,inf,0.24590163934426224,0.06666666666666667,1.0,0.5333333333333333
"frozenset({'Presales Category=Security & Compliance', 'Question Complexity=High'})",frozenset({'Question Intent=Understand capability / terminology'}),0.24666666666666667,0.20555555555555555,0.051111111111111114,0.2072072072072072,1.008035062089116,1.0,0.0004074074074074119,1.0020833333333334,0.010580992689496076,0.12742382271468145,0.002079002079002081,0.22792792792792793
"frozenset({'Question Intent=Understand capability / terminology', 'Question Complexity=High'})",frozenset({'Presales Category=Security & Compliance'}),0.16111111111111112,0.24666666666666667,0.051111111111111114,0.31724137931034485,1.2861136999068035,1.0,0.011370370370370371,1.1033670033670033,0.26518859775410303,0.14330218068535824,0.09368324687213918,0.26222429325877605
frozenset({'Presales Category=Security & Compliance'}),"frozenset({'Question Intent=Understand capability / terminology', 'Question Complexity=High'})",0.24666666666666667,0.16111111111111112,0.051111111111111114,0.2072072072072072,1.2861136999068032,1.0,0.011370370370370371,1.0581439393939394,0.29530588687956905,0.14330218068535824,0.05494898872382314,0.26222429325877605
frozenset({'Question Intent=Understand capability / terminology'}),"frozenset({'Presales Category=Security & Compliance', 'Question Complexity=High'})",0.20555555555555555,0.24666666666666667,0.051111111111111114,0.24864864864864866,1.008035062089116,1.0,0.0004074074074074119,1.0026378896882493,0.01003344481605362,0.12742382271468145,0.002630949533604411,0.22792792792792793
frozenset({'Question Complexity=High'}),"frozenset({'Presales Category=Security & Compliance', 'Question Intent=Understand capability / terminology'})",0.7666666666666667,0.051111111111111114,0.051111111111111114,0.06666666666666667,1.3043478260869563,1.0,0.011925925925925923,1.0166666666666666,1.0,0.06666666666666667,0.016393442622950817,0.5333333333333333
"frozenset({'Question Intent=Request presales guidance', 'Presales Category=Solution Architecture'})",frozenset({'Question Complexity=Medium'}),0.19111111111111112,0.1811111111111111,0.05,0.2616279069767442,1.4445712655157656,1.0,0.015387654320987654,1.1090463692038495,0.3804639804639804,0.15517241379310345,0.09832444542614625,0.268850763304323
"frozenset({'Question Intent=Request presales guidance', 'Question Complexity=Medium'})",frozenset({'Presales Category=Solution Architecture'}),0.07777777777777778,0.4588888888888889,0.05,0.6428571428571429,1.4008993427879628,1.0,0.014308641975308643,1.5151111111111113,0.3103078982597055,0.10273972602739727,0.33998239953065423,0.37590799031477
"frozenset({'Presales Category=Solution Architecture', 'Question Complexity=Medium'})",frozenset({'Question Intent=Request presales guidance'}),0.12,0.40444444444444444,0.05,0.4166666666666667,1.0302197802197803,1.0,0.0014666666666666717,1.0209523809523813,0.033333333333333444,0.10538641686182669,0.02052238805970153,0.2701465201465202
frozenset({'Question Intent=Request presales guidance'}),"frozenset({'Presales Category=Solution Architecture', 'Question Complexity=Medium'})",0.40444444444444444,0.12,0.05,0.12362637362637363,1.0302197802197803,1.0,0.0014666666666666717,1.0041379310344827,0.049253731343283744,0.10538641686182669,0.004120879120879131,0.2701465201465202
frozenset({'Presales Category=Solution Architecture'}),"frozenset({'Question Intent=Request presales guidance', 'Question Complexity=Medium'})",0.4588888888888889,0.07777777777777778,0.05,0.1089588377723971,1.4008993427879626,1.0,0.014308641975308643,1.034993961352657,0.5288615103810176,0.10273972602739727,0.033810787945972746,0.37590799031477
frozenset({'Question Complexity=Medium'}),"frozenset({'Question Intent=Request presales guidance', 'Presales Category=Solution Architecture'})",0.1811111111111111,0.19111111111111112,0.05,0.27607361963190186,1.4445712655157654,1.0,0.015387654320987654,1.1173634651600752,0.3758178802954922,0.15517241379310345,0.10503606822625229,0.268850763304323
"frozenset({'Question Intent=Request presales guidance', 'Question Type=Architecture'})",frozenset({'Question Complexity=Medium'}),0.17,0.1811111111111111,0.05,0.29411764705882354,1.623962468422952,1.0,0.019211111111111113,1.1600925925925927,0.4629183400267738,0.16605166051660514,0.13799984037034083,0.2850956333453627
"frozenset({'Question Intent=Request presales guidance', 'Question Complexity=Medium'})",frozenset({'Question Type=Architecture'}),0.07777777777777778,0.3522222222222222,0.05,0.6428571428571429,1.8251464623704372,1.0,0.02260493827160494,1.813777777777778,0.4902275769745649,0.13157894736842105,0.44866454300416575,0.392406489409644
"frozenset({'Question Type=Architecture', 'Question Complexity=Medium'})",frozenset({'Question Intent=Request presales guidance'}),0.10333333333333333,0.40444444444444444,0.05,0.4838709677419355,1.19638426090039,1.0,0.008207407407407413,1.153888888888889,0.18306484923585306,0.1092233009708738,0.1333654309099663,0.30374867068415456
frozenset({'Question Intent=Request presales guidance'}),"frozenset({'Question Type=Architecture', 'Question Complexity=Medium'})",0.40444444444444444,0.10333333333333333,0.05,0.12362637362637363,1.19638426090039,1.0,0.008207407407407413,1.0231556948798328,0.2756218905472638,0.1092233009708738,0.02263164344948732,0.30374867068415456
frozenset({'Question Type=Architecture'}),"frozenset({'Question Intent=Request presales guidance', 'Question Complexity=Medium'})",0.3522222222222222,0.07777777777777778,0.05,0.14195583596214512,1.8251464623704372,1.0,0.02260493827160494,1.074795751633987,0.6979226224509244,0.13157894736842105,0.06959066550112121,0.392406489409644
frozenset({'Question Complexity=Medium'}),"frozenset({'Question Intent=Request presales guidance', 'Question Type=Architecture'})",0.1811111111111111,0.17,0.05,0.27607361963190186,1.6239624684229519,1.0,0.019211111111111113,1.1465254237288134,0.46919945725915874,0.16605166051660514,0.12779954172518296,0.2850956333453627
"frozenset({'Business Capability=Risk, compliance and identity control'})",frozenset({'Question Complexity=High'}),0.4166666666666667,0.7666666666666667,0.4166666666666667,1.0,1.3043478260869565,1.0,0.09722222222222221,inf,0.4,0.5434782608695653,1.0,0.7717391304347826
frozenset({'Question Complexity=High'}),"frozenset({'Business Capability=Risk, compliance and identity control'})",0.7666666666666667,0.4166666666666667,0.4166666666666667,0.5434782608695652,1.3043478260869563,1.0,0.09722222222222221,1.2777777777777775,1.0,0.5434782608695653,0.21739130434782603,0.7717391304347826
frozenset({'Knowledge Gap=Public Documentation | Architecture Blueprint | Methodology | SME'}),frozenset({'Question Complexity=High'}),0.45666666666666667,0.7666666666666667,0.33,0.7226277372262774,0.9425579181212314,1.0,-0.020111111111111135,0.8412280701754384,-0.10085251016883057,0.3694029850746269,-0.18873826903024007,0.5765312599174865
frozenset({'Question Complexity=High'}),frozenset({'Knowledge Gap=Public Documentation | Architecture Blueprint | Methodology | SME'}),0.7666666666666667,0.45666666666666667,0.33,0.43043478260869567,0.9425579181212314,1.0,-0.020111111111111135,0.953944020356234,-0.20709382151029773,0.3694029850746269,-0.04827954121098957,0.5765312599174865
frozenset({'Presales Category=Solution Architecture'}),frozenset({'Question Type=Architecture'}),0.4588888888888889,0.3522222222222222,0.3111111111111111,0.6779661016949152,1.9248248944019675,1.0,0.14948024691358025,2.0115204678362573,0.8879363449691992,0.6222222222222222,0.5028636218274849,0.7806234293963535
frozenset({'Question Type=Architecture'}),frozenset({'Presales Category=Solution Architecture'}),0.3522222222222222,0.4588888888888889,0.3111111111111111,0.8832807570977919,1.9248248944019677,1.0,0.14948024691358025,4.636006006006008,0.7417238421955403,0.6222222222222222,0.7842970870390404,0.7806234293963535
frozenset({'Presales Category=Solution Architecture'}),frozenset({'Knowledge Gap=Public Documentation | Architecture Blueprint | Methodology | SME'}),0.4588888888888889,0.45666666666666667,0.31,0.6755447941888619,1.479295169756632,1.0,0.10044074074074075,1.6746019900497509,0.5987723830341569,0.5119266055045871,0.40284317948870296,0.6771884554885915
frozenset({'Knowledge Gap=Public Documentation | Architecture Blueprint | Methodology | SME'}),frozenset({'Presales Category=Solution Architecture'}),0.45666666666666667,0.4588888888888889,0.31,0.6788321167883211,1.479295169756632,1.0,0.10044074074074075,1.684823232323232,0.5963234162323813,0.5119266055045871,0.40646592424946404,0.6771884554885915
frozenset({'Presales Category=Solution Architecture'}),frozenset({'Question Complexity=High'}),0.4588888888888889,0.7666666666666667,0.3055555555555556,0.665859564164649,0.8685124749973682,1.0,-0.04625925925925928,0.6983091787439614,-0.21861781265497832,0.3321256038647343,-0.43203043929436186,0.5322051444011651
frozenset({'Question Complexity=High'}),frozenset({'Presales Category=Solution Architecture'}),0.7666666666666667,0.4588888888888889,0.3055555555555556,0.39855072463768115,0.8685124749973681,1.0,-0.04625925925925928,0.8996787148594377,-0.39350976685570277,0.3321256038647343,-0.11150790108026074,0.5322051444011651
frozenset({'Question Intent=Request presales guidance'}),frozenset({'Question Complexity=High'}),0.40444444444444444,0.7666666666666667,0.3,0.7417582417582418,0.9675107501194458,1.0,-0.010074074074074124,0.90354609929078,-0.05337519623233935,0.3443877551020408,-0.1067503924646783,0.5665312947921644
frozenset({'Question Complexity=High'}),frozenset({'Question Intent=Request presales guidance'}),0.7666666666666667,0.40444444444444444,0.3,0.3913043478260869,0.9675107501194457,1.0,-0.010074074074074124,0.9784126984126984,-0.1258094357076787,0.3443877551020408,-0.02206359506813763,0.5665312947921644
frozenset({'Question Type=Architecture'}),frozenset({'Knowledge Gap=Public Documentation | Architecture Blueprint | Methodology | SME'}),0.3522222222222222,0.45666666666666667,0.2811111111111111,0.7981072555205047,1.7476801215777473,1.0,0.12026296296296293,2.6911979166666655,0.6604315961464144,0.5326315789473683,0.6284182616941804,0.7068395158381111
frozenset({'Knowledge Gap=Public Documentation | Architecture Blueprint | Methodology | SME'}),frozenset({'Question Type=Architecture'}),0.45666666666666667,0.3522222222222222,0.2811111111111111,0.6155717761557177,1.7476801215777473,1.0,0.12026296296296293,1.6850421940928266,0.7873857271029848,0.5326315789473683,0.406543050669204,0.7068395158381111
frozenset({'Presales Category=Security & Compliance'}),frozenset({'Question Complexity=High'}),0.24666666666666667,0.7666666666666667,0.24666666666666667,1.0,1.3043478260869565,1.0,0.057555555555555554,inf,0.30973451327433627,0.3217391304347826,1.0,0.6608695652173913
frozenset({'Question Complexity=High'}),frozenset({'Presales Category=Security & Compliance'}),0.7666666666666667,0.24666666666666667,0.24666666666666667,0.3217391304347826,1.3043478260869563,1.0,0.057555555555555554,1.1106837606837605,1.0000000000000002,0.3217391304347826,0.09965371296652555,0.6608695652173913
frozenset({'Question Type=Architecture'}),frozenset({'Question Complexity=High'}),0.3522222222222222,0.7666666666666667,0.22444444444444445,0.637223974763407,0.8311617062131395,1.0,-0.04559259259259263,0.6431884057971013,-0.23872627605109395,0.25093167701863356,-0.5547543938711134,0.4649887989759064
frozenset({'Question Complexity=High'}),frozenset({'Question Type=Architecture'}),0.7666666666666667,0.3522222222222222,0.22444444444444445,0.29275362318840575,0.8311617062131393,1.0,-0.04559259259259263,0.9159153005464481,-0.4654064272211724,0.25093167701863356,-0.09180401223059145,0.4649887989759064
frozenset({'Question Intent=Request presales guidance'}),frozenset({'Knowledge Gap=Public Documentation | Architecture Blueprint | Methodology | SME'}),0.40444444444444444,0.45666666666666667,0.21333333333333335,0.5274725274725275,1.155049330231812,1.0,0.028637037037037044,1.14984496124031,0.22539645522388063,0.3293310463121784,0.1303175352255107,0.49731290607203016
frozenset({'Knowledge Gap=Public Documentation | Architecture Blueprint | Methodology | SME'}),frozenset({'Question Intent=Request presales guidance'}),0.45666666666666667,0.40444444444444444,0.21333333333333335,0.4671532846715329,1.155049330231812,1.0,0.028637037037037044,1.117686453576865,0.24706032719836404,0.3293310463121784,0.10529469441115596,0.49731290607203016
frozenset({'Knowledge Gap=Public Documentation | Governance Framework | Risk Register | SME'}),frozenset({'Question Complexity=High'}),0.2111111111111111,0.7666666666666667,0.20222222222222222,0.9578947368421052,1.2494279176201373,1.0,0.04037037037037036,5.5416666666666625,0.253056802352577,0.2607449856733524,0.819548872180451,0.6108314263920671
frozenset({'Question Complexity=High'}),frozenset({'Knowledge Gap=Public Documentation | Governance Framework | Risk Register | SME'}),0.7666666666666667,0.2111111111111111,0.20222222222222222,0.263768115942029,1.2494279176201373,1.0,0.04037037037037036,1.071522309711286,0.8555729984301412,0.2607449856733524,0.06674831598285363,0.6108314263920671
frozenset({'Presales Category=Security & Compliance'}),"frozenset({'Business Capability=Risk, compliance and identity control'})",0.24666666666666667,0.4166666666666667,0.1922222222222222,0.7792792792792792,1.87027027027027,1.0,0.08944444444444442,2.6428571428571415,0.6176786536395723,0.40801886792452824,0.6216216216216215,0.6203063063063062
"frozenset({'Business Capability=Risk, compliance and identity control'})",frozenset({'Presales Category=Security & Compliance'}),0.4166666666666667,0.24666666666666667,0.1922222222222222,0.46133333333333326,1.87027027027027,1.0,0.08944444444444442,1.3985148514851482,0.7976878612716762,0.40801886792452824,0.2849557522123893,0.6203063063063062
frozenset({'Question Intent=Determine implementation approach'}),frozenset({'Question Complexity=High'}),0.24444444444444444,0.7666666666666667,0.1922222222222222,0.7863636363636364,1.025691699604743,1.0,0.0048148148148147996,1.0921985815602835,0.03315198911934705,0.23473541383989144,0.08441558441558426,0.5185441370223979
frozenset({'Question Complexity=High'}),frozenset({'Question Intent=Determine implementation approach'}),0.7666666666666667,0.24444444444444444,0.1922222222222222,0.2507246376811594,1.025691699604743,1.0,0.0048148148148147996,1.008381689232753,0.10734929810074288,0.23473541383989144,0.008312020460358012,0.5185441370223979
frozenset({'Presales Category=Solution Architecture'}),frozenset({'Business Capability=Hybrid connectivity and network foundation'}),0.4588888888888889,0.23,0.19111111111111112,0.41646489104116224,1.8107169175702706,1.0,0.08556666666666667,1.3195435684647303,0.8274318322907215,0.38392857142857145,0.24216219615735354,0.6236913827186488
frozenset({'Business Capability=Hybrid connectivity and network foundation'}),frozenset({'Presales Category=Solution Architecture'}),0.23,0.4588888888888889,0.19111111111111112,0.8309178743961353,1.8107169175702706,1.0,0.08556666666666667,3.2002857142857146,0.5814708547266686,0.38392857142857145,0.6875278992947059,0.6236913827186488
frozenset({'Question Intent=Request presales guidance'}),frozenset({'Presales Category=Solution Architecture'}),0.40444444444444444,0.4588888888888889,0.19111111111111112,0.47252747252747257,1.0297208844424341,1.0,0.005516049382716048,1.0258564814814817,0.04846407497396736,0.28429752066115704,0.025204774691427723,0.4444961817843174
frozenset({'Presales Category=Solution Architecture'}),frozenset({'Question Intent=Request presales guidance'}),0.4588888888888889,0.40444444444444444,0.19111111111111112,0.41646489104116224,1.0297208844424341,1.0,0.005516049382716048,1.0205993545412635,0.0533403371376725,0.28429752066115704,0.02018358570344407,0.4444961817843174
frozenset({'Presales Category=Solution Architecture'}),"frozenset({'Business Capability=Risk, compliance and identity control'})",0.4588888888888889,0.4166666666666667,0.18444444444444444,0.4019370460048426,0.9646489104116222,1.0,-0.00675925925925927,0.975371120107962,-0.06342898849589314,0.2668810289389067,-0.025250778277412737,0.4223018563357546
"frozenset({'Business Capability=Risk, compliance and identity control'})",frozenset({'Presales Category=Solution Architecture'}),0.4166666666666667,0.4588888888888889,0.18444444444444444,0.44266666666666665,0.9646489104116223,1.0,-0.00675925925925927,0.9708931419457735,-0.05910931174089078,0.2668810289389067,-0.02997946611909656,0.4223018563357546
frozenset({'Question Type=Architecture'}),frozenset({'Business Capability=Hybrid connectivity and network foundation'}),0.3522222222222222,0.23,0.17777777777777778,0.5047318611987383,2.194486353037992,1.0,0.09676666666666667,1.5547133757961786,0.8402765866209262,0.43956043956043966,0.35679462493342634,0.6388393605510599
frozenset({'Business Capability=Hybrid connectivity and network foundation'}),frozenset({'Question Type=Architecture'}),0.23,0.3522222222222222,0.17777777777777778,0.7729468599033816,2.194486353037992,1.0,0.09676666666666667,2.8529787234042554,0.7068993506493506,0.43956043956043966,0.6494891490789768,0.6388393605510599
frozenset({'Knowledge Gap=Public Documentation | Architecture Blueprint | Methodology | SME'}),"frozenset({'Business Capability=Risk, compliance and identity control'})",0.45666666666666667,0.4166666666666667,0.1711111111111111,0.3746958637469586,0.8992700729927007,1.0,-0.019166666666666693,0.9328793774319065,-0.17092182184496504,0.24367088607594936,-0.07194994786235669,0.3926812652068126
"frozenset({'Business Capability=Risk, compliance and identity control'})",frozenset({'Knowledge Gap=Public Documentation | Architecture Blueprint | Methodology | SME'}),0.4166666666666667,0.45666666666666667,0.1711111111111111,0.4106666666666666,0.8992700729927007,1.0,-0.019166666666666693,0.921945701357466,-0.16108949416342433,0.24367088607594936,-0.08466257668711664,0.3926812652068126
frozenset({'Question Intent=Request presales guidance'}),frozenset({'Question Type=Architecture'}),0.40444444444444444,0.3522222222222222,0.17,0.4203296703296704,1.1933649946268245,1.0,0.027545679012345697,1.1174934175882045,0.2720710174617112,0.28977272727272735,0.10514014287599203,0.45148975630048194
frozenset({'Question Type=Architecture'}),frozenset({'Question Intent=Request presales guidance'}),0.3522222222222222,0.40444444444444444,0.17,0.4826498422712934,1.1933649946268243,1.0,0.027545679012345697,1.1511653116531169,0.250137333378177,0.28977272727272735,0.13131503366448521,0.45148975630048194
frozenset({'Question Type=Commercial / Pricing'}),frozenset({'Knowledge Gap=Public Documentation | Commercial Model | Pricing Template | SME'}),0.19333333333333333,0.17,0.16666666666666666,0.8620689655172413,5.0709939148073016,1.0,0.13379999999999997,6.017499999999997,0.9952066115702479,0.8474576271186439,0.8338180307436642,0.9212305611899931
frozenset({'Knowledge Gap=Public Documentation | Commercial Model | Pricing Template | SME'}),frozenset({'Question Type=Commercial / Pricing'}),0.17,0.19333333333333333,0.16666666666666666,0.980392156862745,5.0709939148073016,1.0,0.13379999999999997,41.13999999999968,0.9672289156626506,0.8474576271186439,0.9756927564414194,0.9212305611899931
frozenset({'Question Intent=Request presales guidance'}),"frozenset({'Business Capability=Risk, compliance and identity control'})",0.40444444444444444,0.4166666666666667,0.16555555555555557,0.4093406593406594,0.9824175824175825,1.0,-0.002962962962962945,0.9875968992248062,-0.029174365457551123,0.25254237288135595,-0.012558869701726802,0.4033369963369964
"frozenset({'Business Capability=Risk, compliance and identity control'})",frozenset({'Question Intent=Request presales guidance'}),0.4166666666666667,0.40444444444444444,0.16555555555555557,0.3973333333333333,0.9824175824175824,1.0,-0.002962962962962945,0.9882005899705015,-0.029767441860464938,0.25254237288135595,-0.011940298507462706,0.4033369963369964
frozenset({'Question Intent=Understand capability / terminology'}),frozenset({'Question Complexity=High'}),0.20555555555555555,0.7666666666666667,0.16111111111111112,0.7837837837837839,1.0223266745005877,1.0,0.003518518518518532,1.0791666666666668,0.027489751627682763,0.19863013698630136,0.07335907335907357,0.49696435566000785
frozenset({'Question Complexity=High'}),frozenset({'Question Intent=Understand capability / terminology'}),0.7666666666666667,0.20555555555555555,0.16111111111111112,0.21014492753623187,1.0223266745005875,1.0,0.003518518518518532,1.0058103975535169,0.09359605911330086,0.19863013698630136,0.0057768318637883825,0.49696435566000785
frozenset({'Knowledge Gap=Public Documentation | Architecture Blueprint | Methodology | SME'}),frozenset({'Business Capability=Hybrid connectivity and network foundation'}),0.45666666666666667,0.23,0.15888888888888889,0.34793187347931875,1.512747275997038,1.0,0.053855555555555545,1.180858208955224,0.6238362864129734,0.30105263157894735,0.1531582772458685,0.519376564758983
frozenset({'Business Capability=Hybrid connectivity and network foundation'}),frozenset({'Knowledge Gap=Public Documentation | Architecture Blueprint | Methodology | SME'}),0.23,0.45666666666666667,0.15888888888888889,0.6908212560386473,1.512747275997038,1.0,0.053855555555555545,1.7573437499999998,0.4401961674688946,0.30105263157894735,0.43095936694229564,0.519376564758983
frozenset({'Presales Category=Security & Compliance'}),frozenset({'Knowledge Gap=Public Documentation | Governance Framework | Risk Register | SME'}),0.24666666666666667,0.2111111111111111,0.15555555555555556,0.6306306306306306,2.987197724039829,1.0,0.10348148148148148,2.135772357723577,0.8830594184576486,0.5147058823529411,0.5317853064331938,0.6837363679468942
frozenset({'Knowledge Gap=Public Documentation | Governance Framework | Risk Register | SME'}),frozenset({'Presales Category=Security & Compliance'}),0.2111111111111111,0.24666666666666667,0.15555555555555556,0.7368421052631579,2.987197724039829,1.0,0.10348148148148148,2.8626666666666662,0.8432595573440644,0.5147058823529411,0.6506753609687936,0.6837363679468942
frozenset({'Question Type=Commercial / Pricing'}),frozenset({'Question Complexity=High'}),0.19333333333333333,0.7666666666666667,0.14666666666666667,0.7586206896551725,0.9895052473763118,1.0,-0.00155555555555556,0.9666666666666668,-0.012977382276603668,0.180327868852459,-0.03448275862068957,0.4749625187406297
frozenset({'Question Complexity=High'}),frozenset({'Question Type=Commercial / Pricing'}),0.7666666666666667,0.19333333333333333,0.14666666666666667,0.19130434782608693,0.9895052473763117,1.0,-0.00155555555555556,0.9974910394265233,-0.04347826086956534,0.180327868852459,-0.0025152712899748696,0.4749625187406297
frozenset({'Question Complexity=Medium'}),frozenset({'Business Capability=Hybrid connectivity and network foundation'}),0.1811111111111111,0.23,0.13444444444444445,0.7423312883435583,3.2275273406241665,1.0,0.09278888888888889,2.9883333333333337,0.8428070018053982,0.4859437751004017,0.6653653095370887,0.6634361755727454
frozenset({'Business Capability=Hybrid connectivity and network foundation'}),frozenset({'Question Complexity=Medium'}),0.23,0.1811111111111111,0.13444444444444445,0.5845410628019324,3.2275273406241665,1.0,0.09278888888888889,1.9710465116279072,0.8963185574755823,0.4859437751004017,0.49265530057223766,0.6634361755727454
frozenset({'Question Type=Governance / Security'}),frozenset({'Question Complexity=High'}),0.13666666666666666,0.7666666666666667,0.13444444444444445,0.9837398373983741,1.2831389183457054,1.0,0.029666666666666675,14.350000000000115,0.25559207377389204,0.17485549132947978,0.9303135888501748,0.5795510781194769
frozenset({'Question Complexity=High'}),frozenset({'Question Type=Governance / Security'}),0.7666666666666667,0.13666666666666666,0.13444444444444445,0.1753623188405797,1.2831389183457051,1.0,0.029666666666666675,1.0469244288224955,0.9456906729634006,0.17485549132947978,0.044821218734262216,0.5795510781194769
frozenset({'Question Intent=Determine implementation approach'}),frozenset({'Knowledge Gap=Public Documentation | Architecture Blueprint | Methodology | SME'}),0.24444444444444444,0.45666666666666667,0.13,0.5318181818181819,1.1645653616456537,1.0,0.018370370370370384,1.160517799352751,0.18702865761689305,0.22762645914396887,0.1383156720580034,0.4082448573324486
frozenset({'Knowledge Gap=Public Documentation | Architecture Blueprint | Methodology | SME'}),frozenset({'Question Intent=Determine implementation approach'}),0.45666666666666667,0.24444444444444444,0.13,0.2846715328467153,1.1645653616456535,1.0,0.018370370370370384,1.056235827664399,0.2600807508782971,0.22762645914396887,0.0532417346500644,0.4082448573324486
frozenset({'Question Type=Architecture'}),"frozenset({'Business Capability=Risk, compliance and identity control'})",0.3522222222222222,0.4166666666666667,0.1288888888888889,0.3659305993690852,0.8782334384858044,1.0,-0.01787037037037037,0.9199834162520728,-0.17630293655530246,0.20138888888888884,-0.0869761153672826,0.33763196635120923
"frozenset({'Business Capability=Risk, compliance and identity control'})",frozenset({'Question Type=Architecture'}),0.4166666666666667,0.3522222222222222,0.1288888888888889,0.3093333333333333,0.8782334384858044,1.0,-0.01787037037037037,0.9379021879021878,-0.19203980099502485,0.20138888888888884,-0.06620926243567758,0.33763196635120923
frozenset({'Presales Category=Security & Compliance'}),frozenset({'Question Type=Governance / Security'}),0.24666666666666667,0.13666666666666666,0.12666666666666668,0.5135135135135136,3.7574159525379045,1.0,0.09295555555555557,1.7746296296296298,0.9741499767116908,0.49350649350649367,0.43650213920484204,0.7201713909030983
frozenset({'Question Type=Governance / Security'}),frozenset({'Presales Category=Security & Compliance'}),0.13666666666666666,0.24666666666666667,0.12666666666666668,0.9268292682926831,3.7574159525379045,1.0,0.09295555555555557,10.295555555555577,0.8500304816094291,0.49350649350649367,0.9028707101230307,0.7201713909030983
frozenset({'Knowledge Gap=Public Documentation | Commercial Model | Pricing Template | SME'}),frozenset({'Question Complexity=High'}),0.17,0.7666666666666667,0.12333333333333334,0.7254901960784313,0.9462915601023016,1.0,-0.00700000000000002,0.8499999999999998,-0.06400487656202394,0.15163934426229506,-0.1764705882352945,0.4431798806479113
frozenset({'Question Complexity=High'}),frozenset({'Knowledge Gap=Public Documentation | Commercial Model | Pricing Template | SME'}),0.7666666666666667,0.17,0.12333333333333334,0.1608695652173913,0.9462915601023016,1.0,-0.00700000000000002,0.9891191709844559,-0.19565217391304396,0.15163934426229506,-0.011000523834468338,0.4431798806479113
frozenset({'Knowledge Gap=Public Documentation | Governance Framework | Risk Register | SME'}),"frozenset({'Business Capability=Risk, compliance and identity control'})",0.2111111111111111,0.4166666666666667,0.12111111111111111,0.5736842105263158,1.3768421052631579,1.0,0.03314814814814815,1.368312757201646,0.3469440496188138,0.2390350877192983,0.26917293233082706,0.4321754385964912
"frozenset({'Business Capability=Risk, compliance and identity control'})",frozenset({'Knowledge Gap=Public Documentation | Governance Framework | Risk Register | SME'}),0.4166666666666667,0.2111111111111111,0.12111111111111111,0.2906666666666667,1.376842105263158,1.0,0.03314814814814815,1.112155388471178,0.46920052424639586,0.2390350877192983,0.10084507042253524,0.4321754385964912
frozenset({'Presales Category=Solution Architecture'}),frozenset({'Question Complexity=Medium'}),0.4588888888888889,0.1811111111111111,0.12,0.26150121065375304,1.4438717152661211,1.0,0.036890123456790117,1.1088561020036432,0.5681230511825993,0.23076923076923075,0.09816972807106883,0.46203894888515873
frozenset({'Question Complexity=Medium'}),frozenset({'Presales Category=Solution Architecture'}),0.1811111111111111,0.4588888888888889,0.12,0.6625766871165644,1.443871715266121,1.0,0.036890123456790117,1.6036565656565653,0.3754083119754761,0.23076923076923075,0.37642508912712097,0.46203894888515873
frozenset({'Question Type=Best Practice'}),frozenset({'Question Complexity=High'}),0.15,0.7666666666666667,0.12,0.8,1.0434782608695652,1.0,0.0049999999999999906,1.1666666666666667,0.049019607843137164,0.15062761506276148,0.14285714285714285,0.4782608695652174
frozenset({'Question Complexity=High'}),frozenset({'Question Type=Best Practice'}),0.7666666666666667,0.15,0.12,0.15652173913043477,1.0434782608695652,1.0,0.0049999999999999906,1.0077319587628866,0.17857142857142827,0.15062761506276148,0.007672634271099733,0.4782608695652174
frozenset({'Business Capability=AI-enabled business capability'}),frozenset({'Question Complexity=High'}),0.11777777777777777,0.7666666666666667,0.11777777777777777,1.0,1.3043478260869565,1.0,0.027481481481481468,inf,0.2644836272040301,0.15362318840579708,1.0,0.5768115942028985
frozenset({'Question Complexity=High'}),frozenset({'Business Capability=AI-enabled business capability'}),0.7666666666666667,0.11777777777777777,0.11777777777777777,0.15362318840579708,1.3043478260869563,1.0,0.027481481481481468,1.0423515981735159,0.9999999999999998,0.15362318840579708,0.040630818092213326,0.5768115942028985
frozenset({'Question Intent=Request presales guidance'}),frozenset({'Business Capability=Hybrid connectivity and network foundation'}),0.40444444444444444,0.23,0.11666666666666667,0.2884615384615385,1.254180602006689,1.0,0.02364444444444444,1.0821621621621622,0.3402985074626865,0.22532188841201717,0.07592407592407595,0.3978539576365664
frozenset({'Business Capability=Hybrid connectivity and network foundation'}),frozenset({'Question Intent=Request presales guidance'}),0.23,0.40444444444444444,0.11666666666666667,0.5072463768115942,1.254180602006689,1.0,0.02364444444444444,1.2086274509803923,0.26320346320346316,0.22532188841201717,0.17261518494484104,0.3978539576365664
frozenset({'Knowledge Gap=Public Documentation'}),frozenset({'Question Complexity=High'}),0.1622222222222222,0.7666666666666667,0.1111111111111111,0.684931506849315,0.8933889219773674,1.0,-0.013259259259259262,0.7405797101449273,-0.12468075226375669,0.1358695652173913,-0.3502935420743645,0.41492952154059953
frozenset({'Question Complexity=High'}),frozenset({'Knowledge Gap=Public Documentation'}),0.7666666666666667,0.1622222222222222,0.1111111111111111,0.14492753623188404,0.8933889219773674,1.0,-0.013259259259259262,0.979774011299435,-0.338374291115312,0.1358695652173913,-0.020643524391650344,0.41492952154059953
frozenset({'Presales Category=Solution Architecture'}),frozenset({'Question Intent=Understand capability / terminology'}),0.4588888888888889,0.20555555555555555,0.1111111111111111,0.24213075060532685,1.1779333813232118,1.0,0.016783950617283952,1.0482605608803692,0.27915811088295694,0.20080321285140565,0.04603870705565618,0.3913356455729337
frozenset({'Question Intent=Understand capability / terminology'}),frozenset({'Presales Category=Solution Architecture'}),0.20555555555555555,0.4588888888888889,0.1111111111111111,0.5405405405405406,1.1779333813232118,1.0,0.016783950617283952,1.1777124183006535,0.19013986013986017,0.20080321285140565,0.1508962761529497,0.3913356455729337
frozenset({'Question Intent=Determine implementation approach'}),"frozenset({'Business Capability=Risk, compliance and identity control'})",0.24444444444444444,0.4166666666666667,0.10888888888888888,0.44545454545454544,1.069090909090909,1.0,0.007037037037037036,1.0519125683060107,0.08553421368547419,0.1971830985915493,0.04935064935064929,0.35339393939393937
"frozenset({'Business Capability=Risk, compliance and identity control'})",frozenset({'Question Intent=Determine implementation approach'}),0.4166666666666667,0.24444444444444444,0.10888888888888888,0.2613333333333333,1.069090909090909,1.0,0.007037037037037036,1.022864019253911,0.11078717201166183,0.1971830985915493,0.022352941176470565,0.35339393939393937
frozenset({'Knowledge Gap=Public Documentation | Architecture Blueprint | Methodology | SME'}),frozenset({'Question Complexity=Medium'}),0.45666666666666667,0.1811111111111111,0.10666666666666667,0.23357664233576644,1.2896869822220234,1.0,0.023959259259259263,1.0684550264550265,0.413407464212679,0.20083682008368203,0.06406916974516934,0.4112668487752452
frozenset({'Question Complexity=Medium'}),frozenset({'Knowledge Gap=Public Documentation | Architecture Blueprint | Methodology | SME'}),0.1811111111111111,0.45666666666666667,0.10666666666666667,0.588957055214724,1.2896869822220234,1.0,0.023959259259259263,1.3218407960199006,0.2742961329715062,0.20083682008368203,0.24347924272648583,0.4112668487752452
frozenset({'Question Type=Architecture'}),frozenset({'Question Complexity=Medium'}),0.3522222222222222,0.1811111111111111,0.10333333333333333,0.29337539432176657,1.619864140426932,1.0,0.03954197530864198,1.1588740079365079,0.5907338755786719,0.24031007751937986,0.13709342590175022,0.4319637707805152
frozenset({'Question Complexity=Medium'}),frozenset({'Question Type=Architecture'}),0.1811111111111111,0.3522222222222222,0.10333333333333333,0.5705521472392638,1.619864140426932,1.0,0.03954197530864198,1.5083968253968256,0.4672969463532776,0.24031007751937986,0.3370444811583833,0.4319637707805152
frozenset({'Question Type=Governance / Security'}),"frozenset({'Business Capability=Risk, compliance and identity control'})",0.13666666666666666,0.4166666666666667,0.10222222222222223,0.7479674796747968,1.7951219512195122,1.0,0.045277777777777785,2.3145161290322585,0.513051871747524,0.22660098522167488,0.5679442508710804,0.4966504065040651
"frozenset({'Business Capability=Risk, compliance and identity control'})",frozenset({'Question Type=Governance / Security'}),0.4166666666666667,0.13666666666666666,0.10222222222222223,0.24533333333333335,1.7951219512195125,1.0,0.045277777777777785,1.143992932862191,0.7593167701863356,0.22660098522167488,0.1258687258687259,0.4966504065040651
frozenset({'Knowledge Gap=Public Documentation | Governance Framework | Risk Register | SME'}),frozenset({'Question Type=Governance / Security'}),0.2111111111111111,0.13666666666666666,0.1,0.4736842105263158,3.4659820282413354,1.0,0.07114814814814815,1.6403333333333334,0.9018779342723005,0.40358744394618845,0.3903678114204431,0.6026957637997433
frozenset({'Question Type=Governance / Security'}),frozenset({'Knowledge Gap=Public Documentation | Governance Framework | Risk Register | SME'}),0.13666666666666666,0.2111111111111111,0.1,0.7317073170731708,3.4659820282413354,1.0,0.07114814814814815,2.9404040404040415,0.8241098241098243,0.40358744394618845,0.6599106836138785,0.6026957637997433
frozenset({'Question Intent=Request presales guidance'}),frozenset({'Presales Category=Security & Compliance'}),0.40444444444444444,0.24666666666666667,0.09666666666666666,0.23901098901098902,0.968963468963469,1.0,-0.0030962962962963053,0.9899398315282791,-0.05103785103785118,0.1743486973947896,-0.010162403967713696,0.31545144045144047
frozenset({'Presales Category=Security & Compliance'}),frozenset({'Question Intent=Request presales guidance'}),0.24666666666666667,0.40444444444444444,0.09666666666666666,0.3918918918918919,0.968963468963469,1.0,-0.0030962962962963053,0.9793580246913581,-0.04078446677724668,0.1743486973947896,-0.02107704719645018,0.31545144045144047
frozenset({'Presales Category=Solution Architecture'}),frozenset({'Question Intent=Determine implementation approach'}),0.4588888888888889,0.24444444444444444,0.09666666666666666,0.21065375302663436,0.861765353290777,1.0,-0.015506172839506172,0.9571915473755964,-0.22865881410548158,0.15934065934065933,-0.04472297393533687,0.30305414924058993
frozenset({'Question Intent=Determine implementation approach'}),frozenset({'Presales Category=Solution Architecture'}),0.24444444444444444,0.4588888888888889,0.09666666666666666,0.39545454545454545,0.861765353290777,1.0,-0.015506172839506172,0.8950710108604846,-0.17512548800892358,0.15934065934065933,-0.11722979279447455,0.30305414924058993
frozenset({'Question Type=Best Practice'}),frozenset({'Knowledge Gap=Public Documentation | Architecture Blueprint | Methodology | SME'}),0.15,0.45666666666666667,0.09555555555555556,0.6370370370370371,1.3949716139497161,1.0,0.02705555555555557,1.4969387755102042,0.3331053351573189,0.18695652173913047,0.33197000681663263,0.42314138956474723
frozenset({'Knowledge Gap=Public Documentation | Architecture Blueprint | Methodology | SME'}),frozenset({'Question Type=Best Practice'}),0.45666666666666667,0.15,0.09555555555555556,0.20924574209245744,1.3949716139497164,1.0,0.02705555555555557,1.0749230769230769,0.5211157083749467,0.18695652173913047,0.06970087304994994,0.42314138956474723
frozenset({'Presales Category=Migration Assessment'}),frozenset({'Question Complexity=High'}),0.11888888888888889,0.7666666666666667,0.09555555555555556,0.8037383177570093,1.0483543275091425,1.0,0.0044074074074074016,1.1888888888888884,0.05234757617525433,0.1209563994374121,0.1588785046728969,0.4641879994582148
frozenset({'Question Complexity=High'}),frozenset({'Presales Category=Migration Assessment'}),0.7666666666666667,0.11888888888888889,0.09555555555555556,0.12463768115942028,1.0483543275091425,1.0,0.0044074074074074016,1.0065673289183223,0.19767441860465093,0.1209563994374121,0.006524480508799814,0.4641879994582148
frozenset({'Knowledge Gap=Public Documentation | Architecture Blueprint | Methodology | SME'}),frozenset({'Presales Category=Migration Assessment'}),0.45666666666666667,0.11888888888888889,0.09222222222222222,0.20194647201946472,1.698615185210451,1.0,0.037929629629629626,1.1040752032520325,0.7569665163722373,0.1908045977011494,0.09426459623898897,0.48882370329945196
frozenset({'Presales Category=Migration Assessment'}),frozenset({'Knowledge Gap=Public Documentation | Architecture Blueprint | Methodology | SME'}),0.11888888888888889,0.45666666666666667,0.09222222222222222,0.7757009345794392,1.698615185210451,1.0,0.037929629629629626,2.422361111111111,0.4667801090870417,0.1908045977011494,0.587179634195287,0.48882370329945196
frozenset({'Question Type=Architecture'}),frozenset({'Question Intent=Determine implementation approach'}),0.3522222222222222,0.24444444444444444,0.09,0.2555205047318612,1.0453111557212504,1.0,0.0039012345679012295,1.0148775894538606,0.0669165449039662,0.1776315789473684,0.014659491556875156,0.31185116145683967
frozenset({'Question Intent=Determine implementation approach'}),frozenset({'Question Type=Architecture'}),0.24444444444444444,0.3522222222222222,0.09,0.36818181818181817,1.0453111557212504,1.0,0.0039012345679012295,1.025259792166267,0.05737109658678279,0.1776315789473684,0.024637455169187576,0.31185116145683967
frozenset({'Presales Category=Solution Architecture'}),frozenset({'Knowledge Gap=Public Documentation'}),0.4588888888888889,0.1622222222222222,0.08555555555555555,0.18644067796610167,1.1492918504759693,1.0,0.011113580246913585,1.0297685185185184,0.2400597349262648,0.15975103734439833,0.028907971047070973,0.3569189691200371
frozenset({'Knowledge Gap=Public Documentation'}),frozenset({'Presales Category=Solution Architecture'}),0.1622222222222222,0.4588888888888889,0.08555555555555555,0.5273972602739726,1.1492918504759693,1.0,0.011113580246913585,1.1449597423510467,0.1550518447070172,0.15975103734439833,0.12660684650220808,0.3569189691200371
frozenset({'Business Capability=Enterprise data and analytics'}),frozenset({'Question Complexity=High'}),0.08444444444444445,0.7666666666666667,0.08444444444444445,1.0,1.3043478260869565,1.0,0.019703703703703696,inf,0.2548543689320387,0.11014492753623188,1.0,0.5550724637681159
frozenset({'Question Complexity=High'}),frozenset({'Business Capability=Enterprise data and analytics'}),0.7666666666666667,0.08444444444444445,0.08444444444444445,0.11014492753623188,1.3043478260869565,1.0,0.019703703703703696,1.0288816503800218,0.9999999999999998,0.11014492753623188,0.02807091599831152,0.5550724637681159
frozenset({'Knowledge Gap=Public Documentation'}),frozenset({'Question Intent=Understand capability / terminology'}),0.1622222222222222,0.20555555555555555,0.08333333333333333,0.5136986301369864,2.4990744168826367,1.0,0.04998765432098765,1.633646322378717,0.7160035366931919,0.29296875,0.38787240157103176,0.45955201777119586
frozenset({'Question Intent=Understand capability / terminology'}),frozenset({'Knowledge Gap=Public Documentation'}),0.20555555555555555,0.1622222222222222,0.08333333333333333,0.4054054054054054,2.499074416882636,1.0,0.04998765432098765,1.4089898989898988,0.7550582750582749,0.29296875,0.2902717040648075,0.45955201777119586
frozenset({'Question Intent=Request presales guidance'}),frozenset({'Knowledge Gap=Public Documentation | Governance Framework | Risk Register | SME'}),0.40444444444444444,0.2111111111111111,0.08333333333333333,0.20604395604395603,0.9759976865240023,1.0,-0.002049382716049389,0.9936178392925796,-0.03965599617773543,0.15657620041753656,-0.006423154310478267,0.3003903990746096
frozenset({'Knowledge Gap=Public Documentation | Governance Framework | Risk Register | SME'}),frozenset({'Question Intent=Request presales guidance'}),0.2111111111111111,0.40444444444444444,0.08333333333333333,0.39473684210526316,0.9759976865240023,1.0,-0.002049382716049389,0.9839613526570049,-0.0302312875614643,0.15657620041753656,-0.016300078554595424,0.3003903990746096
frozenset({'Question Intent=Understand capability / terminology'}),"frozenset({'Business Capability=Risk, compliance and identity control'})",0.20555555555555555,0.4166666666666667,0.08,0.3891891891891892,0.9340540540540541,1.0,-0.005648148148148152,0.9550147492625368,-0.08161626973508168,0.14754098360655737,-0.047104247104247106,0.2905945945945946
"frozenset({'Business Capability=Risk, compliance and identity control'})",frozenset({'Question Intent=Understand capability / terminology'}),0.4166666666666667,0.20555555555555555,0.08,0.192,0.9340540540540541,1.0,-0.005648148148148152,0.9832233223322332,-0.1079646017699116,0.14754098360655737,-0.017062937062937045,0.2905945945945946
frozenset({'Question Type=Best Practice'}),"frozenset({'Business Capability=Risk, compliance and identity control'})",0.15,0.4166666666666667,0.07777777777777778,0.5185185185185186,1.2444444444444447,1.0,0.015277777777777779,1.2115384615384617,0.23109243697478996,0.1590909090909091,0.17460317460317473,0.3525925925925926
"frozenset({'Business Capability=Risk, compliance and identity control'})",frozenset({'Question Type=Best Practice'}),0.4166666666666667,0.15,0.07777777777777778,0.18666666666666668,1.2444444444444445,1.0,0.015277777777777779,1.0450819672131146,0.33673469387755106,0.1590909090909091,0.043137254901960805,0.3525925925925926
frozenset({'Presales Category=Solution Architecture'}),frozenset({'Question Type=Best Practice'}),0.4588888888888889,0.15,0.07777777777777778,0.1694915254237288,1.1299435028248588,1.0,0.00894444444444445,1.023469387755102,0.2125256673511295,0.14644351464435149,0.022931206380857425,0.3440050219711237
frozenset({'Question Type=Best Practice'}),frozenset({'Presales Category=Solution Architecture'}),0.15,0.4588888888888889,0.07777777777777778,0.5185185185185186,1.129943502824859,1.0,0.00894444444444445,1.123846153846154,0.1352941176470589,0.14644351464435149,0.1101984941820672,0.3440050219711237
frozenset({'Question Intent=Request presales guidance'}),frozenset({'Question Complexity=Medium'}),0.40444444444444444,0.1811111111111111,0.07777777777777778,0.19230769230769232,1.0618216139688532,1.0,0.004528395061728391,1.0138624338624338,0.09776119402985065,0.1531728665207877,0.013672894269909208,0.3108777725342143
frozenset({'Question Complexity=Medium'}),frozenset({'Question Intent=Request presales guidance'}),0.1811111111111111,0.40444444444444444,0.07777777777777778,0.4294478527607362,1.0618216139688532,1.0,0.004528395061728391,1.0438231780167264,0.07109905020352775,0.1531728665207877,0.041983334859445144,0.3108777725342143
frozenset({'Question Type=Commercial / Pricing'}),"frozenset({'Business Capability=Risk, compliance and identity control'})",0.19333333333333333,0.4166666666666667,0.07444444444444444,0.3850574712643678,0.9241379310344826,1.0,-0.006111111111111123,0.9485981308411212,-0.09236453201970461,0.13900414937759334,-0.05418719211822669,0.28186206896551724
"frozenset({'Business Capability=Risk, compliance and identity control'})",frozenset({'Question Type=Commercial / Pricing'}),0.4166666666666667,0.19333333333333333,0.07444444444444444,0.17866666666666664,0.9241379310344826,1.0,-0.006111111111111123,0.9821428571428571,-0.12336448598130864,0.13900414937759334,-0.01818181818181821,0.28186206896551724
frozenset({'Question Intent=Determine implementation approach'}),frozenset({'Knowledge Gap=Public Documentation | Governance Framework | Risk Register | SME'}),0.24444444444444444,0.2111111111111111,0.07333333333333333,0.3,1.4210526315789473,1.0,0.021728395061728398,1.126984126984127,0.3921568627450981,0.19186046511627905,0.11267605633802816,0.3236842105263158
frozenset({'Knowledge Gap=Public Documentation | Governance Framework | Risk Register | SME'}),frozenset({'Question Intent=Determine implementation approach'}),0.2111111111111111,0.24444444444444444,0.07333333333333333,0.3473684210526316,1.4210526315789476,1.0,0.021728395061728398,1.157706093189964,0.375586854460094,0.19186046511627905,0.1362229102167183,0.3236842105263158
frozenset({'Question Intent=Determine implementation approach'}),frozenset({'Presales Category=Security & Compliance'}),0.24444444444444444,0.24666666666666667,0.07222222222222222,0.2954545454545454,1.1977886977886976,1.0,0.011925925925925916,1.0692473118279568,0.21855203619909486,0.17241379310344826,0.06476267095736116,0.29412366912366905
frozenset({'Presales Category=Security & Compliance'}),frozenset({'Question Intent=Determine implementation approach'}),0.24666666666666667,0.24444444444444444,0.07222222222222222,0.29279279279279274,1.1977886977886976,1.0,0.011925925925925916,1.068365180467091,0.2191967324710686,0.17241379310344826,0.06399046104928453,0.29412366912366905
frozenset({'Question Type=Architecture'}),frozenset({'Question Intent=Understand capability / terminology'}),0.3522222222222222,0.20555555555555555,0.07111111111111111,0.20189274447949526,0.9821809190894365,1.0,-0.0012901234567901237,0.9954106280193237,-0.027244049326068265,0.14611872146118723,-0.004610531424411547,0.2739193452127206
frozenset({'Question Intent=Understand capability / terminology'}),frozenset({'Question Type=Architecture'}),0.20555555555555555,0.3522222222222222,0.07111111111111111,0.34594594594594597,0.9821809190894365,1.0,-0.0012901234567901237,0.9904040404040404,-0.022326674500587552,0.14611872146118723,-0.009688934217236062,0.2739193452127206
frozenset({'Question Type=Commercial / Pricing'}),frozenset({'Presales Category=Solution Architecture'}),0.19333333333333333,0.4588888888888889,0.07,0.36206896551724144,0.789012273524255,1.0,-0.01871851851851851,0.8482282282282283,-0.2489655172413792,0.1202290076335878,-0.17892798980386596,0.2573056691992987
frozenset({'Presales Category=Solution Architecture'}),frozenset({'Question Type=Commercial / Pricing'}),0.4588888888888889,0.19333333333333333,0.07,0.15254237288135594,0.7890122735242548,1.0,-0.01871851851851851,0.9518666666666666,-0.330737517178195,0.1202290076335878,-0.05056730634542651,0.2573056691992987
frozenset({'Knowledge Gap=Public Documentation'}),frozenset({'Question Type=Architecture'}),0.1622222222222222,0.3522222222222222,0.06888888888888889,0.4246575342465754,1.2056523054319175,1.0,0.011750617283950625,1.125899470899471,0.20360229314623102,0.15461346633416456,0.11182123640123129,0.3101205652305432
frozenset({'Question Type=Architecture'}),frozenset({'Knowledge Gap=Public Documentation'}),0.3522222222222222,0.1622222222222222,0.06888888888888889,0.19558359621451105,1.2056523054319175,1.0,0.011750617283950625,1.0414727668845316,0.2633209760416092,0.15461346633416456,0.039821268691060945,0.3101205652305432
frozenset({'Knowledge Gap=Public Documentation | Commercial Model | Pricing Template | SME'}),"frozenset({'Business Capability=Risk, compliance and identity control'})",0.17,0.4166666666666667,0.06777777777777778,0.39869281045751637,0.9568627450980393,1.0,-0.0030555555555555614,0.9701086956521738,-0.0515174222555265,0.13062098501070665,-0.03081232492997198,0.2806797385620915
"frozenset({'Business Capability=Risk, compliance and identity control'})",frozenset({'Knowledge Gap=Public Documentation | Commercial Model | Pricing Template | SME'}),0.4166666666666667,0.17,0.06777777777777778,0.16266666666666668,0.9568627450980393,1.0,-0.0030555555555555614,0.9912420382165605,-0.07173913043478274,0.13062098501070665,-0.008835341365461845,0.2806797385620915
frozenset({'Business Capability=Hybrid connectivity and network foundation'}),frozenset({'Question Complexity=High'}),0.23,0.7666666666666667,0.06333333333333334,0.2753623188405797,0.3591682419659735,1.0,-0.113,0.32199999999999995,-0.6985369874304554,0.06785714285714287,-2.1055900621118018,0.1789855072463768
frozenset({'Question Complexity=High'}),frozenset({'Business Capability=Hybrid connectivity and network foundation'}),0.7666666666666667,0.23,0.06333333333333334,0.08260869565217391,0.3591682419659735,1.0,-0.113,0.8393364928909952,-0.8843478260869564,0.06785714285714287,-0.19141727837380013,0.1789855072463768
frozenset({'Presales Category=Solution Architecture'}),frozenset({'Knowledge Gap=Public Documentation | Commercial Model | Pricing Template | SME'}),0.4588888888888889,0.17,0.06333333333333334,0.13801452784503632,0.8118501637943312,1.0,-0.014677777777777776,0.9628932584269663,-0.29986380145278446,0.11198428290766209,-0.0385367134397153,0.25528177372643973
frozenset({'Knowledge Gap=Public Documentation | Commercial Model | Pricing Template | SME'}),frozenset({'Presales Category=Solution Architecture'}),0.17,0.4588888888888889,0.06333333333333334,0.37254901960784315,0.8118501637943313,1.0,-0.014677777777777776,0.8623958333333334,-0.21827495042960998,0.11198428290766209,-0.15956033337359585,0.25528177372643973
frozenset({'Question Intent=Request presales guidance'}),frozenset({'Knowledge Gap=Public Documentation'}),0.40444444444444444,0.1622222222222222,0.06,0.14835164835164835,0.9144964624416679,1.0,-0.00560987654320988,0.9837132616487455,-0.13569039655996187,0.11842105263157895,-0.016556387909173045,0.2591073310251393
frozenset({'Knowledge Gap=Public Documentation'}),frozenset({'Question Intent=Request presales guidance'}),0.1622222222222222,0.40444444444444444,0.06,0.36986301369863017,0.914496462441668,1.0,-0.00560987654320988,0.94512077294686,-0.1003977021652674,0.11842105263157895,-0.05806583520752395,0.2591073310251393
frozenset({'Question Intent=Request presales guidance'}),frozenset({'Question Type=Governance / Security'}),0.40444444444444444,0.13666666666666666,0.058888888888888886,0.1456043956043956,1.0653980166175288,1.0,0.0036148148148148138,1.010460878885316,0.10306955787102222,0.12211981566820276,0.010352581781153199,0.2882493522737425
frozenset({'Question Type=Governance / Security'}),frozenset({'Question Intent=Request presales guidance'}),0.13666666666666666,0.40444444444444444,0.058888888888888886,0.43089430894308944,1.0653980166175288,1.0,0.0036148148148148138,1.0464761904761906,0.07110075034603336,0.12211981566820276,0.04441208591190392,0.2882493522737425
frozenset({'Knowledge Gap=Public Documentation | Architecture Blueprint | Methodology | SME'}),frozenset({'Question Intent=Understand capability / terminology'}),0.45666666666666667,0.20555555555555555,0.057777777777777775,0.1265206812652068,0.6155060169658709,1.0,-0.03609259259259259,0.9095171773444755,-0.5348224576038636,0.09558823529411764,-0.09948445714869072,0.20380088117314393
frozenset({'Question Intent=Understand capability / terminology'}),frozenset({'Knowledge Gap=Public Documentation | Architecture Blueprint | Methodology | SME'}),0.20555555555555555,0.45666666666666667,0.057777777777777775,0.2810810810810811,0.615506016965871,1.0,-0.03609259259259259,0.755764411027569,-0.44018670481066025,0.09558823529411764,-0.32316365445199796,0.20380088117314393
frozenset({'Knowledge Gap=Public Documentation'}),"frozenset({'Business Capability=Risk, compliance and identity control'})",0.1622222222222222,0.4166666666666667,0.056666666666666664,0.3493150684931507,0.8383561643835616,1.0,-0.01092592592592593,0.8964912280701754,-0.18708777270421112,0.10851063829787233,-0.11545988258317029,0.24265753424657532
"frozenset({'Business Capability=Risk, compliance and identity control'})",frozenset({'Knowledge Gap=Public Documentation'}),0.4166666666666667,0.1622222222222222,0.056666666666666664,0.13599999999999998,0.8383561643835615,1.0,-0.01092592592592593,0.9696502057613169,-0.24842105263157904,0.10851063829787233,-0.03129973474801062,0.24265753424657532
frozenset({'Question Type=Informational'}),frozenset({'Question Complexity=High'}),0.07222222222222222,0.7666666666666667,0.056666666666666664,0.7846153846153846,1.0234113712374582,1.0,0.0012962962962962954,1.083333333333333,0.024656569214512137,0.07244318181818181,0.07692307692307666,0.42926421404682275
frozenset({'Question Complexity=High'}),frozenset({'Question Type=Informational'}),0.7666666666666667,0.07222222222222222,0.056666666666666664,0.07391304347826086,1.0234113712374582,1.0,0.0012962962962962954,1.0018257694314032,0.09803921568627447,0.07244318181818181,0.0018224420723769812,0.42926421404682275
frozenset({'Question Intent=Request presales guidance'}),frozenset({'Presales Category=Migration Assessment'}),0.40444444444444444,0.11888888888888889,0.05333333333333334,0.13186813186813187,1.1091712026291465,1.0,0.005249382716049383,1.0149507735583685,0.1652674129353234,0.11347517730496455,0.014730540581738566,0.2902331313546267
frozenset({'Presales Category=Migration Assessment'}),frozenset({'Question Intent=Request presales guidance'}),0.11888888888888889,0.40444444444444444,0.05333333333333334,0.4485981308411215,1.1091712026291465,1.0,0.005249382716049383,1.0800753295668553,0.11170659941151746,0.11347517730496455,0.07413865253173385,0.2902331313546267
frozenset({'Presales Category=Security & Compliance'}),frozenset({'Question Intent=Understand capability / terminology'}),0.24666666666666667,0.20555555555555555,0.051111111111111114,0.2072072072072072,1.008035062089116,1.0,0.0004074074074074119,1.0020833333333334,0.010580992689496076,0.12742382271468145,0.002079002079002081,0.22792792792792793
frozenset({'Question Intent=Understand capability / terminology'}),frozenset({'Presales Category=Security & Compliance'}),0.20555555555555555,0.24666666666666667,0.051111111111111114,0.24864864864864866,1.008035062089116,1.0,0.0004074074074074119,1.0026378896882493,0.01003344481605362,0.12742382271468145,0.002630949533604411,0.22792792792792793
frozenset({'Question Intent=Understand capability / terminology'}),frozenset({'Business Capability=Hybrid connectivity and network foundation'}),0.20555555555555555,0.23,0.05,0.24324324324324326,1.0575793184488838,1.0,0.002722222222222223,1.0175,0.06853146853146855,0.12968299711815562,0.017199017199017202,0.23031727379553468
frozenset({'Business Capability=Hybrid connectivity and network foundation'}),frozenset({'Question Intent=Understand capability / terminology'}),0.23,0.20555555555555555,0.05,0.21739130434782608,1.0575793184488838,1.0,0.002722222222222223,1.0151234567901235,0.07070707070707072,0.12968299711815562,0.014898145332927944,0.23031727379553468
frozenset({'Question Type=Commercial / Pricing'}),frozenset({'Question Intent=Understand capability / terminology'}),0.19333333333333333,0.20555555555555555,0.05,0.25862068965517243,1.2581547064305687,1.0,0.010259259259259267,1.071576227390181,0.25436179981634544,0.14331210191082805,0.06679527369182545,0.25093196644920784
frozenset({'Question Intent=Understand capability / terminology'}),frozenset({'Question Type=Commercial / Pricing'}),0.20555555555555555,0.19333333333333333,0.05,0.24324324324324326,1.2581547064305687,1.0,0.010259259259259267,1.0659523809523808,0.2582750582750584,0.14331210191082805,0.061871789144516444,0.25093196644920784
